experiment,donor,genotype,condition,forskolin_concentration_µM,swelling.mean,swelling.sd,swelling.n
20220911_DIS3_plate008,PDIO_01,A46D/A46D,DMSO,0,1.3719452215653742,0.3985623650894123,42
20220911_DIS3_plate008,PDIO_01,A46D/A46D,DMSO,0.128,1.5031600709360746,0.2482661169531593,44
20220911_DIS3_plate008,PDIO_01,A46D/A46D,VX445_VX661_VX770,0,2.9556347870867543,0.784092654157983,40
20220911_DIS3_plate008,PDIO_01,A46D/A46D,VX445_VX661_VX770,0.128,3.2252790455629627,1.1911727308039015,46
20220911_DIS3_plate008,PDIO_01,A46D/A46D,VX661_VX770,0,1.514403081331267,0.2734367510571731,40
20220911_DIS3_plate008,PDIO_01,A46D/A46D,VX661_VX770,0.128,1.641520428091476,0.2817991818725963,39
20220911_DIS3_plate008,PDIO_10,F508del/F508del,DMSO,0,1.0009068268442716,0.24487058348394058,46
20220911_DIS3_plate008,PDIO_10,F508del/F508del,DMSO,0.128,1.0265740946770785,0.2494565232398874,57
20220911_DIS3_plate008,PDIO_10,F508del/F508del,VX445_VX661_VX770,0,2.44617488338763,0.745987441298737,63
20220911_DIS3_plate008,PDIO_10,F508del/F508del,VX445_VX661_VX770,0.128,2.9671494751603724,0.783999783984045,66
20220911_DIS3_plate008,PDIO_10,F508del/F508del,VX661_VX770,0,1.2311367759677185,0.3276867424344934,67
20220911_DIS3_plate008,PDIO_10,F508del/F508del,VX661_VX770,0.128,1.2588224853659078,0.27276640355917714,62
20221013_DIS3_plate001,PDIO_04,F508del/X,DMSO,0,1.357125543724942,0.344415032609358,126
20221013_DIS3_plate001,PDIO_04,F508del/X,VX445_VX661_VX770,0,2.526661770932935,0.7172206081660946,102
20221013_DIS3_plate001,PDIO_04,F508del/X,VX445_VX661_VX770,0.128,3.205876116874488,1.0075040338869874,101
20221013_DIS3_plate001,PDIO_04,F508del/X,VX661_VX770,0,1.3761257738671275,0.209473203739229,94
20221013_DIS3_plate001,PDIO_04,F508del/X,VX661_VX770,0.128,1.5344645842173037,0.25030998551862715,61
20221013_DIS3_plate001,PDIO_17,X/X,DMSO,0,1.3496604316974261,0.24924429243151416,196
20221013_DIS3_plate001,PDIO_17,X/X,VX445_VX661_VX770,0,1.3204090633874601,0.21060021374445514,77
20221013_DIS3_plate001,PDIO_17,X/X,VX445_VX661_VX770,0.128,1.443867033091026,0.3057246822948096,95
20221013_DIS3_plate001,PDIO_17,X/X,VX661_VX770,0,1.4308169708717418,0.26121473155245284,90
20221013_DIS3_plate001,PDIO_17,X/X,VX661_VX770,0.128,1.4343995396382745,0.30604063764791445,94
20221013_DIS3_plate001,PDIO_18,X/X,DMSO,0,1.4179595567345664,0.2644965657073212,176
20221013_DIS3_plate001,PDIO_18,X/X,VX445_VX661_VX770,0,1.280096134404215,0.17796903569805542,111
20221013_DIS3_plate001,PDIO_18,X/X,VX445_VX661_VX770,0.128,1.4218643758570735,0.3124820291486001,100
20221013_DIS3_plate001,PDIO_18,X/X,VX661_VX770,0,1.3041383780578548,0.255841712075122,103
20221013_DIS3_plate001,PDIO_18,X/X,VX661_VX770,0.128,1.3949355622309418,0.2738459184276896,102
20221013_DIS3_plate001,PDIO_19,X/X,DMSO,0,1.3269307327936166,0.18514988139508506,186
20221013_DIS3_plate001,PDIO_19,X/X,VX445_VX661_VX770,0,1.3359127382127896,0.24389220070399517,102
20221013_DIS3_plate001,PDIO_19,X/X,VX445_VX661_VX770,0.128,1.930641027565031,0.6403522264808416,98
20221013_DIS3_plate001,PDIO_19,X/X,VX661_VX770,0,1.297226173610104,0.20683676593763103,90
20221013_DIS3_plate001,PDIO_19,X/X,VX661_VX770,0.128,1.343468884133703,0.2364030329997341,91
20221013_DIS3_plate001,PDOI_02,N1303K/c.3035A>C,DMSO,0,1.3040791247941768,0.24940477076726028,137
20221013_DIS3_plate001,PDOI_02,N1303K/c.3035A>C,VX445_VX661_VX770,0,2.1998154619344144,0.6719379488078258,79
20221013_DIS3_plate001,PDOI_02,N1303K/c.3035A>C,VX445_VX661_VX770,0.128,2.3614737150095437,1.007038340648569,87
20221013_DIS3_plate001,PDOI_02,N1303K/c.3035A>C,VX661_VX770,0,2.0457161955553707,0.4888174091590619,88
20221013_DIS3_plate001,PDOI_02,N1303K/c.3035A>C,VX661_VX770,0.128,2.414647119369358,0.8275028719636233,80
20221019_DIS3_plate002,PDIO_04,F508del/X,DMSO,0,1.5250345885266092,0.27381597273277974,172
20221019_DIS3_plate002,PDIO_04,F508del/X,VX445_VX661_VX770,0,2.4140578673553934,0.5550226095583887,85
20221019_DIS3_plate002,PDIO_04,F508del/X,VX445_VX661_VX770,0.128,3.3110751424306035,0.8702084291517803,85
20221019_DIS3_plate002,PDIO_04,F508del/X,VX661_VX770,0,1.517900303542353,0.26020895953051215,71
20221019_DIS3_plate002,PDIO_04,F508del/X,VX661_VX770,0.128,1.4233846049965038,0.22503304506644814,71
20221019_DIS3_plate002,PDIO_17,X/X,DMSO,0,1.425169264437517,0.25485321233598923,112
20221019_DIS3_plate002,PDIO_17,X/X,VX445_VX661_VX770,0,1.441052056670538,0.24803889910396926,73
20221019_DIS3_plate002,PDIO_17,X/X,VX445_VX661_VX770,0.128,1.538556179708211,0.21130422665054252,61
20221019_DIS3_plate002,PDIO_17,X/X,VX661_VX770,0,1.4041153847087868,0.24050649578115582,44
20221019_DIS3_plate002,PDIO_17,X/X,VX661_VX770,0.128,1.523034396585717,0.20189331084544387,60
20221019_DIS3_plate002,PDIO_18,X/X,DMSO,0,1.3686816610161394,0.22493151628832977,148
20221019_DIS3_plate002,PDIO_18,X/X,VX445_VX661_VX770,0,1.4741898910700968,0.21983917260080846,87
20221019_DIS3_plate002,PDIO_18,X/X,VX445_VX661_VX770,0.128,1.4932214793439091,0.20489386147895014,67
20221019_DIS3_plate002,PDIO_18,X/X,VX661_VX770,0,1.4094769045357052,0.2215123090824927,73
20221019_DIS3_plate002,PDIO_18,X/X,VX661_VX770,0.128,1.4499428038403304,0.25860083126707617,73
20221019_DIS3_plate002,PDIO_19,X/X,DMSO,0,1.4519300158736823,0.2709316189482567,87
20221019_DIS3_plate002,PDIO_19,X/X,VX445_VX661_VX770,0,1.433784619672395,0.2502594053762098,81
20221019_DIS3_plate002,PDIO_19,X/X,VX445_VX661_VX770,0.128,1.9827933445453088,0.7572795130992598,81
20221019_DIS3_plate002,PDIO_19,X/X,VX661_VX770,0,1.451337565269486,0.22678241738078841,62
20221019_DIS3_plate002,PDIO_19,X/X,VX661_VX770,0.128,1.4675084591658774,0.24073324794357745,80
20221019_DIS3_plate002,PDOI_02,N1303K/c.3035A>C,DMSO,0,1.248547771490564,0.17147491450279162,149
20221019_DIS3_plate002,PDOI_02,N1303K/c.3035A>C,VX445_VX661_VX770,0,2.4993434026248664,0.6339186615309047,105
20221019_DIS3_plate002,PDOI_02,N1303K/c.3035A>C,VX445_VX661_VX770,0.128,2.3207206591855436,0.7846849484616916,86
20221019_DIS3_plate002,PDOI_02,N1303K/c.3035A>C,VX661_VX770,0,2.1134481592235255,0.43064593538035356,87
20221019_DIS3_plate002,PDOI_02,N1303K/c.3035A>C,VX661_VX770,0.128,2.4832920936806566,0.6382121050219204,68
20221020_DIS3_plate003,PDIO_04,F508del/X,DMSO,0,1.1865236456105588,0.2847201116722391,74
20221020_DIS3_plate003,PDIO_04,F508del/X,DMSO,0.128,1.3529841900356643,0.2107217703314458,42
20221020_DIS3_plate003,PDIO_04,F508del/X,VX445_VX661_VX770,0,1.5797197021486313,0.5850563963919793,70
20221020_DIS3_plate003,PDIO_04,F508del/X,VX445_VX661_VX770,0.128,2.613711039380163,0.813295718782165,37
20221020_DIS3_plate003,PDIO_04,F508del/X,VX661_VX770,0,1.0528587989719114,0.3206505186001468,68
20221020_DIS3_plate003,PDIO_04,F508del/X,VX661_VX770,0.128,1.2633047955169658,0.20486635270053868,53
20221020_DIS3_plate003,PDIO_17,X/X,DMSO,0,1.0832168502227535,0.44841650384673903,52
20221020_DIS3_plate003,PDIO_17,X/X,DMSO,0.128,0.9560899772689295,0.35347682455066626,81
20221020_DIS3_plate003,PDIO_17,X/X,VX445_VX661_VX770,0,1.263530775057242,0.3322450171768071,73
20221020_DIS3_plate003,PDIO_17,X/X,VX445_VX661_VX770,0.128,1.4620542459845816,0.266707651344027,45
20221020_DIS3_plate003,PDIO_17,X/X,VX661_VX770,0,1.0282980991545352,0.34802130374281415,62
20221020_DIS3_plate003,PDIO_17,X/X,VX661_VX770,0.128,1.3502672721816034,0.17659708180112318,49
20221020_DIS3_plate003,PDIO_18,X/X,DMSO,0,1.0383534408684134,0.2603020602404283,53
20221020_DIS3_plate003,PDIO_18,X/X,DMSO,0.128,0.9932597545024948,0.4284526127387836,64
20221020_DIS3_plate003,PDIO_18,X/X,VX445_VX661_VX770,0,1.184096897861916,0.21020757888574915,32
20221020_DIS3_plate003,PDIO_18,X/X,VX445_VX661_VX770,0.128,1.2891425270177612,0.2605942185559644,67
20221020_DIS3_plate003,PDIO_18,X/X,VX661_VX770,0,1.2371350114268427,0.20216905626799442,54
20221020_DIS3_plate003,PDIO_18,X/X,VX661_VX770,0.128,1.1427565827647337,0.32854613168977953,79
20221020_DIS3_plate003,PDIO_19,X/X,DMSO,0,1.1458321277327184,0.29073649299099485,79
20221020_DIS3_plate003,PDIO_19,X/X,DMSO,0.128,1.202302807657565,0.2011314718243336,33
20221020_DIS3_plate003,PDIO_19,X/X,VX445_VX661_VX770,0,1.0573198462493587,0.2421189619150233,62
20221020_DIS3_plate003,PDIO_19,X/X,VX661_VX770,0,1.1208249053803736,0.2554698436236949,51
20221020_DIS3_plate003,PDOI_02,N1303K/c.3035A>C,DMSO,0,1.1788987877064587,0.20601838540253636,56
20221020_DIS3_plate003,PDOI_02,N1303K/c.3035A>C,DMSO,0.128,1.450907806255769,0.37936461827917645,82
20221020_DIS3_plate003,PDOI_02,N1303K/c.3035A>C,VX445_VX661_VX770,0,1.755082594533965,0.34179569659866765,46
20221020_DIS3_plate003,PDOI_02,N1303K/c.3035A>C,VX445_VX661_VX770,0.128,1.7428077441461007,0.6849879413870114,97
20221020_DIS3_plate003,PDOI_02,N1303K/c.3035A>C,VX661_VX770,0,1.4091561093672746,0.4242689142539051,82
20221020_DIS3_plate003,PDOI_02,N1303K/c.3035A>C,VX661_VX770,0.128,1.4997044390170002,0.4694931777800013,102
20221020_DIS3_plate004,PDIO_12,F508del/S1251N,DMSO,0,1.1723029756791707,0.3188594749726303,74
20221020_DIS3_plate004,PDIO_12,F508del/S1251N,DMSO,0.128,1.1895614182010328,0.3434782535560451,94
20221020_DIS3_plate004,PDIO_12,F508del/S1251N,VX445_VX661_VX770,0,2.216918913281819,1.0274881776813751,68
20221020_DIS3_plate004,PDIO_12,F508del/S1251N,VX445_VX661_VX770,0.128,2.2539113647582596,1.1010632452376405,73
20221020_DIS3_plate004,PDIO_12,F508del/S1251N,VX661_VX770,0,1.3976128692288343,0.45492121705493876,105
20221020_DIS3_plate004,PDIO_12,F508del/S1251N,VX661_VX770,0.128,2.1580220847654226,1.0183043160985152,73
20221020_DIS3_plate004,PDIO_13,F508del/S1251N,DMSO,0,1.3730869881255228,0.3491585009226866,49
20221020_DIS3_plate004,PDIO_13,F508del/S1251N,DMSO,0.128,1.2541075664080432,0.3420409742461497,65
20221020_DIS3_plate004,PDIO_13,F508del/S1251N,VX445_VX661_VX770,0,1.6007801532098584,0.710155835739857,73
20221020_DIS3_plate004,PDIO_13,F508del/S1251N,VX445_VX661_VX770,0.128,2.1162619949861323,1.0750147582719491,53
20221020_DIS3_plate004,PDIO_13,F508del/S1251N,VX661_VX770,0,1.2399203963922065,0.3227746800379664,55
20221020_DIS3_plate004,PDIO_13,F508del/S1251N,VX661_VX770,0.128,2.123281429433497,1.140444679189386,56
20221020_DIS3_plate004,PDIO_14,F508del/S1251N,DMSO,0,1.0152265946333547,0.3891808259004191,61
20221020_DIS3_plate004,PDIO_14,F508del/S1251N,DMSO,0.128,1.222026975065356,0.373861414388988,49
20221020_DIS3_plate004,PDIO_14,F508del/S1251N,VX445_VX661_VX770,0,2.485366051535407,1.1308250579672625,44
20221020_DIS3_plate004,PDIO_14,F508del/S1251N,VX445_VX661_VX770,0.128,2.0359162922063856,1.0020738050684126,55
20221020_DIS3_plate004,PDIO_14,F508del/S1251N,VX661_VX770,0,1.4080914933288717,0.3411894287349459,39
20221020_DIS3_plate004,PDIO_14,F508del/S1251N,VX661_VX770,0.128,2.5200258542763314,1.4259208148900335,45
20221020_DIS3_plate004,PDIO_15,F508del/R117H,DMSO,0,1.101324411669636,0.30089779911409914,76
20221020_DIS3_plate004,PDIO_15,F508del/R117H,DMSO,0.128,1.6794021798946055,0.6771989823162696,90
20221020_DIS3_plate004,PDIO_15,F508del/R117H,VX445_VX661_VX770,0,2.2091368390577593,0.928423373022352,65
20221020_DIS3_plate004,PDIO_15,F508del/R117H,VX445_VX661_VX770,0.128,2.46375395787369,1.0634067735894668,67
20221020_DIS3_plate004,PDIO_15,F508del/R117H,VX661_VX770,0,2.118802294821706,0.9266144475984879,78
20221020_DIS3_plate004,PDIO_15,F508del/R117H,VX661_VX770,0.128,2.2029045366207383,0.9577417935861695,88
20221020_DIS3_plate004,PDIO_16,F508del/R117H,DMSO,0,1.1539891153914228,0.3824549056222548,57
20221020_DIS3_plate004,PDIO_16,F508del/R117H,DMSO,0.128,1.7145166496111588,0.7451600111161474,79
20221020_DIS3_plate004,PDIO_16,F508del/R117H,VX445_VX661_VX770,0,1.7204880407334986,0.7218013356653711,68
20221020_DIS3_plate004,PDIO_16,F508del/R117H,VX445_VX661_VX770,0.128,1.667019198758249,0.7880652878078135,98
20221020_DIS3_plate004,PDIO_16,F508del/R117H,VX661_VX770,0,1.540000046633759,0.5884008622798762,84
20221020_DIS3_plate004,PDIO_16,F508del/R117H,VX661_VX770,0.128,2.047877789065909,0.9218508702318468,70
20221026_DIS3_plate005,PDIO_11,F508del/F508del,DMSO,0,1.615832230922099,0.34004317173955007,47
20221026_DIS3_plate005,PDIO_11,F508del/F508del,DMSO,0.128,1.649358728320793,0.252128595769626,54
20221026_DIS3_plate005,PDIO_11,F508del/F508del,VX445_VX661_VX770,0,3.004834793134624,0.5946997647898848,55
20221026_DIS3_plate005,PDIO_11,F508del/F508del,VX661_VX770,0,1.6402085339759724,0.2423725868677063,49
20221026_DIS3_plate005,PDIO_11,F508del/F508del,VX661_VX770,0.128,1.5913288722775079,0.15824178754186366,50
20221026_DIS3_plate005,PDIO_12,F508del/S1251N,DMSO,0,1.4349710009496783,0.25902344775458824,62
20221026_DIS3_plate005,PDIO_12,F508del/S1251N,DMSO,0.128,1.5367194009737892,0.2363371282302166,66
20221026_DIS3_plate005,PDIO_12,F508del/S1251N,VX445_VX661_VX770,0,3.0086507162182072,0.9895338291726083,63
20221026_DIS3_plate005,PDIO_12,F508del/S1251N,VX445_VX661_VX770,0.128,3.1672282859700807,1.0671694407267704,75
20221026_DIS3_plate005,PDIO_12,F508del/S1251N,VX661_VX770,0,1.8149013349368615,0.5387356566714983,56
20221026_DIS3_plate005,PDIO_12,F508del/S1251N,VX661_VX770,0.128,3.1050835005772877,1.0087446858242815,66
20221026_DIS3_plate005,PDIO_13,F508del/S1251N,DMSO,0,1.5280284283977017,0.21987170151593027,84
20221026_DIS3_plate005,PDIO_13,F508del/S1251N,DMSO,0.128,1.5405436777948223,0.25983694079144515,59
20221026_DIS3_plate005,PDIO_13,F508del/S1251N,VX445_VX661_VX770,0,2.5737203744204074,0.7407861453634642,96
20221026_DIS3_plate005,PDIO_13,F508del/S1251N,VX445_VX661_VX770,0.128,2.93820291384091,1.202892541926858,82
20221026_DIS3_plate005,PDIO_13,F508del/S1251N,VX661_VX770,0,1.6562909186842114,0.2968492169189139,94
20221026_DIS3_plate005,PDIO_13,F508del/S1251N,VX661_VX770,0.128,2.6248772580711925,0.7499591139705811,86
20221026_DIS3_plate005,PDIO_14,F508del/S1251N,DMSO,0,2.181839353764465,0.9846931566210985,34
20221026_DIS3_plate005,PDIO_14,F508del/S1251N,DMSO,0.128,1.549390224278664,0.2645132682780523,42
20221026_DIS3_plate005,PDIO_14,F508del/S1251N,VX445_VX661_VX770,0,3.0218293279948596,0.9805323329430607,74
20221026_DIS3_plate005,PDIO_14,F508del/S1251N,VX445_VX661_VX770,0.128,3.3154218397489688,1.1442019785511885,75
20221026_DIS3_plate005,PDIO_14,F508del/S1251N,VX661_VX770,0,1.8621477204475836,0.41586217814380066,78
20221026_DIS3_plate005,PDIO_14,F508del/S1251N,VX661_VX770,0.128,3.1832493025682336,0.9477779772199728,64
20221026_DIS3_plate005,PDIO_15,F508del/R117H,DMSO,0,1.4706017438893888,0.2810896845825466,57
20221026_DIS3_plate005,PDIO_15,F508del/R117H,DMSO,0.128,2.374378509894296,0.6499860407066143,60
20221026_DIS3_plate005,PDIO_15,F508del/R117H,VX445_VX661_VX770,0,2.866879757101812,0.7697903784205397,51
20221026_DIS3_plate005,PDIO_15,F508del/R117H,VX445_VX661_VX770,0.128,3.1786328622133704,1.2031732606251266,61
20221026_DIS3_plate005,PDIO_15,F508del/R117H,VX661_VX770,0,2.7217419975897066,0.8534656019825708,66
20221026_DIS3_plate005,PDIO_15,F508del/R117H,VX661_VX770,0.128,3.237798597461612,1.2305598297454268,57
20221026_DIS3_plate005,PDIO_16,F508del/R117H,DMSO,0,1.4767916566851529,0.24873466989088563,61
20221026_DIS3_plate005,PDIO_16,F508del/R117H,DMSO,0.128,2.0389049974337894,0.6405585278568505,68
20221026_DIS3_plate005,PDIO_16,F508del/R117H,VX445_VX661_VX770,0,2.5911426969641735,0.764759991703586,81
20221026_DIS3_plate005,PDIO_16,F508del/R117H,VX445_VX661_VX770,0.128,2.7098000337362325,0.9445986302036524,71
20221026_DIS3_plate005,PDIO_16,F508del/R117H,VX661_VX770,0,2.4754304124806144,0.9758385753235652,81
20221026_DIS3_plate005,PDIO_16,F508del/R117H,VX661_VX770,0.128,2.916951585083481,0.9697415710821218,87
20221027_DIS3_plate006,PDIO_11,F508del/F508del,DMSO,0,1.4693268683989007,0.22812600401580008,58
20221027_DIS3_plate006,PDIO_11,F508del/F508del,DMSO,0.128,1.6839271263227837,0.3018957079149772,53
20221027_DIS3_plate006,PDIO_11,F508del/F508del,VX445_VX661_VX770,0,2.6653956444715803,0.8669182102828619,58
20221027_DIS3_plate006,PDIO_11,F508del/F508del,VX445_VX661_VX770,0.128,3.0165630616182773,0.7707469601105161,63
20221027_DIS3_plate006,PDIO_11,F508del/F508del,VX661_VX770,0,1.5665918607591993,0.3472321687373884,59
20221027_DIS3_plate006,PDIO_11,F508del/F508del,VX661_VX770,0.128,1.6049036012422282,0.36560782273803993,41
20221027_DIS3_plate006,PDIO_12,F508del/S1251N,DMSO,0,1.540481777689228,0.36472245213202714,60
20221027_DIS3_plate006,PDIO_12,F508del/S1251N,DMSO,0.128,1.61647286507408,0.26758332879450486,58
20221027_DIS3_plate006,PDIO_12,F508del/S1251N,VX445_VX661_VX770,0,3.0469580216656653,0.9761426750831724,73
20221027_DIS3_plate006,PDIO_12,F508del/S1251N,VX445_VX661_VX770,0.128,3.19578867497087,0.6914569364571675,47
20221027_DIS3_plate006,PDIO_12,F508del/S1251N,VX661_VX770,0,2.1108046474905353,0.408685320282227,69
20221027_DIS3_plate006,PDIO_12,F508del/S1251N,VX661_VX770,0.128,2.7891705042404062,0.9087425400301229,56
20221027_DIS3_plate006,PDIO_13,F508del/S1251N,DMSO,0,1.569073384578568,0.32283767532206076,46
20221027_DIS3_plate006,PDIO_13,F508del/S1251N,DMSO,0.128,1.6437430914483886,0.44706970192704987,51
20221027_DIS3_plate006,PDIO_13,F508del/S1251N,VX445_VX661_VX770,0,2.1697404099236612,0.7805599740168706,80
20221027_DIS3_plate006,PDIO_13,F508del/S1251N,VX445_VX661_VX770,0.128,2.499530859216321,0.6797761095869584,69
20221027_DIS3_plate006,PDIO_13,F508del/S1251N,VX661_VX770,0,1.6663716342599293,0.3886167058416192,82
20221027_DIS3_plate006,PDIO_13,F508del/S1251N,VX661_VX770,0.128,2.3459879105865733,0.7117735727862232,59
20221027_DIS3_plate006,PDIO_14,F508del/S1251N,DMSO,0,2.2948487323354207,1.0621255637812086,58
20221027_DIS3_plate006,PDIO_14,F508del/S1251N,DMSO,0.128,1.6383603615358027,0.22097659657401256,71
20221027_DIS3_plate006,PDIO_14,F508del/S1251N,VX445_VX661_VX770,0,2.873772731372092,0.7362809997548807,88
20221027_DIS3_plate006,PDIO_14,F508del/S1251N,VX445_VX661_VX770,0.128,3.1724052542066468,0.9551211370067997,77
20221027_DIS3_plate006,PDIO_14,F508del/S1251N,VX661_VX770,0,1.8755083690655487,0.47489271177257897,82
20221027_DIS3_plate006,PDIO_14,F508del/S1251N,VX661_VX770,0.128,2.91876783385157,1.2065346017157952,37
20221027_DIS3_plate006,PDIO_15,F508del/R117H,DMSO,0,1.5108159488193444,0.2521712683336486,56
20221027_DIS3_plate006,PDIO_15,F508del/R117H,DMSO,0.128,2.357452597851998,0.7107493917918294,60
20221027_DIS3_plate006,PDIO_15,F508del/R117H,VX445_VX661_VX770,0,2.518876661998213,1.0458090764626848,62
20221027_DIS3_plate006,PDIO_15,F508del/R117H,VX445_VX661_VX770,0.128,2.961139181823551,0.7175865447952222,42
20221027_DIS3_plate006,PDIO_15,F508del/R117H,VX661_VX770,0,2.5810038388150964,0.6694464338170435,75
20221027_DIS3_plate006,PDIO_15,F508del/R117H,VX661_VX770,0.128,3.1826467917378696,1.0386143963115078,52
20221027_DIS3_plate006,PDIO_16,F508del/R117H,DMSO,0,1.4152159413303413,0.32095400030722654,76
20221027_DIS3_plate006,PDIO_16,F508del/R117H,DMSO,0.128,2.1636174861745676,0.5797173429766503,89
20221027_DIS3_plate006,PDIO_16,F508del/R117H,VX445_VX661_VX770,0,2.6216551634854075,0.942493300702656,49
20221027_DIS3_plate006,PDIO_16,F508del/R117H,VX445_VX661_VX770,0.128,2.7536338115287404,0.7719031661807404,87
20221027_DIS3_plate006,PDIO_16,F508del/R117H,VX661_VX770,0,2.365165861658255,0.9100746038456966,54
20221027_DIS3_plate006,PDIO_16,F508del/R117H,VX661_VX770,0.128,2.751404769549945,0.9324140078636073,89
20221027_DIS3_plate007,PDIO_01,A46D/A46D,DMSO,0,1.4094619331927813,0.21598420048677475,39
20221027_DIS3_plate007,PDIO_01,A46D/A46D,DMSO,0.128,1.495396696906448,0.30389415418351046,45
20221027_DIS3_plate007,PDIO_01,A46D/A46D,VX445_VX661_VX770,0,2.2044016308658385,0.7557933830232088,65
20221027_DIS3_plate007,PDIO_01,A46D/A46D,VX445_VX661_VX770,0.128,2.5060751116308286,0.7928176705468754,45
20221027_DIS3_plate007,PDIO_01,A46D/A46D,VX661_VX770,0,1.6884186907049115,0.22370922244396677,34
20221027_DIS3_plate007,PDIO_01,A46D/A46D,VX661_VX770,0.128,1.9461997477639725,0.40341440195824646,48
20221215_DIS3_plate010,PDIO_12,F508del/S1251N,VX770,0,1.1650271822775717,0.3953016303793825,81
20221215_DIS3_plate010,PDIO_12,F508del/S1251N,VX770,0.128,1.8662324527762917,0.8816590079932665,112
20221215_DIS3_plate010,PDIO_13,F508del/S1251N,VX770,0,1.2037510105628033,0.2458223565535252,123
20221215_DIS3_plate010,PDIO_13,F508del/S1251N,VX770,0.128,1.8489563427409583,0.6758709655929085,126
20221215_DIS3_plate010,PDIO_14,F508del/S1251N,VX770,0,1.2674779075826232,0.4678525997256648,73
20221215_DIS3_plate010,PDIO_14,F508del/S1251N,VX770,0.128,2.8262768144158077,1.3192620713556233,74
20221215_DIS3_plate010,PDIO_15,F508del/R117H,VX770,0,1.6136863896718014,0.6334514672237408,145
20221215_DIS3_plate010,PDIO_15,F508del/R117H,VX770,0.128,2.201816203077273,1.1489231988232913,136
20221215_DIS3_plate010,PDIO_16,F508del/R117H,VX770,0,1.5519014310262664,0.5976855608366108,76
20221215_DIS3_plate010,PDIO_16,F508del/R117H,VX770,0.128,1.8361402100522741,0.7728104841969292,81
20221221_DIS3_plate011,PDIO_12,F508del/S1251N,VX770,0,1.325908594884799,0.43649009565021485,125
20221221_DIS3_plate011,PDIO_12,F508del/S1251N,VX770,0.128,2.061970673619916,0.9841511835755098,125
20221221_DIS3_plate011,PDIO_13,F508del/S1251N,VX770,0,1.1813700055787588,0.2850942945738508,118
20221221_DIS3_plate011,PDIO_13,F508del/S1251N,VX770,0.128,1.7333660745068586,0.718878544924751,126
20221221_DIS3_plate011,PDIO_14,F508del/S1251N,VX770,0,1.333869306948925,0.4826884509057089,65
20221221_DIS3_plate011,PDIO_14,F508del/S1251N,VX770,0.128,2.4742476391657826,1.2353117989052445,94
20221221_DIS3_plate011,PDIO_15,F508del/R117H,VX770,0,1.5488194684067507,0.6310080914888047,117
20221221_DIS3_plate011,PDIO_15,F508del/R117H,VX770,0.128,2.350813428823443,1.1471602707922235,122
20221221_DIS3_plate011,PDIO_16,F508del/R117H,VX770,0,1.3957857526488093,0.5335638399694878,67
20221221_DIS3_plate011,PDIO_16,F508del/R117H,VX770,0.128,2.384611298639516,0.8649655024331123,67
20221221_DIS3_plate012,PDIO_12,F508del/S1251N,VX770,0,1.4106992393703435,0.4950007904811594,144
20221221_DIS3_plate012,PDIO_12,F508del/S1251N,VX770,0.128,2.183841372651322,0.9761405480423346,137
20221221_DIS3_plate012,PDIO_13,F508del/S1251N,VX770,0,1.08474329510207,0.39106511091445395,96
20221221_DIS3_plate012,PDIO_13,F508del/S1251N,VX770,0.128,1.6049320287396902,0.6681003259434931,66
20221221_DIS3_plate012,PDIO_14,F508del/S1251N,VX770,0,1.4161797026689535,0.4673579690160472,70
20221221_DIS3_plate012,PDIO_14,F508del/S1251N,VX770,0.128,2.7327971249477945,1.0539752407557632,37
20221221_DIS3_plate012,PDIO_15,F508del/R117H,VX770,0,1.740217842328334,0.6938997416192444,97
20221221_DIS3_plate012,PDIO_15,F508del/R117H,VX770,0.128,2.5086329867056945,1.3489249757428998,119
20221221_DIS3_plate012,PDIO_16,F508del/R117H,VX770,0,1.2824323562034248,0.4361553595212061,47
20221221_DIS3_plate012,PDIO_16,F508del/R117H,VX770,0.128,1.9536448242373454,0.8505782317911663,74
20221221_DIS3_plate013,PDIO_10,F508del/F508del,DMSO,0,1.115830837909449,0.21747599147653765,63
20221221_DIS3_plate013,PDIO_10,F508del/F508del,DMSO,0.128,1.0052472335805394,0.19387788176049234,87
20221221_DIS3_plate013,PDIO_10,F508del/F508del,VX445_VX661_VX770,0,1.9074604082133828,0.6683516179124641,91
20221221_DIS3_plate013,PDIO_10,F508del/F508del,VX445_VX661_VX770,0.128,2.2815430133695935,0.7302984273260018,103
20221221_DIS3_plate013,PDIO_10,F508del/F508del,VX661_VX770,0,1.1482679559017306,0.1849829416228925,67
20221221_DIS3_plate013,PDIO_10,F508del/F508del,VX661_VX770,0.128,1.303126316074131,0.24263796261015558,84
20221221_DIS3_plate013,PDIO_11,F508del/F508del,DMSO,0.128,1.2506990694589855,0.35088045874548246,102
20221221_DIS3_plate013,PDIO_11,F508del/F508del,VX445_VX661_VX770,0,2.2242954265726804,0.87130882552882,60
20221221_DIS3_plate013,PDIO_11,F508del/F508del,VX445_VX661_VX770,0.128,2.9287588258465034,1.0229753996309678,82
20221221_DIS3_plate013,PDIO_11,F508del/F508del,VX661_VX770,0,1.2325429840419642,0.326741225967002,88
20221221_DIS3_plate013,PDIO_11,F508del/F508del,VX661_VX770,0.128,1.2712958286246696,0.42088798570683644,114
20230125_DIS3_plate014,PDIO_01,A46D/A46D,DMSO,0,1.0500104077786918,0.23088403982735145,94
20230125_DIS3_plate014,PDIO_01,A46D/A46D,DMSO,0.128,1.1962597285710073,0.2565315930590355,98
20230125_DIS3_plate014,PDIO_01,A46D/A46D,VX445_VX661_VX770,0,2.221894309822908,0.9263551385539174,94
20230125_DIS3_plate014,PDIO_01,A46D/A46D,VX445_VX661_VX770,0.128,2.709157015823432,0.8852874887625461,83
20230125_DIS3_plate014,PDIO_01,A46D/A46D,VX661_VX770,0,1.355835609495093,0.3246414393564982,110
20230125_DIS3_plate014,PDIO_01,A46D/A46D,VX661_VX770,0.128,1.7495306594620288,0.4178115294205107,86
20230125_DIS3_plate014,PDIO_09,F508del/F508del,DMSO,0,1.2277997664050937,0.29108119427256796,108
20230125_DIS3_plate014,PDIO_09,F508del/F508del,DMSO,0.128,1.1715032705607176,0.18913211240596897,112
20230125_DIS3_plate014,PDIO_09,F508del/F508del,VX445_VX661_VX770,0,2.417026763361169,0.7712556281503022,116
20230125_DIS3_plate014,PDIO_09,F508del/F508del,VX445_VX661_VX770,0.128,2.864009268491786,0.8195572005918629,104
20230125_DIS3_plate014,PDIO_09,F508del/F508del,VX661_VX770,0,1.3861629012237517,0.21499075116839872,92
20230125_DIS3_plate014,PDIO_09,F508del/F508del,VX661_VX770,0.128,1.3891382980408276,0.1675998206974879,107
20230125_DIS3_plate015,PDIO_09,F508del/F508del,DMSO,0,1.2412852674440642,0.21745793686132878,124
20230125_DIS3_plate015,PDIO_09,F508del/F508del,DMSO,0.128,1.2396109145184755,0.25355958096496767,105
20230125_DIS3_plate015,PDIO_09,F508del/F508del,VX445_VX661_VX770,0,2.1341404514891344,0.7038524923745376,112
20230125_DIS3_plate015,PDIO_09,F508del/F508del,VX445_VX661_VX770,0.128,2.186978492495892,0.8854425488331201,126
20230125_DIS3_plate015,PDIO_09,F508del/F508del,VX661_VX770,0,1.1797001962421845,0.25827670291458377,113
20230125_DIS3_plate015,PDIO_09,F508del/F508del,VX661_VX770,0.128,1.1566425312788404,0.22266688085759775,111
20230207_DIS3_plate017,PDIO_09,F508del/F508del,DMSO,0,1.1592237083850783,0.3031490572164147,65
20230207_DIS3_plate017,PDIO_09,F508del/F508del,DMSO,0.128,1.1728039784563762,0.3691842747909002,144
20230207_DIS3_plate017,PDIO_09,F508del/F508del,VX445_VX661_VX770,0,2.6995058499547993,1.0169052144047863,98
20230207_DIS3_plate017,PDIO_09,F508del/F508del,VX445_VX661_VX770,0.128,3.295527512586186,1.1337407840948979,86
20230207_DIS3_plate017,PDIO_09,F508del/F508del,VX661_VX770,0,1.557108925508814,0.408906413955501,71
20230207_DIS3_plate017,PDIO_09,F508del/F508del,VX661_VX770,0.128,1.8179845346797483,0.31735869315493276,112
20230222_DIS3_plate021,PDIO_05,F508del/X,DMSO,0,1.5293483360182076,0.3230519832213309,70
20230222_DIS3_plate021,PDIO_05,F508del/X,DMSO,0.128,1.4139602538011031,0.34367642722108616,118
20230222_DIS3_plate021,PDIO_05,F508del/X,DMSO,0.32,1.1920162550471098,0.321619124543212,170
20230222_DIS3_plate021,PDIO_05,F508del/X,DMSO,0.8,1.2220610779424346,0.24277412256036046,155
20230222_DIS3_plate021,PDIO_05,F508del/X,VX445_VX661_VX770,0,1.9314302958618963,0.7407915898279317,108
20230222_DIS3_plate021,PDIO_05,F508del/X,VX445_VX661_VX770,0.128,2.409479645181579,1.103069282953727,138
20230222_DIS3_plate021,PDIO_05,F508del/X,VX445_VX661_VX770,0.32,2.6659089127260716,1.0591384288624286,144
20230222_DIS3_plate021,PDIO_05,F508del/X,VX445_VX661_VX770,0.8,2.60345521336578,1.1114368840577284,158
20230222_DIS3_plate021,PDIO_05,F508del/X,VX661_VX770,0,1.1166168660318068,0.27845750997997587,105
20230222_DIS3_plate021,PDIO_05,F508del/X,VX661_VX770,0.128,1.2809339670759563,0.31923140741195677,173
20230222_DIS3_plate021,PDIO_05,F508del/X,VX661_VX770,0.32,1.2621338724757818,0.29439591387131064,149
20230222_DIS3_plate021,PDIO_05,F508del/X,VX661_VX770,0.8,1.2397638156327666,0.28933418378317666,117
20230222_DIS3_plate021,PDIO_06,F508del/X,DMSO,0,1.2510457039471987,0.22899834507289948,100
20230222_DIS3_plate021,PDIO_06,F508del/X,DMSO,0.128,1.194645158910662,0.21711255279245406,54
20230222_DIS3_plate021,PDIO_06,F508del/X,DMSO,0.32,1.2314461710284559,0.296509330163258,130
20230222_DIS3_plate021,PDIO_06,F508del/X,DMSO,0.8,1.2219592956570506,0.18985403723222347,85
20230222_DIS3_plate021,PDIO_06,F508del/X,VX445_VX661_VX770,0,2.143760112712911,0.7263198452648186,83
20230222_DIS3_plate021,PDIO_06,F508del/X,VX445_VX661_VX770,0.128,2.1300133427076107,0.8413367205694093,162
20230222_DIS3_plate021,PDIO_06,F508del/X,VX445_VX661_VX770,0.32,2.601249898559007,1.021095225726162,110
20230222_DIS3_plate021,PDIO_06,F508del/X,VX445_VX661_VX770,0.8,2.50024741701941,0.9760500905743992,158
20230222_DIS3_plate021,PDIO_06,F508del/X,VX661_VX770,0,1.2691935687410028,0.27041794270448694,112
20230222_DIS3_plate021,PDIO_06,F508del/X,VX661_VX770,0.128,1.3477461896744714,0.22196681733787882,153
20230222_DIS3_plate021,PDIO_06,F508del/X,VX661_VX770,0.32,1.3785620909371836,0.2549487971514965,133
20230222_DIS3_plate021,PDIO_06,F508del/X,VX661_VX770,0.8,1.4438544376698774,0.2639533768426164,213
20230301_DIS3_plate023,PDIO_05,F508del/X,DMSO,0,1.1117924221061402,0.23368465708939484,60
20230301_DIS3_plate023,PDIO_05,F508del/X,DMSO,0.128,1.4708009268503504,0.36458117349103786,110
20230301_DIS3_plate023,PDIO_05,F508del/X,VX445_VX661_VX770,0,2.3704427962123993,0.9554979725105612,137
20230301_DIS3_plate023,PDIO_05,F508del/X,VX445_VX661_VX770,0.128,2.879623217212495,1.3550459958403096,185
20230301_DIS3_plate023,PDIO_05,F508del/X,VX661_VX770,0,1.4702787590804136,0.42195054957125633,151
20230301_DIS3_plate023,PDIO_05,F508del/X,VX661_VX770,0.128,1.374408552763778,0.40590272318599047,163
20230301_DIS3_plate023,PDIO_06,F508del/X,DMSO,0,1.2837277034735008,0.3384248930780558,114
20230301_DIS3_plate023,PDIO_06,F508del/X,DMSO,0.128,1.2775132526777833,0.29197055877071476,113
20230301_DIS3_plate023,PDIO_06,F508del/X,VX445_VX661_VX770,0,2.032807697303822,0.7159499822497161,47
20230301_DIS3_plate023,PDIO_06,F508del/X,VX445_VX661_VX770,0.128,2.3875360843273588,0.9368387848987512,150
20230301_DIS3_plate023,PDIO_06,F508del/X,VX661_VX770,0,1.4720163855047674,0.41864362587306275,104
20230301_DIS3_plate023,PDIO_06,F508del/X,VX661_VX770,0.128,1.5548268208290204,0.3396571243872261,97
20230308_DIS3_plate025,PDIO_05,F508del/X,DMSO,0,1.2023422644610704,0.2231257954058655,131
20230308_DIS3_plate025,PDIO_05,F508del/X,DMSO,0.128,1.2768932096150574,0.21606777207905187,100
20230308_DIS3_plate025,PDIO_05,F508del/X,VX445_VX661_VX770,0,2.047281642952063,0.7618129797391121,107
20230308_DIS3_plate025,PDIO_05,F508del/X,VX445_VX661_VX770,0.128,2.216430154543986,0.9793805286021333,147
20230308_DIS3_plate025,PDIO_05,F508del/X,VX661_VX770,0,1.0310076979323206,0.18951086371781375,109
20230308_DIS3_plate025,PDIO_05,F508del/X,VX661_VX770,0.128,1.1919795659649108,0.2647779586525359,145
20230308_DIS3_plate025,PDIO_06,F508del/X,DMSO,0,1.248852733032497,0.22915497170235175,106
20230308_DIS3_plate025,PDIO_06,F508del/X,DMSO,0.128,1.191740361380109,0.22829287532947024,113
20230308_DIS3_plate025,PDIO_06,F508del/X,VX445_VX661_VX770,0,1.8345370831546608,0.59406727329098,120
20230308_DIS3_plate025,PDIO_06,F508del/X,VX445_VX661_VX770,0.128,1.9179767513066066,0.764637325113222,181
20230308_DIS3_plate025,PDIO_06,F508del/X,VX661_VX770,0,1.2284875178236432,0.19793013166970988,101
20230308_DIS3_plate025,PDIO_06,F508del/X,VX661_VX770,0.128,1.2538109006852083,0.22436376465926336,218
HitCF_A1_DIS_20230207_plate001,PDIO_03,"R1066H/CFTRdele2,3",DMSO,0,1.1771159935428548,0.30223907704065217,201
HitCF_A1_DIS_20230207_plate001,PDIO_03,"R1066H/CFTRdele2,3",DMSO,0.128,1.9180133871445233,0.39073879082925494,158
HitCF_A1_DIS_20230207_plate001,PDIO_03,"R1066H/CFTRdele2,3",VX445_VX661_VX770,0,3.051716078495808,1.108933693379321,158
HitCF_A1_DIS_20230207_plate001,PDIO_03,"R1066H/CFTRdele2,3",VX445_VX661_VX770,0.128,3.0844800190330433,1.0801691536503606,164
HitCF_A1_DIS_20230228_plate010,PDIO_03,"R1066H/CFTRdele2,3",DMSO,0,1.1602728567922789,0.35365309779775583,197
HitCF_A1_DIS_20230228_plate010,PDIO_03,"R1066H/CFTRdele2,3",DMSO,0.128,1.3814122359173633,0.46968171860382296,217
HitCF_A1_DIS_20230228_plate010,PDIO_03,"R1066H/CFTRdele2,3",VX445_VX661_VX770,0,1.8938199484699543,1.0298267457961316,203
HitCF_A1_DIS_20230228_plate010,PDIO_03,"R1066H/CFTRdele2,3",VX445_VX661_VX770,0.128,1.8777011773100702,1.0203574099186092,210
HitCF_A1_DIS_20230307_plate013,PDIO_03,"R1066H/CFTRdele2,3",DMSO,0,1.4332213027029466,0.3373579699879876,78
HitCF_A1_DIS_20230307_plate013,PDIO_03,"R1066H/CFTRdele2,3",DMSO,0.128,2.137920600093672,0.4335805967241888,83
HitCF_A1_DIS_20230307_plate013,PDIO_03,"R1066H/CFTRdele2,3",VX445_VX661_VX770,0,2.521498126743392,0.9264663470535244,97
HitCF_A1_DIS_20230307_plate013,PDIO_03,"R1066H/CFTRdele2,3",VX445_VX661_VX770,0.128,2.48734224108464,0.7314593242384083,94
