accession,title,query,n_files,files,organ
E-MTAB-9044,Transcription profiling of undifferentiated human liver-derived intrahepatic cholangiocyte organoids (ICOs),liver organoid,1,https://ftp.ebi.ac.uk/biostudies/fire/E-MTAB-/044/E-MTAB-9044/Files/Sample_Probe_Profile_processed.txt,liver
E-MTAB-12822,Human pluripotent stem cell-derived kidney organoids reveal tubular epithelial pathobiology of heterozygous HNF1B-associated dysplastic kidney malformations K,hepatocyte organoid,1,https://ftp.ebi.ac.uk/biostudies/fire/E-MTAB-/822/E-MTAB-12822/Files/kid.txt,kidney
E-MTAB-9807,Transcription profiling of undifferentiated human extrahepatic cholangiocyte organoids (ECOs),cholangiocyte organoid,1,https://ftp.ebi.ac.uk/biostudies/fire/E-MTAB-/807/E-MTAB-9807/Files/sample_probe_profile_processed2.txt,liver
E-MTAB-4591,Comparison of extrahepatic cholangiocyte organoids and freshly isolated common bile duct cholangiocytes,cholangiocyte organoid,1,https://ftp.ebi.ac.uk/biostudies/fire/E-MTAB-/591/E-MTAB-4591/Files/matrix_normalized_and_transformed.txt,liver
E-MTAB-11221,"Analysis of human enteroids and colonoids (3D organoid models from small intestine and colon) exposed to chemotherapy agent and tyrosine kinase inhibitor (TKI) gefitinib sampled at four doses (0.1, 1, 10 and 30uM) and at three time points (24, 48 and 72h) since initial exposure",cholangiocyte organoid,2,https://ftp.ebi.ac.uk/biostudies/fire/E-MTAB-/221/E-MTAB-11221/Files/norm_table_log_counts_SI.csv;https://ftp.ebi.ac.uk/biostudies/fire/E-MTAB-/221/E-MTAB-11221/Files/norm_table_log_counts_colon.csv,intestine
E-MTAB-9134,"Analysis of human enteroids and colonoids (3D organoid models from small intestine and colon) exposed to chemotherapy agent 5-fluorouracil (5FU) in a dose-repeated exposure across three doses (10,100 and 1000uM) and sampled at three points (24, 48 and 72h) since initial exposure. Organoids were obtained from healthy human tissues.",cholangiocyte organoid,2,https://ftp.ebi.ac.uk/biostudies/fire/E-MTAB-/134/E-MTAB-9134/Files/norm_log_counts_colon.txt;https://ftp.ebi.ac.uk/biostudies/fire/E-MTAB-/134/E-MTAB-9134/Files/norm_log_counts_jejunum.txt,intestine
E-MTAB-11297,"Analysis of human healthy enteroids and colonoids (3D organoid models from small intestine and colon) exposed to chemotherapy agent Doxorubicin (DOX) sampled at four doses (1,10, 30 and 60uM) and three time points (24, 48 and 72h).",cholangiocyte organoid,2,https://ftp.ebi.ac.uk/biostudies/fire/E-MTAB-/297/E-MTAB-11297/Files/norm_log_counts_colon.csv;https://ftp.ebi.ac.uk/biostudies/fire/E-MTAB-/297/E-MTAB-11297/Files/norm_log_counts_smallintestine.csv,intestine
E-MTAB-10876,Epithelial maturation of human intestinal organoids from pluripotency entirely in vitro,cholangiocyte organoid,10,https://ftp.ebi.ac.uk/biostudies/fire/E-MTAB-/876/E-MTAB-10876/Files/Table_post_analysis_WENR_and_NRG1_organoid_count.mtx;https://ftp.ebi.ac.uk/biostudies/fire/E-MTAB-/876/E-MTAB-10876/Files/Table_post_analysis_WENR_and_NRG1_organoid_gene_symbol.csv;https://ftp.ebi.ac.uk/biostudies/fire/E-MTAB-/876/E-MTAB-10876/Files/Table_post_analysis_WENR_and_NRG1_organoid_index.csv;https://ftp.ebi.ac.uk/biostudies/fire/E-MTAB-/876/E-MTAB-10876/Files/Table_post_analysis_WENR_and_NRG1_organoid_meta_info.csv;https://ftp.ebi.ac.uk/biostudies/fire/E-MTAB-/876/E-MTAB-10876/Files/Table_post_analysis_WENR_organoid_count.mtx;https://ftp.ebi.ac.uk/biostudies/fire/E-MTAB-/876/E-MTAB-10876/Files/Table_post_analysis_WENR_organoid_gene_symbol.csv;https://ftp.ebi.ac.uk/biostudies/fire/E-MTAB-/876/E-MTAB-10876/Files/Table_post_analysis_WENR_organoid_index.csv;https://ftp.ebi.ac.uk/biostudies/fire/E-MTAB-/876/E-MTAB-10876/Files/Table_post_analysis_WENR_organoid_meta_info.csv;https://ftp.ebi.ac.uk/biostudies/fire/E-MTAB-/876/E-MTAB-10876/Files/UK-HIO-EGF_filtered_feature_bc_matrix.h5;https://ftp.ebi.ac.uk/biostudies/fire/E-MTAB-/876/E-MTAB-10876/Files/UK-HIO-NRG1_filtered_feature_bc_matrix.h5,intestine
E-MTAB-15659,Posterior brain organoids multi-omics atlas,cholangiocyte organoid,2,https://ftp.ebi.ac.uk/biostudies/fire/E-MTAB-/659/E-MTAB-15659/Files/atac_fragments.tsv.gz;https://ftp.ebi.ac.uk/biostudies/fire/E-MTAB-/659/E-MTAB-15659/Files/atac_fragments.tsv.gz.tbi,brain
E-MTAB-13901,Effects of SFPQ-TFE3 fusion in kidney tubuloids,kidney organoid,11,https://ftp.ebi.ac.uk/biostudies/fire/E-MTAB-/901/E-MTAB-13901/Files/19F_counts.csv;https://ftp.ebi.ac.uk/biostudies/fire/E-MTAB-/901/E-MTAB-13901/Files/19L_counts.csv;https://ftp.ebi.ac.uk/biostudies/fire/E-MTAB-/901/E-MTAB-13901/Files/AF_counts.csv;https://ftp.ebi.ac.uk/biostudies/fire/E-MTAB-/901/E-MTAB-13901/Files/AL_counts.csv;https://ftp.ebi.ac.uk/biostudies/fire/E-MTAB-/901/E-MTAB-13901/Files/AT_counts.csv;https://ftp.ebi.ac.uk/biostudies/fire/E-MTAB-/901/E-MTAB-13901/Files/JF_counts.csv;https://ftp.ebi.ac.uk/biostudies/fire/E-MTAB-/901/E-MTAB-13901/Files/JL_counts.csv;https://ftp.ebi.ac.uk/biostudies/fire/E-MTAB-/901/E-MTAB-13901/Files/JT_counts.csv;https://ftp.ebi.ac.uk/biostudies/fire/E-MTAB-/901/E-MTAB-13901/Files/M3R2_counts.csv;https://ftp.ebi.ac.uk/biostudies/fire/E-MTAB-/901/E-MTAB-13901/Files/M4R1_counts.csv;https://ftp.ebi.ac.uk/biostudies/fire/E-MTAB-/901/E-MTAB-13901/Files/M4R2_counts.csv,kidney
E-MTAB-9181,"RNA-seq of small intestinal organoids treated with the control medium ENR (EGF, Noggin, R-spondin1) in the presence or absence of muscle supernatant",intestinal organoid,1,https://ftp.ebi.ac.uk/biostudies/fire/E-MTAB-/181/E-MTAB-9181/Files/count_table_2.txt,intestine
E-MTAB-14831,"Tifa-/- vs Tifa+/+ small intestinal organoids stimulated with water, IL-22, IL-22+ADP-Heptose",intestinal organoid,1,https://ftp.ebi.ac.uk/biostudies/fire/E-MTAB-/831/E-MTAB-14831/Files/raw_counts.tsv,intestine
E-MTAB-6017,RNA-seq of transplanted pluripotent stem cells-derived human intestinal organoids upon mechanical lengthening and human jejunum tissues,intestinal organoid,1,https://ftp.ebi.ac.uk/biostudies/fire/E-MTAB-/017/E-MTAB-6017/Files/gene_matrix_Spring_Sept2016.txt,intestine
E-MTAB-11273,"RNA-seq of small intestinal organoids treated with IL-22 for 0, 1 and 4 hours",intestinal organoid,1,https://ftp.ebi.ac.uk/biostudies/fire/E-MTAB-/273/E-MTAB-11273/Files/count_table.txt,intestine
E-MTAB-12548,RNA-seq of intestinal organoids treated with the complement C5a receptor 1 (C5aR1) antagonist PMX205 with or without irradiation,intestinal organoid,2,https://ftp.ebi.ac.uk/biostudies/fire/E-MTAB-/548/E-MTAB-12548/Files/olcina_intestinalorganoids_radiation-PMX205_gene_FPKM.txt;https://ftp.ebi.ac.uk/biostudies/fire/E-MTAB-/548/E-MTAB-12548/Files/olcina_intestinalorganoids_radiation-PMX205_gene_counts.txt,intestine
E-MTAB-13578,RNA-seq of transplanted Human Intestinal Organoids differentiated with and without PVDF-TrFE Substrate,intestinal organoid,1,https://ftp.ebi.ac.uk/biostudies/fire/E-MTAB-/578/E-MTAB-13578/Files/gene_matrix.txt,intestine
E-MTAB-17066,"Bulk RNA-seq comparing brain organoids in vitro systems treated or not with 3,3’-5-triiodothyronine (T3)",cerebral organoid,20,https://ftp.ebi.ac.uk/biostudies/fire/E-MTAB-/066/E-MTAB-17066/Files/assay_table_CO_model_GEX.csv;https://ftp.ebi.ac.uk/biostudies/fire/E-MTAB-/066/E-MTAB-17066/Files/assay_table_NSCO_model_GEX.csv;https://ftp.ebi.ac.uk/biostudies/fire/E-MTAB-/066/E-MTAB-17066/Files/feature_counts_GEX-BLK_0065_polyA.txt;https://ftp.ebi.ac.uk/biostudies/fire/E-MTAB-/066/E-MTAB-17066/Files/feature_counts_GEX-BLK_0066_polyA.txt;https://ftp.ebi.ac.uk/biostudies/fire/E-MTAB-/066/E-MTAB-17066/Files/feature_counts_GEX-BLK_0067_3pseq.txt;https://ftp.ebi.ac.uk/biostudies/fire/E-MTAB-/066/E-MTAB-17066/Files/feature_counts_GEX-BLK_0068_3pseq.txt;https://ftp.ebi.ac.uk/biostudies/fire/E-MTAB-/066/E-MTAB-17066/Files/feature_counts_GEX-BLK_0069_3pseq.txt;https://ftp.ebi.ac.uk/biostudies/fire/E-MTAB-/066/E-MTAB-17066/Files/feature_counts_GEX-BLK_0070_3pseq.txt;https://ftp.ebi.ac.uk/biostudies/fire/E-MTAB-/066/E-MTAB-17066/Files/feature_counts_RNA185.all_mates.feature_counts.txt;https://ftp.ebi.ac.uk/biostudies/fire/E-MTAB-/066/E-MTAB-17066/Files/feature_counts_RNA186.all_mates.feature_counts.txt;https://ftp.ebi.ac.uk/biostudies/fire/E-MTAB-/066/E-MTAB-17066/Files/feature_counts_RNA187.all_mates.feature_counts.txt;https://ftp.ebi.ac.uk/biostudies/fire/E-MTAB-/066/E-MTAB-17066/Files/feature_counts_RNA188.all_mates.feature_counts.txt;https://ftp.ebi.ac.uk/biostudies/fire/E-MTAB-/066/E-MTAB-17066/Files/feature_counts_RNA189.all_mates.feature_counts.txt;https://ftp.ebi.ac.uk/biostudies/fire/E-MTAB-/066/E-MTAB-17066/Files/feature_counts_RNA190.all_mates.feature_counts.txt;https://ftp.ebi.ac.uk/biostudies/fire/E-MTAB-/066/E-MTAB-17066/Files/feature_counts_RNA191.all_mates.feature_counts.txt;https://ftp.ebi.ac.uk/biostudies/fire/E-MTAB-/066/E-MTAB-17066/Files/feature_counts_RNA192.all_mates.feature_counts.txt;https://ftp.ebi.ac.uk/biostudies/fire/E-MTAB-/066/E-MTAB-17066/Files/feature_counts_RNA193.all_mates.feature_counts.txt;https://ftp.ebi.ac.uk/biostudies/fire/E-MTAB-/066/E-MTAB-17066/Files/feature_counts_RNA200.all_mates.feature_counts.txt;https://ftp.ebi.ac.uk/biostudies/fire/E-MTAB-/066/E-MTAB-17066/Files/feature_counts_RNA201.all_mates.feature_counts.txt;https://ftp.ebi.ac.uk/biostudies/fire/E-MTAB-/066/E-MTAB-17066/Files/feature_counts_RNA202.all_mates.feature_counts.txt,brain
E-MTAB-10037,RNA-seq of brain organoids from human NKX2.1(GFP/w) hESCs treated with patterning molecules,brain organoid,3,https://ftp.ebi.ac.uk/biostudies/fire/E-MTAB-/037/E-MTAB-10037/Files/ps2_counts.txt;https://ftp.ebi.ac.uk/biostudies/fire/E-MTAB-/037/E-MTAB-10037/Files/ps2_cpm.txt;https://ftp.ebi.ac.uk/biostudies/fire/E-MTAB-/037/E-MTAB-10037/Files/ps2_meta.txt,brain
