accession,title,query,n_files,files
E-MTAB-13570,Pancreatic cancer organoid,liver organoid,1,https://ftp.ebi.ac.uk/biostudies/fire/E-MTAB-/570/E-MTAB-13570/Files/processed_matrix.txt
E-MTAB-6683,"Transcriptomic profile of human placenta derived trophoblast organoid cultures with its tissue of origin, human placental villi.",liver organoid,2,https://ftp.ebi.ac.uk/biostudies/fire/E-MTAB-/683/E-MTAB-6683/Files/normalised_data_all_transcripts.csv;https://ftp.ebi.ac.uk/biostudies/fire/E-MTAB-/683/E-MTAB-6683/Files/normalised_data_all_transcripts.txt
E-MTAB-9044,Transcription profiling of undifferentiated human liver-derived intrahepatic cholangiocyte organoids (ICOs),liver organoid,1,https://ftp.ebi.ac.uk/biostudies/fire/E-MTAB-/044/E-MTAB-9044/Files/Sample_Probe_Profile_processed.txt
E-MTAB-16843,Time course analysis of human colorectal cancer organoid treatment with Sacituzumab Govitecan (SG) or untargeted control IgG1-SN-38,liver organoid,6,https://ftp.ebi.ac.uk/biostudies/fire/E-MTAB-/843/E-MTAB-16843/Files/HD4246_SG_org_counts.txt;https://ftp.ebi.ac.uk/biostudies/fire/E-MTAB-/843/E-MTAB-16843/Files/HD4246_SG_org_counts_log1p.txt;https://ftp.ebi.ac.uk/biostudies/fire/E-MTAB-/843/E-MTAB-16843/Files/HD4246_SG_org_features.txt;https://ftp.ebi.ac.uk/biostudies/fire/E-MTAB-/843/E-MTAB-16843/Files/HD4246_SG_org_metadata.txt;https://ftp.ebi.ac.uk/biostudies/fire/E-MTAB-/843/E-MTAB-16843/Files/HD4246_SG_org_umap.txt;https://ftp.ebi.ac.uk/biostudies/fire/E-MTAB-/843/E-MTAB-16843/Files/feature_ref.csv
E-MTAB-2178,T1AM in rat liver tissue,liver organoid,8,https://ftp.ebi.ac.uk/biostudies/fire/E-MTAB-/178/E-MTAB-2178/Files/US45102901_251487917851_S01_GE2-v5_95_Feb07_1_1.txt;https://ftp.ebi.ac.uk/biostudies/fire/E-MTAB-/178/E-MTAB-2178/Files/US45102901_251487917851_S01_GE2-v5_95_Feb07_1_2.txt;https://ftp.ebi.ac.uk/biostudies/fire/E-MTAB-/178/E-MTAB-2178/Files/US45102901_251487917851_S01_GE2-v5_95_Feb07_1_3.txt;https://ftp.ebi.ac.uk/biostudies/fire/E-MTAB-/178/E-MTAB-2178/Files/US45102901_251487917851_S01_GE2-v5_95_Feb07_1_4.txt;https://ftp.ebi.ac.uk/biostudies/fire/E-MTAB-/178/E-MTAB-2178/Files/US45102901_251487917852_S01_GE2-v5_95_Feb07_1_1.txt;https://ftp.ebi.ac.uk/biostudies/fire/E-MTAB-/178/E-MTAB-2178/Files/US45102901_251487917852_S01_GE2-v5_95_Feb07_1_2.txt;https://ftp.ebi.ac.uk/biostudies/fire/E-MTAB-/178/E-MTAB-2178/Files/US45102901_251487917852_S01_GE2-v5_95_Feb07_1_3.txt;https://ftp.ebi.ac.uk/biostudies/fire/E-MTAB-/178/E-MTAB-2178/Files/US45102901_251487917852_S01_GE2-v5_95_Feb07_1_4.txt
E-MTAB-2614,Liver and body ADAMTS3 embryo,liver organoid,1,https://ftp.ebi.ac.uk/biostudies/fire/E-MTAB-/614/E-MTAB-2614/Files/DATASET_ADAMTS3_LIVER_BODY_revision_SIGNAL_PVAL.txt
E-MTAB-4231,Transcriptomic study of human liver biopsies in obese patients with low and high liver fat,liver organoid,1,https://ftp.ebi.ac.uk/biostudies/fire/E-MTAB-/231/E-MTAB-4231/Files/QuantileNorm.txt
E-MTAB-10353,Human patient tumor-derived organoid characterization from bladder cancer patients that did not respond to chemotherapy,liver organoid,9,https://ftp.ebi.ac.uk/biostudies/fire/E-MTAB-/353/E-MTAB-10353/Files/204808440148_R01C02_M70.txt;https://ftp.ebi.ac.uk/biostudies/fire/E-MTAB-/353/E-MTAB-10353/Files/204808440148_R03C02_M70.txt;https://ftp.ebi.ac.uk/biostudies/fire/E-MTAB-/353/E-MTAB-10353/Files/204808440148_R04C02_M70.txt;https://ftp.ebi.ac.uk/biostudies/fire/E-MTAB-/353/E-MTAB-10353/Files/204808440148_R05C02_M70.txt;https://ftp.ebi.ac.uk/biostudies/fire/E-MTAB-/353/E-MTAB-10353/Files/204808440148_R06C02_M70.txt;https://ftp.ebi.ac.uk/biostudies/fire/E-MTAB-/353/E-MTAB-10353/Files/204808440148_R07C02_M70.txt;https://ftp.ebi.ac.uk/biostudies/fire/E-MTAB-/353/E-MTAB-10353/Files/204808440148_R08C02_M70.txt;https://ftp.ebi.ac.uk/biostudies/fire/E-MTAB-/353/E-MTAB-10353/Files/204808440148_R09C02_M70.txt;https://ftp.ebi.ac.uk/biostudies/fire/E-MTAB-/353/E-MTAB-10353/Files/204808440148_R10C02_M70.txt
E-MTAB-13126,scGET-seq profile of patient derived organoids from colorectal cancer samples,liver organoid,1,https://ftp.ebi.ac.uk/biostudies/fire/E-MTAB-/126/E-MTAB-13126/Files/CRC_39_whitelist.tsv
E-MTAB-15891,BRBseq of human skin-derived precursor hepatic progenitor-like cells with varying polygenic risk score for hepatic fat content exposed in vitro to vehicle-matched control medium or triggers related to MASH,hepatic organoid,2,https://ftp.ebi.ac.uk/pub/databases/biostudies/E-MTAB-/891/E-MTAB-15891/Files/E-MTAB-15891_normalized_counts.txt;https://ftp.ebi.ac.uk/pub/databases/biostudies/E-MTAB-/891/E-MTAB-15891/Files/E-MTAB-15891_raw_counts.txt
E-MTAB-16648,Hepatocyte exosomal miR-21-5p activates hepatic stellate cells and exacerbates liver fibrosis via targeting Smad7,hepatocyte organoid,2,https://ftp.ebi.ac.uk/biostudies/fire/E-MTAB-/648/E-MTAB-16648/Files/DiffExpr.txt;https://ftp.ebi.ac.uk/biostudies/fire/E-MTAB-/648/E-MTAB-16648/Files/mirna_targetGene_annotation.deg_all.txt
E-MTAB-13207,PolyA-enriched RNA-seq of primary human hepatocyte spheroids treated with small molecule inhibitors targeting TEAD,hepatocyte organoid,2,https://ftp.ebi.ac.uk/biostudies/fire/E-MTAB-/207/E-MTAB-13207/Files/raw_fq_featurecounts_inhibitors_spheroids.txt;https://ftp.ebi.ac.uk/biostudies/fire/E-MTAB-/207/E-MTAB-13207/Files/spheroid_TPM_norm_counts.txt
E-MTAB-15612,DRUG-seq data of primary human hepatocyte spheroids treated with compounds,hepatocyte organoid,1,https://ftp.ebi.ac.uk/biostudies/fire/E-MTAB-/612/E-MTAB-15612/Files/raw_counts.csv
E-MTAB-7847,"RNA-seq of human hepatocellular carcinoma cell line Huh7 and immortalized hepatocyte cell line THLE5B treated with experimental compound AD80, Sorafenib, and vehicle for 24 hours",hepatocyte organoid,2,https://ftp.ebi.ac.uk/biostudies/fire/E-MTAB-/847/E-MTAB-7847/Files/HUH7_DESeq2_normalized_count_matrix.txt;https://ftp.ebi.ac.uk/biostudies/fire/E-MTAB-/847/E-MTAB-7847/Files/THLE5B_DESeq2_normalized_count_matrix.txt
E-MTAB-12822,Human pluripotent stem cell-derived kidney organoids reveal tubular epithelial pathobiology of heterozygous HNF1B-associated dysplastic kidney malformations K,hepatocyte organoid,1,https://ftp.ebi.ac.uk/biostudies/fire/E-MTAB-/822/E-MTAB-12822/Files/kid.txt
E-MTAB-9807,Transcription profiling of undifferentiated human extrahepatic cholangiocyte organoids (ECOs),cholangiocyte organoid,1,https://ftp.ebi.ac.uk/biostudies/fire/E-MTAB-/807/E-MTAB-9807/Files/sample_probe_profile_processed2.txt
E-MTAB-4591,Comparison of extrahepatic cholangiocyte organoids and freshly isolated common bile duct cholangiocytes,cholangiocyte organoid,1,https://ftp.ebi.ac.uk/biostudies/fire/E-MTAB-/591/E-MTAB-4591/Files/matrix_normalized_and_transformed.txt
E-MTAB-11221,"Analysis of human enteroids and colonoids (3D organoid models from small intestine and colon) exposed to chemotherapy agent and tyrosine kinase inhibitor (TKI) gefitinib sampled at four doses (0.1, 1, 10 and 30uM) and at three time points (24, 48 and 72h) since initial exposure",cholangiocyte organoid,2,https://ftp.ebi.ac.uk/biostudies/fire/E-MTAB-/221/E-MTAB-11221/Files/norm_table_log_counts_SI.csv;https://ftp.ebi.ac.uk/biostudies/fire/E-MTAB-/221/E-MTAB-11221/Files/norm_table_log_counts_colon.csv
E-MTAB-10973,Lineage recording in human cerebral organoids (microdissected),cholangiocyte organoid,3,https://ftp.ebi.ac.uk/biostudies/fire/E-MTAB-/973/E-MTAB-10973/Files/counts.mtx.gz;https://ftp.ebi.ac.uk/biostudies/fire/E-MTAB-/973/E-MTAB-10973/Files/features.tsv.gz;https://ftp.ebi.ac.uk/biostudies/fire/E-MTAB-/973/E-MTAB-10973/Files/meta.tsv.gz
E-MTAB-9134,"Analysis of human enteroids and colonoids (3D organoid models from small intestine and colon) exposed to chemotherapy agent 5-fluorouracil (5FU) in a dose-repeated exposure across three doses (10,100 and 1000uM) and sampled at three points (24, 48 and 72h) since initial exposure. Organoids were obtained from healthy human tissues.",cholangiocyte organoid,2,https://ftp.ebi.ac.uk/biostudies/fire/E-MTAB-/134/E-MTAB-9134/Files/norm_log_counts_colon.txt;https://ftp.ebi.ac.uk/biostudies/fire/E-MTAB-/134/E-MTAB-9134/Files/norm_log_counts_jejunum.txt
E-MTAB-11297,"Analysis of human healthy enteroids and colonoids (3D organoid models from small intestine and colon) exposed to chemotherapy agent Doxorubicin (DOX) sampled at four doses (1,10, 30 and 60uM) and three time points (24, 48 and 72h).",cholangiocyte organoid,2,https://ftp.ebi.ac.uk/biostudies/fire/E-MTAB-/297/E-MTAB-11297/Files/norm_log_counts_colon.csv;https://ftp.ebi.ac.uk/biostudies/fire/E-MTAB-/297/E-MTAB-11297/Files/norm_log_counts_smallintestine.csv
E-MTAB-14298,RNA-seq of BRAF-V600E_mutated and BRAF-V600E_corrected colon cancer organoids_advanced starvation,cholangiocyte organoid,1,https://ftp.ebi.ac.uk/biostudies/fire/E-MTAB-/298/E-MTAB-14298/Files/ELB10191_GRCh38_processed_exon_featureCounts.raw.txt
E-MTAB-10876,Epithelial maturation of human intestinal organoids from pluripotency entirely in vitro,cholangiocyte organoid,10,https://ftp.ebi.ac.uk/biostudies/fire/E-MTAB-/876/E-MTAB-10876/Files/Table_post_analysis_WENR_and_NRG1_organoid_count.mtx;https://ftp.ebi.ac.uk/biostudies/fire/E-MTAB-/876/E-MTAB-10876/Files/Table_post_analysis_WENR_and_NRG1_organoid_gene_symbol.csv;https://ftp.ebi.ac.uk/biostudies/fire/E-MTAB-/876/E-MTAB-10876/Files/Table_post_analysis_WENR_and_NRG1_organoid_index.csv;https://ftp.ebi.ac.uk/biostudies/fire/E-MTAB-/876/E-MTAB-10876/Files/Table_post_analysis_WENR_and_NRG1_organoid_meta_info.csv;https://ftp.ebi.ac.uk/biostudies/fire/E-MTAB-/876/E-MTAB-10876/Files/Table_post_analysis_WENR_organoid_count.mtx;https://ftp.ebi.ac.uk/biostudies/fire/E-MTAB-/876/E-MTAB-10876/Files/Table_post_analysis_WENR_organoid_gene_symbol.csv;https://ftp.ebi.ac.uk/biostudies/fire/E-MTAB-/876/E-MTAB-10876/Files/Table_post_analysis_WENR_organoid_index.csv;https://ftp.ebi.ac.uk/biostudies/fire/E-MTAB-/876/E-MTAB-10876/Files/Table_post_analysis_WENR_organoid_meta_info.csv;https://ftp.ebi.ac.uk/biostudies/fire/E-MTAB-/876/E-MTAB-10876/Files/UK-HIO-EGF_filtered_feature_bc_matrix.h5;https://ftp.ebi.ac.uk/biostudies/fire/E-MTAB-/876/E-MTAB-10876/Files/UK-HIO-NRG1_filtered_feature_bc_matrix.h5
E-MTAB-10972,Lineage recording in human cerebral organoids (Visium),cholangiocyte organoid,3,https://ftp.ebi.ac.uk/biostudies/fire/E-MTAB-/972/E-MTAB-10972/Files/counts.mtx.gz;https://ftp.ebi.ac.uk/biostudies/fire/E-MTAB-/972/E-MTAB-10972/Files/features.tsv.gz;https://ftp.ebi.ac.uk/biostudies/fire/E-MTAB-/972/E-MTAB-10972/Files/metadata.tsv.gz
E-MTAB-10974,Lineage recording in human cerebral organoids (whole organoids),cholangiocyte organoid,6,https://ftp.ebi.ac.uk/biostudies/fire/E-MTAB-/974/E-MTAB-10974/Files/counts_org1-12.mtx.gz;https://ftp.ebi.ac.uk/biostudies/fire/E-MTAB-/974/E-MTAB-10974/Files/counts_org_d15.mtx.gz;https://ftp.ebi.ac.uk/biostudies/fire/E-MTAB-/974/E-MTAB-10974/Files/features_org1-12.tsv.gz;https://ftp.ebi.ac.uk/biostudies/fire/E-MTAB-/974/E-MTAB-10974/Files/features_org_d15.tsv.gz;https://ftp.ebi.ac.uk/biostudies/fire/E-MTAB-/974/E-MTAB-10974/Files/meta_org1-12.tsv.gz;https://ftp.ebi.ac.uk/biostudies/fire/E-MTAB-/974/E-MTAB-10974/Files/meta_org_d15.tsv.gz
E-MTAB-10971,Lineage recording in human cerebral organoids (iTracer-perturb),cholangiocyte organoid,3,https://ftp.ebi.ac.uk/biostudies/fire/E-MTAB-/971/E-MTAB-10971/Files/counts.mtx.gz;https://ftp.ebi.ac.uk/biostudies/fire/E-MTAB-/971/E-MTAB-10971/Files/features.tsv.gz;https://ftp.ebi.ac.uk/biostudies/fire/E-MTAB-/971/E-MTAB-10971/Files/meta.tsv.gz
E-MTAB-12270,RNA-Seq of human spinal cord organoids generated in Matrigel and alginate,cholangiocyte organoid,1,https://ftp.ebi.ac.uk/biostudies/fire/E-MTAB-/270/E-MTAB-12270/Files/gene_fpkm.txt
E-MTAB-15659,Posterior brain organoids multi-omics atlas,cholangiocyte organoid,2,https://ftp.ebi.ac.uk/biostudies/fire/E-MTAB-/659/E-MTAB-15659/Files/atac_fragments.tsv.gz;https://ftp.ebi.ac.uk/biostudies/fire/E-MTAB-/659/E-MTAB-15659/Files/atac_fragments.tsv.gz.tbi
E-MTAB-13901,Effects of SFPQ-TFE3 fusion in kidney tubuloids,kidney organoid,11,https://ftp.ebi.ac.uk/biostudies/fire/E-MTAB-/901/E-MTAB-13901/Files/19F_counts.csv;https://ftp.ebi.ac.uk/biostudies/fire/E-MTAB-/901/E-MTAB-13901/Files/19L_counts.csv;https://ftp.ebi.ac.uk/biostudies/fire/E-MTAB-/901/E-MTAB-13901/Files/AF_counts.csv;https://ftp.ebi.ac.uk/biostudies/fire/E-MTAB-/901/E-MTAB-13901/Files/AL_counts.csv;https://ftp.ebi.ac.uk/biostudies/fire/E-MTAB-/901/E-MTAB-13901/Files/AT_counts.csv;https://ftp.ebi.ac.uk/biostudies/fire/E-MTAB-/901/E-MTAB-13901/Files/JF_counts.csv;https://ftp.ebi.ac.uk/biostudies/fire/E-MTAB-/901/E-MTAB-13901/Files/JL_counts.csv;https://ftp.ebi.ac.uk/biostudies/fire/E-MTAB-/901/E-MTAB-13901/Files/JT_counts.csv;https://ftp.ebi.ac.uk/biostudies/fire/E-MTAB-/901/E-MTAB-13901/Files/M3R2_counts.csv;https://ftp.ebi.ac.uk/biostudies/fire/E-MTAB-/901/E-MTAB-13901/Files/M4R1_counts.csv;https://ftp.ebi.ac.uk/biostudies/fire/E-MTAB-/901/E-MTAB-13901/Files/M4R2_counts.csv
E-MTAB-969,Transcription profiling of white adipose tissue and kidney in a rat BNxGK F2 cross,kidney organoid,2,https://ftp.ebi.ac.uk/biostudies/fire/E-MTAB-/969/E-MTAB-969/Files/F2_KIDNEY_Sample_Probe_Profile.txt;https://ftp.ebi.ac.uk/biostudies/fire/E-MTAB-/969/E-MTAB-969/Files/F2_WAT_Sample_Probe_Profile.txt
E-MTAB-4086,Expression profiling of Pkd1cko mice: A model of Polycystic Kidney Disease,kidney organoid,7,https://ftp.ebi.ac.uk/biostudies/fire/E-MTAB-/086/E-MTAB-4086/Files/pkd1cko_1.csv;https://ftp.ebi.ac.uk/biostudies/fire/E-MTAB-/086/E-MTAB-4086/Files/pkd1cko_2.csv;https://ftp.ebi.ac.uk/biostudies/fire/E-MTAB-/086/E-MTAB-4086/Files/pkd1cko_3.csv;https://ftp.ebi.ac.uk/biostudies/fire/E-MTAB-/086/E-MTAB-4086/Files/pkd1cko_4.csv;https://ftp.ebi.ac.uk/biostudies/fire/E-MTAB-/086/E-MTAB-4086/Files/wt_1.csv;https://ftp.ebi.ac.uk/biostudies/fire/E-MTAB-/086/E-MTAB-4086/Files/wt_2.csv;https://ftp.ebi.ac.uk/biostudies/fire/E-MTAB-/086/E-MTAB-4086/Files/wt_3.csv
E-MTAB-12016,Transcriptomic Responses of Laser Capture Microdissected Nephrons from Rat Kidneys Exposed to Single administration of 5 mg/kg Cisplatin: 29 days study - second technical replicate of the RNA sequencing,nephron organoid,37,https://ftp.ebi.ac.uk/biostudies/fire/E-MTAB-/016/E-MTAB-12016/Files/S_1005_CPT_2.txt;https://ftp.ebi.ac.uk/biostudies/fire/E-MTAB-/016/E-MTAB-12016/Files/S_2001_CPT_2.txt;https://ftp.ebi.ac.uk/biostudies/fire/E-MTAB-/016/E-MTAB-12016/Files/S_2003_PPT_2.txt;https://ftp.ebi.ac.uk/biostudies/fire/E-MTAB-/016/E-MTAB-12016/Files/S_2005_CPT_2.txt;https://ftp.ebi.ac.uk/biostudies/fire/E-MTAB-/016/E-MTAB-12016/Files/S_2005_PPT_2.txt;https://ftp.ebi.ac.uk/biostudies/fire/E-MTAB-/016/E-MTAB-12016/Files/S_3001_CPT_2.txt;https://ftp.ebi.ac.uk/biostudies/fire/E-MTAB-/016/E-MTAB-12016/Files/S_3005_CPT_2.txt;https://ftp.ebi.ac.uk/biostudies/fire/E-MTAB-/016/E-MTAB-12016/Files/S_3005_PPT_2.txt;https://ftp.ebi.ac.uk/biostudies/fire/E-MTAB-/016/E-MTAB-12016/Files/S_4001_PPT_2.txt;https://ftp.ebi.ac.uk/biostudies/fire/E-MTAB-/016/E-MTAB-12016/Files/S_4003_CPT_2.txt;https://ftp.ebi.ac.uk/biostudies/fire/E-MTAB-/016/E-MTAB-12016/Files/S_4003_PPT_2.txt;https://ftp.ebi.ac.uk/biostudies/fire/E-MTAB-/016/E-MTAB-12016/Files/S_4005_PPT_2.txt;https://ftp.ebi.ac.uk/biostudies/fire/E-MTAB-/016/E-MTAB-12016/Files/S_5001_CPT_2.txt;https://ftp.ebi.ac.uk/biostudies/fire/E-MTAB-/016/E-MTAB-12016/Files/S_5001_PPT_2.txt;https://ftp.ebi.ac.uk/biostudies/fire/E-MTAB-/016/E-MTAB-12016/Files/S_5003_CPT_2.txt;https://ftp.ebi.ac.uk/biostudies/fire/E-MTAB-/016/E-MTAB-12016/Files/S_5005_PPT_2.txt;https://ftp.ebi.ac.uk/biostudies/fire/E-MTAB-/016/E-MTAB-12016/Files/S_6005_CPT_2.txt;https://ftp.ebi.ac.uk/biostudies/fire/E-MTAB-/016/E-MTAB-12016/Files/S_7003_PPT_2.txt;https://ftp.ebi.ac.uk/biostudies/fire/E-MTAB-/016/E-MTAB-12016/Files/S_7005_CPT_2.txt;https://ftp.ebi.ac.uk/biostudies/fire/E-MTAB-/016/E-MTAB-12016/Files/S_8001_CPT_2.txt;https://ftp.ebi.ac.uk/biostudies/fire/E-MTAB-/016/E-MTAB-12016/Files/S_8003_CPT_2.txt;https://ftp.ebi.ac.uk/biostudies/fire/E-MTAB-/016/E-MTAB-12016/Files/S_8005_CPT_2.txt;https://ftp.ebi.ac.uk/biostudies/fire/E-MTAB-/016/E-MTAB-12016/Files/S_9005_PPT_2.txt;https://ftp.ebi.ac.uk/biostudies/fire/E-MTAB-/016/E-MTAB-12016/Files/S_10001_CPT_2.txt;https://ftp.ebi.ac.uk/biostudies/fire/E-MTAB-/016/E-MTAB-12016/Files/S_10003_PPT_2.txt;https://ftp.ebi.ac.uk/biostudies/fire/E-MTAB-/016/E-MTAB-12016/Files/S_10005_PPT_2.txt;https://ftp.ebi.ac.uk/biostudies/fire/E-MTAB-/016/E-MTAB-12016/Files/S_11001_CPT_2.txt;https://ftp.ebi.ac.uk/biostudies/fire/E-MTAB-/016/E-MTAB-12016/Files/S_11001_PPT_2.txt;https://ftp.ebi.ac.uk/biostudies/fire/E-MTAB-/016/E-MTAB-12016/Files/S_11003_PPT_2.txt;https://ftp.ebi.ac.uk/biostudies/fire/E-MTAB-/016/E-MTAB-12016/Files/S_11005_PPT_2.txt;https://ftp.ebi.ac.uk/biostudies/fire/E-MTAB-/016/E-MTAB-12016/Files/S_12003_PPT_2.txt;https://ftp.ebi.ac.uk/biostudies/fire/E-MTAB-/016/E-MTAB-12016/Files/S_12005_PPT_2.txt;https://ftp.ebi.ac.uk/biostudies/fire/E-MTAB-/016/E-MTAB-12016/Files/S_13005_CPT_2.txt;https://ftp.ebi.ac.uk/biostudies/fire/E-MTAB-/016/E-MTAB-12016/Files/S_14001_CPT_2.txt;https://ftp.ebi.ac.uk/biostudies/fire/E-MTAB-/016/E-MTAB-12016/Files/S_15001_PPT_2.txt;https://ftp.ebi.ac.uk/biostudies/fire/E-MTAB-/016/E-MTAB-12016/Files/S_16001_PPT_2.txt;https://ftp.ebi.ac.uk/biostudies/fire/E-MTAB-/016/E-MTAB-12016/Files/S_16005_PPT_2.txt
E-MTAB-15784,Transcriptome Profiling of Tumor-Infiltrating Lymphocyte-Mediated Cytotoxicity against Patient-Derived Lung Cancer Organoids,lung organoid,42,https://ftp.ebi.ac.uk/biostudies/fire/E-MTAB-/784/E-MTAB-15784/Files/LCP89_CO_barcodes.tsv.gz;https://ftp.ebi.ac.uk/biostudies/fire/E-MTAB-/784/E-MTAB-15784/Files/LCP89_CO_features.tsv.gz;https://ftp.ebi.ac.uk/biostudies/fire/E-MTAB-/784/E-MTAB-15784/Files/LCP89_CO_matrix.mtx.gz;https://ftp.ebi.ac.uk/biostudies/fire/E-MTAB-/784/E-MTAB-15784/Files/LCP89_N_ORG_barcodes.tsv.gz;https://ftp.ebi.ac.uk/biostudies/fire/E-MTAB-/784/E-MTAB-15784/Files/LCP89_N_ORG_features.tsv.gz;https://ftp.ebi.ac.uk/biostudies/fire/E-MTAB-/784/E-MTAB-15784/Files/LCP89_N_ORG_matrix.mtx.gz;https://ftp.ebi.ac.uk/biostudies/fire/E-MTAB-/784/E-MTAB-15784/Files/LCP89_TIL_barcodes.tsv.gz;https://ftp.ebi.ac.uk/biostudies/fire/E-MTAB-/784/E-MTAB-15784/Files/LCP89_TIL_features.tsv.gz;https://ftp.ebi.ac.uk/biostudies/fire/E-MTAB-/784/E-MTAB-15784/Files/LCP89_TIL_matrix.mtx.gz;https://ftp.ebi.ac.uk/biostudies/fire/E-MTAB-/784/E-MTAB-15784/Files/LCP89_T_ORG_barcodes.tsv.gz;https://ftp.ebi.ac.uk/biostudies/fire/E-MTAB-/784/E-MTAB-15784/Files/LCP89_T_ORG_features.tsv.gz;https://ftp.ebi.ac.uk/biostudies/fire/E-MTAB-/784/E-MTAB-15784/Files/LCP89_T_ORG_matrix.mtx.gz;https://ftp.ebi.ac.uk/biostudies/fire/E-MTAB-/784/E-MTAB-15784/Files/LCP90_CO_barcodes.tsv.gz;https://ftp.ebi.ac.uk/biostudies/fire/E-MTAB-/784/E-MTAB-15784/Files/LCP90_CO_features.tsv.gz;https://ftp.ebi.ac.uk/biostudies/fire/E-MTAB-/784/E-MTAB-15784/Files/LCP90_CO_matrix.mtx.gz;https://ftp.ebi.ac.uk/biostudies/fire/E-MTAB-/784/E-MTAB-15784/Files/LCP90_TIL_barcodes.tsv.gz;https://ftp.ebi.ac.uk/biostudies/fire/E-MTAB-/784/E-MTAB-15784/Files/LCP90_TIL_features.tsv.gz;https://ftp.ebi.ac.uk/biostudies/fire/E-MTAB-/784/E-MTAB-15784/Files/LCP90_TIL_matrix.mtx.gz;https://ftp.ebi.ac.uk/biostudies/fire/E-MTAB-/784/E-MTAB-15784/Files/LCP92_CO_barcodes.tsv.gz;https://ftp.ebi.ac.uk/biostudies/fire/E-MTAB-/784/E-MTAB-15784/Files/LCP92_CO_features.tsv.gz;https://ftp.ebi.ac.uk/biostudies/fire/E-MTAB-/784/E-MTAB-15784/Files/LCP92_CO_matrix.mtx.gz;https://ftp.ebi.ac.uk/biostudies/fire/E-MTAB-/784/E-MTAB-15784/Files/LCP92_TIL_barcodes.tsv.gz;https://ftp.ebi.ac.uk/biostudies/fire/E-MTAB-/784/E-MTAB-15784/Files/LCP92_TIL_features.tsv.gz;https://ftp.ebi.ac.uk/biostudies/fire/E-MTAB-/784/E-MTAB-15784/Files/LCP92_TIL_matrix.mtx.gz;https://ftp.ebi.ac.uk/biostudies/fire/E-MTAB-/784/E-MTAB-15784/Files/LCP94_CO_barcodes.tsv.gz;https://ftp.ebi.ac.uk/biostudies/fire/E-MTAB-/784/E-MTAB-15784/Files/LCP94_CO_features.tsv.gz;https://ftp.ebi.ac.uk/biostudies/fire/E-MTAB-/784/E-MTAB-15784/Files/LCP94_CO_matrix.mtx.gz;https://ftp.ebi.ac.uk/biostudies/fire/E-MTAB-/784/E-MTAB-15784/Files/LCP94_TIL_barcodes.tsv.gz;https://ftp.ebi.ac.uk/biostudies/fire/E-MTAB-/784/E-MTAB-15784/Files/LCP94_TIL_features.tsv.gz;https://ftp.ebi.ac.uk/biostudies/fire/E-MTAB-/784/E-MTAB-15784/Files/LCP94_TIL_matrix.mtx.gz;https://ftp.ebi.ac.uk/biostudies/fire/E-MTAB-/784/E-MTAB-15784/Files/LCP95_CO_barcodes.tsv.gz;https://ftp.ebi.ac.uk/biostudies/fire/E-MTAB-/784/E-MTAB-15784/Files/LCP95_CO_features.tsv.gz;https://ftp.ebi.ac.uk/biostudies/fire/E-MTAB-/784/E-MTAB-15784/Files/LCP95_CO_matrix.mtx.gz;https://ftp.ebi.ac.uk/biostudies/fire/E-MTAB-/784/E-MTAB-15784/Files/LCP95_N_ORG_barcodes.tsv.gz;https://ftp.ebi.ac.uk/biostudies/fire/E-MTAB-/784/E-MTAB-15784/Files/LCP95_N_ORG_features.tsv.gz;https://ftp.ebi.ac.uk/biostudies/fire/E-MTAB-/784/E-MTAB-15784/Files/LCP95_N_ORG_matrix.mtx.gz;https://ftp.ebi.ac.uk/biostudies/fire/E-MTAB-/784/E-MTAB-15784/Files/LCP95_TIL_barcodes.tsv.gz;https://ftp.ebi.ac.uk/biostudies/fire/E-MTAB-/784/E-MTAB-15784/Files/LCP95_TIL_features.tsv.gz;https://ftp.ebi.ac.uk/biostudies/fire/E-MTAB-/784/E-MTAB-15784/Files/LCP95_TIL_matrix.mtx.gz;https://ftp.ebi.ac.uk/biostudies/fire/E-MTAB-/784/E-MTAB-15784/Files/LCP95_T_ORG_barcodes.tsv.gz;https://ftp.ebi.ac.uk/biostudies/fire/E-MTAB-/784/E-MTAB-15784/Files/LCP95_T_ORG_features.tsv.gz;https://ftp.ebi.ac.uk/biostudies/fire/E-MTAB-/784/E-MTAB-15784/Files/LCP95_T_ORG_matrix.mtx.gz
E-MTAB-15782,Transcriptome Profiling of Tumor-Infiltrating Lymphocyte-Mediated Cytotoxicity against Patient-Derived Lung Cancer Organoids,lung organoid,3,https://ftp.ebi.ac.uk/biostudies/fire/E-MTAB-/782/E-MTAB-15782/Files/barcodes.tsv.gz;https://ftp.ebi.ac.uk/biostudies/fire/E-MTAB-/782/E-MTAB-15782/Files/features.tsv.gz;https://ftp.ebi.ac.uk/biostudies/fire/E-MTAB-/782/E-MTAB-15782/Files/matrix.mtx.gz
E-MTAB-17234,In vitro regulation of human basal cell subtypes through the WNT signaling pathways,lung organoid,5,https://ftp.ebi.ac.uk/biostudies/fire/E-MTAB-/234/E-MTAB-17234/Files/14737-YL-Pool-Metadata.csv;https://ftp.ebi.ac.uk/biostudies/fire/E-MTAB-/234/E-MTAB-17234/Files/14737_1_sample_filtered_feature_bc_matrix.h5;https://ftp.ebi.ac.uk/biostudies/fire/E-MTAB-/234/E-MTAB-17234/Files/14737_2_sample_filtered_feature_bc_matrix.h5;https://ftp.ebi.ac.uk/biostudies/fire/E-MTAB-/234/E-MTAB-17234/Files/14737_3_sample_filtered_feature_bc_matrix.h5;https://ftp.ebi.ac.uk/biostudies/fire/E-MTAB-/234/E-MTAB-17234/Files/14737_4_sample_filtered_feature_bc_matrix.h5
E-MTAB-11832,RNA-seq time series of lung epithelial and lung mesenchymal cells in a novel co-culture model of lung fibrosis,lung organoid,1,https://ftp.ebi.ac.uk/biostudies/fire/E-MTAB-/832/E-MTAB-11832/Files/TPM.txt
E-MTAB-15034,"Chemically defined, serum-free and xeno-free generation of mature type 2 alveolar epithelial cells from hiPSCs",alveolar organoid,1,https://ftp.ebi.ac.uk/biostudies/fire/E-MTAB-/034/E-MTAB-15034/Files/LD_Counts_ALL.csv
E-MTAB-6442,iPSC-derived macrophages effectively treat pulmonary alveolar proteinosis in Csf2rb-deficient mice,alveolar organoid,1,https://ftp.ebi.ac.uk/biostudies/fire/E-MTAB-/442/E-MTAB-6442/Files/processed_data_combined.txt
E-MTAB-3093,Identification of differentially expressed microRNA in human alveolar bone cells cultured on different titanium surfaces.,alveolar organoid,12,https://ftp.ebi.ac.uk/biostudies/fire/E-MTAB-/093/E-MTAB-3093/Files/CONTROLE.txt;https://ftp.ebi.ac.uk/biostudies/fire/E-MTAB-/093/E-MTAB-3093/Files/CONTROLE2.txt;https://ftp.ebi.ac.uk/biostudies/fire/E-MTAB-/093/E-MTAB-3093/Files/CONTROLE3.txt;https://ftp.ebi.ac.uk/biostudies/fire/E-MTAB-/093/E-MTAB-3093/Files/MICROTEXTURARUGOSA.txt;https://ftp.ebi.ac.uk/biostudies/fire/E-MTAB-/093/E-MTAB-3093/Files/MICROTEXTURARUGOSA2.txt;https://ftp.ebi.ac.uk/biostudies/fire/E-MTAB-/093/E-MTAB-3093/Files/MICROTEXTURARUGOSA3.txt;https://ftp.ebi.ac.uk/biostudies/fire/E-MTAB-/093/E-MTAB-3093/Files/NANOSUBMICROTEXTURA.txt;https://ftp.ebi.ac.uk/biostudies/fire/E-MTAB-/093/E-MTAB-3093/Files/NANOSUBMICROTEXTURA2.txt;https://ftp.ebi.ac.uk/biostudies/fire/E-MTAB-/093/E-MTAB-3093/Files/NANOSUBMICROTEXTURA3.txt;https://ftp.ebi.ac.uk/biostudies/fire/E-MTAB-/093/E-MTAB-3093/Files/NANOTEXTURA.txt;https://ftp.ebi.ac.uk/biostudies/fire/E-MTAB-/093/E-MTAB-3093/Files/NANOTEXTURA2.txt;https://ftp.ebi.ac.uk/biostudies/fire/E-MTAB-/093/E-MTAB-3093/Files/NANOTEXTURA3.txt
E-MTAB-3091,Identification of differentially expressed genes in human alveolar bone cells cultured on different titanium surfaces.,alveolar organoid,12,https://ftp.ebi.ac.uk/biostudies/fire/E-MTAB-/091/E-MTAB-3091/Files/CONTROLE.txt;https://ftp.ebi.ac.uk/biostudies/fire/E-MTAB-/091/E-MTAB-3091/Files/CONTROLE2.txt;https://ftp.ebi.ac.uk/biostudies/fire/E-MTAB-/091/E-MTAB-3091/Files/CONTROLE3.txt;https://ftp.ebi.ac.uk/biostudies/fire/E-MTAB-/091/E-MTAB-3091/Files/MICROTEXTURARUGOSA.txt;https://ftp.ebi.ac.uk/biostudies/fire/E-MTAB-/091/E-MTAB-3091/Files/MICROTEXTURARUGOSA2.txt;https://ftp.ebi.ac.uk/biostudies/fire/E-MTAB-/091/E-MTAB-3091/Files/MICROTEXTURARUGOSA3.txt;https://ftp.ebi.ac.uk/biostudies/fire/E-MTAB-/091/E-MTAB-3091/Files/NANOSUBMICROTEXTURA.txt;https://ftp.ebi.ac.uk/biostudies/fire/E-MTAB-/091/E-MTAB-3091/Files/NANOSUBMICROTEXTURA2.txt;https://ftp.ebi.ac.uk/biostudies/fire/E-MTAB-/091/E-MTAB-3091/Files/NANOSUBMICROTEXTURA3.txt;https://ftp.ebi.ac.uk/biostudies/fire/E-MTAB-/091/E-MTAB-3091/Files/NANOTEXTURA.txt;https://ftp.ebi.ac.uk/biostudies/fire/E-MTAB-/091/E-MTAB-3091/Files/NANOTEXTURA2.txt;https://ftp.ebi.ac.uk/biostudies/fire/E-MTAB-/091/E-MTAB-3091/Files/NANOTEXTURA3.txt
E-MTAB-11209,RNA-seq of In vitro differentiation of ciliated cells in ALI-cultured human airway epithelium,airway organoid,1,https://ftp.ebi.ac.uk/biostudies/fire/E-MTAB-/209/E-MTAB-11209/Files/PAN_RNAseq_EZ1_featureCounts_Gene_v1.txt
E-MTAB-9004,Gene array Airway Smooth Muscle Control vs CoCulture with BEAS2B cells,airway organoid,2,https://ftp.ebi.ac.uk/biostudies/fire/E-MTAB-/004/E-MTAB-9004/Files/FDR.txt;https://ftp.ebi.ac.uk/biostudies/fire/E-MTAB-/004/E-MTAB-9004/Files/control_gene_report.txt
E-MTAB-16209,Concurrent jamming and mesenchymal-to-epithelial transitions during airway basal stem cell differentiation,airway organoid,1,https://ftp.ebi.ac.uk/biostudies/fire/E-MTAB-/209/E-MTAB-16209/Files/Mitchel_et_al_2025_counts.tsv
E-MTAB-17246,RNA-seq of human bronchial epithelial cells treated with cigarette smoke and mycobacteria,bronchial organoid,42,https://ftp.ebi.ac.uk/pub/databases/biostudies/E-MTAB-/246/E-MTAB-17246/Files/106333-001-001.count;https://ftp.ebi.ac.uk/pub/databases/biostudies/E-MTAB-/246/E-MTAB-17246/Files/106333-001-002.count;https://ftp.ebi.ac.uk/pub/databases/biostudies/E-MTAB-/246/E-MTAB-17246/Files/106333-001-003.count;https://ftp.ebi.ac.uk/pub/databases/biostudies/E-MTAB-/246/E-MTAB-17246/Files/106333-001-004.count;https://ftp.ebi.ac.uk/pub/databases/biostudies/E-MTAB-/246/E-MTAB-17246/Files/106333-001-005.count;https://ftp.ebi.ac.uk/pub/databases/biostudies/E-MTAB-/246/E-MTAB-17246/Files/106333-001-006.count;https://ftp.ebi.ac.uk/pub/databases/biostudies/E-MTAB-/246/E-MTAB-17246/Files/106333-001-007.count;https://ftp.ebi.ac.uk/pub/databases/biostudies/E-MTAB-/246/E-MTAB-17246/Files/106333-001-008.count;https://ftp.ebi.ac.uk/pub/databases/biostudies/E-MTAB-/246/E-MTAB-17246/Files/106333-001-009.count;https://ftp.ebi.ac.uk/pub/databases/biostudies/E-MTAB-/246/E-MTAB-17246/Files/106333-001-010.count;https://ftp.ebi.ac.uk/pub/databases/biostudies/E-MTAB-/246/E-MTAB-17246/Files/106333-001-011.count;https://ftp.ebi.ac.uk/pub/databases/biostudies/E-MTAB-/246/E-MTAB-17246/Files/106333-001-012.count;https://ftp.ebi.ac.uk/pub/databases/biostudies/E-MTAB-/246/E-MTAB-17246/Files/106333-001-013.count;https://ftp.ebi.ac.uk/pub/databases/biostudies/E-MTAB-/246/E-MTAB-17246/Files/106333-001-014.count;https://ftp.ebi.ac.uk/pub/databases/biostudies/E-MTAB-/246/E-MTAB-17246/Files/106333-001-015.count;https://ftp.ebi.ac.uk/pub/databases/biostudies/E-MTAB-/246/E-MTAB-17246/Files/106333-001-016.count;https://ftp.ebi.ac.uk/pub/databases/biostudies/E-MTAB-/246/E-MTAB-17246/Files/106333-001-017.count;https://ftp.ebi.ac.uk/pub/databases/biostudies/E-MTAB-/246/E-MTAB-17246/Files/106333-001-018.count;https://ftp.ebi.ac.uk/pub/databases/biostudies/E-MTAB-/246/E-MTAB-17246/Files/106333-001-019.count;https://ftp.ebi.ac.uk/pub/databases/biostudies/E-MTAB-/246/E-MTAB-17246/Files/106333-001-020.count;https://ftp.ebi.ac.uk/pub/databases/biostudies/E-MTAB-/246/E-MTAB-17246/Files/106333-001-021.count;https://ftp.ebi.ac.uk/pub/databases/biostudies/E-MTAB-/246/E-MTAB-17246/Files/106333-001-022.count;https://ftp.ebi.ac.uk/pub/databases/biostudies/E-MTAB-/246/E-MTAB-17246/Files/106333-001-023.count;https://ftp.ebi.ac.uk/pub/databases/biostudies/E-MTAB-/246/E-MTAB-17246/Files/106333-001-024.count;https://ftp.ebi.ac.uk/pub/databases/biostudies/E-MTAB-/246/E-MTAB-17246/Files/106333-001-025.count;https://ftp.ebi.ac.uk/pub/databases/biostudies/E-MTAB-/246/E-MTAB-17246/Files/106333-001-026.count;https://ftp.ebi.ac.uk/pub/databases/biostudies/E-MTAB-/246/E-MTAB-17246/Files/106333-001-027.count;https://ftp.ebi.ac.uk/pub/databases/biostudies/E-MTAB-/246/E-MTAB-17246/Files/106333-001-028.count;https://ftp.ebi.ac.uk/pub/databases/biostudies/E-MTAB-/246/E-MTAB-17246/Files/106333-001-029.count;https://ftp.ebi.ac.uk/pub/databases/biostudies/E-MTAB-/246/E-MTAB-17246/Files/106333-001-030.count;https://ftp.ebi.ac.uk/pub/databases/biostudies/E-MTAB-/246/E-MTAB-17246/Files/106333-001-031.count;https://ftp.ebi.ac.uk/pub/databases/biostudies/E-MTAB-/246/E-MTAB-17246/Files/106333-001-032.count;https://ftp.ebi.ac.uk/pub/databases/biostudies/E-MTAB-/246/E-MTAB-17246/Files/106333-001-033.count;https://ftp.ebi.ac.uk/pub/databases/biostudies/E-MTAB-/246/E-MTAB-17246/Files/106333-001-034.count;https://ftp.ebi.ac.uk/pub/databases/biostudies/E-MTAB-/246/E-MTAB-17246/Files/106333-001-035.count;https://ftp.ebi.ac.uk/pub/databases/biostudies/E-MTAB-/246/E-MTAB-17246/Files/106333-001-036.count;https://ftp.ebi.ac.uk/pub/databases/biostudies/E-MTAB-/246/E-MTAB-17246/Files/106333-001-037.count;https://ftp.ebi.ac.uk/pub/databases/biostudies/E-MTAB-/246/E-MTAB-17246/Files/106333-001-038.count;https://ftp.ebi.ac.uk/pub/databases/biostudies/E-MTAB-/246/E-MTAB-17246/Files/106333-001-039.count;https://ftp.ebi.ac.uk/pub/databases/biostudies/E-MTAB-/246/E-MTAB-17246/Files/106333-001-040.count;https://ftp.ebi.ac.uk/pub/databases/biostudies/E-MTAB-/246/E-MTAB-17246/Files/106333-001-041.count;https://ftp.ebi.ac.uk/pub/databases/biostudies/E-MTAB-/246/E-MTAB-17246/Files/106333-001-042.count
E-MTAB-8123,High doses of Everolimus induce transcriptomic changes in bronchial epithelial cells from cystic fibrosis patients,bronchial organoid,1,https://ftp.ebi.ac.uk/biostudies/fire/E-MTAB-/123/E-MTAB-8123/Files/BE913_Normalized.txt
E-MTAB-5157,Transcriptional profiling of human bronchial epithelial cell BEAS-2B exposed to diesel and biomass ultrafine particles,bronchial organoid,1,https://ftp.ebi.ac.uk/biostudies/fire/E-MTAB-/157/E-MTAB-5157/Files/Battaglia_RNA-seq.txt
E-MTAB-10031,Profiling of human bronchial epithelial BEAS-2B infected with influenza A and treated with succinate to study the anti-influenza activity of succinate Anti-influenza activity of succinate,bronchial organoid,16,https://ftp.ebi.ac.uk/biostudies/fire/E-MTAB-/031/E-MTAB-10031/Files/20160224-05-mock-ctrl.txt;https://ftp.ebi.ac.uk/biostudies/fire/E-MTAB-/031/E-MTAB-10031/Files/20160224-06-IAV-ctrl.txt;https://ftp.ebi.ac.uk/biostudies/fire/E-MTAB-/031/E-MTAB-10031/Files/20160224-07-mock-succ.txt;https://ftp.ebi.ac.uk/biostudies/fire/E-MTAB-/031/E-MTAB-10031/Files/20160224-08-IAV-succ.txt;https://ftp.ebi.ac.uk/biostudies/fire/E-MTAB-/031/E-MTAB-10031/Files/20160927-01-mock-ctrl.txt;https://ftp.ebi.ac.uk/biostudies/fire/E-MTAB-/031/E-MTAB-10031/Files/20160927-02-IAV-ctrl.txt;https://ftp.ebi.ac.uk/biostudies/fire/E-MTAB-/031/E-MTAB-10031/Files/20160927-03-IAV-succ.txt;https://ftp.ebi.ac.uk/biostudies/fire/E-MTAB-/031/E-MTAB-10031/Files/20160927-04-mock-succ.txt;https://ftp.ebi.ac.uk/biostudies/fire/E-MTAB-/031/E-MTAB-10031/Files/20171113-09-mock-ctrl.txt;https://ftp.ebi.ac.uk/biostudies/fire/E-MTAB-/031/E-MTAB-10031/Files/20171113-10-mock-succ.txt;https://ftp.ebi.ac.uk/biostudies/fire/E-MTAB-/031/E-MTAB-10031/Files/20171113-11-IAV-ctrl.txt;https://ftp.ebi.ac.uk/biostudies/fire/E-MTAB-/031/E-MTAB-10031/Files/20171113-12-IAV-succ.txt;https://ftp.ebi.ac.uk/biostudies/fire/E-MTAB-/031/E-MTAB-10031/Files/20171115-13-mock-ctrl.txt;https://ftp.ebi.ac.uk/biostudies/fire/E-MTAB-/031/E-MTAB-10031/Files/20171115-14-IAV-ctrl.txt;https://ftp.ebi.ac.uk/biostudies/fire/E-MTAB-/031/E-MTAB-10031/Files/20171115-15-mock-succ.txt;https://ftp.ebi.ac.uk/biostudies/fire/E-MTAB-/031/E-MTAB-10031/Files/20171115-16-IAV-succ.txt
E-MTAB-9182,"RNAseq of small intestinal organoids from mice treated with the cytokines IFNG, IL-13 and IL-22 for 24 hours",intestinal organoid,1,https://ftp.ebi.ac.uk/biostudies/fire/E-MTAB-/182/E-MTAB-9182/Files/count_table.txt
E-MTAB-9077,RNA-seq of small intestinal organoids treated with an inhibitor for the epigenetic modifier LSD1,intestinal organoid,1,https://ftp.ebi.ac.uk/biostudies/fire/E-MTAB-/077/E-MTAB-9077/Files/count_table.txt
E-MTAB-9181,"RNA-seq of small intestinal organoids treated with the control medium ENR (EGF, Noggin, R-spondin1) in the presence or absence of muscle supernatant",intestinal organoid,1,https://ftp.ebi.ac.uk/biostudies/fire/E-MTAB-/181/E-MTAB-9181/Files/count_table_2.txt
E-MTAB-14831,"Tifa-/- vs Tifa+/+ small intestinal organoids stimulated with water, IL-22, IL-22+ADP-Heptose",intestinal organoid,1,https://ftp.ebi.ac.uk/biostudies/fire/E-MTAB-/831/E-MTAB-14831/Files/raw_counts.tsv
E-MTAB-6017,RNA-seq of transplanted pluripotent stem cells-derived human intestinal organoids upon mechanical lengthening and human jejunum tissues,intestinal organoid,1,https://ftp.ebi.ac.uk/biostudies/fire/E-MTAB-/017/E-MTAB-6017/Files/gene_matrix_Spring_Sept2016.txt
E-MTAB-1978,Niche-Independent Expansion and Controlled Differentiation of Intestinal Stem Cells in vitro,intestinal organoid,9,https://ftp.ebi.ac.uk/biostudies/fire/E-MTAB-/978/E-MTAB-1978/Files/GA_Agilent_two_color_CHIRVPA_Metadata_Matrix.xls;https://ftp.ebi.ac.uk/biostudies/fire/E-MTAB-/978/E-MTAB-1978/Files/US22502677_251486836622_S01_GE2_105_Dec08_1_1.txt;https://ftp.ebi.ac.uk/biostudies/fire/E-MTAB-/978/E-MTAB-1978/Files/US22502677_251486836622_S01_GE2_105_Dec08_1_2.txt;https://ftp.ebi.ac.uk/biostudies/fire/E-MTAB-/978/E-MTAB-1978/Files/US22502677_251486836622_S01_GE2_105_Dec08_1_3.txt;https://ftp.ebi.ac.uk/biostudies/fire/E-MTAB-/978/E-MTAB-1978/Files/US22502677_251486836622_S01_GE2_105_Dec08_1_4.txt;https://ftp.ebi.ac.uk/biostudies/fire/E-MTAB-/978/E-MTAB-1978/Files/US22502677_251486836623_S01_GE2_105_Dec08_1_1.txt;https://ftp.ebi.ac.uk/biostudies/fire/E-MTAB-/978/E-MTAB-1978/Files/US22502677_251486836623_S01_GE2_105_Dec08_1_2.txt;https://ftp.ebi.ac.uk/biostudies/fire/E-MTAB-/978/E-MTAB-1978/Files/US22502677_251486836623_S01_GE2_105_Dec08_1_3.txt;https://ftp.ebi.ac.uk/biostudies/fire/E-MTAB-/978/E-MTAB-1978/Files/US22502677_251486836623_S01_GE2_105_Dec08_1_4.txt
E-MTAB-11273,"RNA-seq of small intestinal organoids treated with IL-22 for 0, 1 and 4 hours",intestinal organoid,1,https://ftp.ebi.ac.uk/biostudies/fire/E-MTAB-/273/E-MTAB-11273/Files/count_table.txt
E-MTAB-12548,RNA-seq of intestinal organoids treated with the complement C5a receptor 1 (C5aR1) antagonist PMX205 with or without irradiation,intestinal organoid,2,https://ftp.ebi.ac.uk/biostudies/fire/E-MTAB-/548/E-MTAB-12548/Files/olcina_intestinalorganoids_radiation-PMX205_gene_FPKM.txt;https://ftp.ebi.ac.uk/biostudies/fire/E-MTAB-/548/E-MTAB-12548/Files/olcina_intestinalorganoids_radiation-PMX205_gene_counts.txt
E-MTAB-15113,"Transcriptomics analysis of different porcine intestinal models (piglet jejunums, jejunum crypts, and organoids) and conventional cell line models upon infection with the transmissible gastroenteritis virus (TGEV)",intestinal organoid,54,https://ftp.ebi.ac.uk/biostudies/fire/E-MTAB-/113/E-MTAB-15113/Files/O-2-9-P06_trans_abundance.tsv;https://ftp.ebi.ac.uk/biostudies/fire/E-MTAB-/113/E-MTAB-15113/Files/O-2-9-P1_trans_abundance.tsv;https://ftp.ebi.ac.uk/biostudies/fire/E-MTAB-/113/E-MTAB-15113/Files/O-2-9-T1_trans_abundance.tsv;https://ftp.ebi.ac.uk/biostudies/fire/E-MTAB-/113/E-MTAB-15113/Files/O-2-24-P06_trans_abundance.tsv;https://ftp.ebi.ac.uk/biostudies/fire/E-MTAB-/113/E-MTAB-15113/Files/O-2-24-P1_trans_abundance.tsv;https://ftp.ebi.ac.uk/biostudies/fire/E-MTAB-/113/E-MTAB-15113/Files/O-2-24-T1_trans_abundance.tsv;https://ftp.ebi.ac.uk/biostudies/fire/E-MTAB-/113/E-MTAB-15113/Files/O-3-9-P06_trans_abundance.tsv;https://ftp.ebi.ac.uk/biostudies/fire/E-MTAB-/113/E-MTAB-15113/Files/O-3-9-P1_trans_abundance.tsv;https://ftp.ebi.ac.uk/biostudies/fire/E-MTAB-/113/E-MTAB-15113/Files/O-3-9-T1_trans_abundance.tsv;https://ftp.ebi.ac.uk/biostudies/fire/E-MTAB-/113/E-MTAB-15113/Files/O-3-24-P06_trans_abundance.tsv;https://ftp.ebi.ac.uk/biostudies/fire/E-MTAB-/113/E-MTAB-15113/Files/O-3-24-P1_trans_abundance.tsv;https://ftp.ebi.ac.uk/biostudies/fire/E-MTAB-/113/E-MTAB-15113/Files/O-3-24-T1_trans_abundance.tsv;https://ftp.ebi.ac.uk/biostudies/fire/E-MTAB-/113/E-MTAB-15113/Files/O-7-9-P06_trans_abundance.tsv;https://ftp.ebi.ac.uk/biostudies/fire/E-MTAB-/113/E-MTAB-15113/Files/O-7-9-P1_trans_abundance.tsv;https://ftp.ebi.ac.uk/biostudies/fire/E-MTAB-/113/E-MTAB-15113/Files/O-7-9-T1_trans_abundance.tsv;https://ftp.ebi.ac.uk/biostudies/fire/E-MTAB-/113/E-MTAB-15113/Files/O-7-24-P06_trans_abundance.tsv;https://ftp.ebi.ac.uk/biostudies/fire/E-MTAB-/113/E-MTAB-15113/Files/O-7-24-P1_trans_abundance.tsv;https://ftp.ebi.ac.uk/biostudies/fire/E-MTAB-/113/E-MTAB-15113/Files/O-7-24-T1_trans_abundance.tsv;https://ftp.ebi.ac.uk/biostudies/fire/E-MTAB-/113/E-MTAB-15113/Files/O-20-9-Te_trans_abundance.tsv;https://ftp.ebi.ac.uk/biostudies/fire/E-MTAB-/113/E-MTAB-15113/Files/O-20-24-Te_trans_abundance.tsv;https://ftp.ebi.ac.uk/biostudies/fire/E-MTAB-/113/E-MTAB-15113/Files/O-20-cry_trans_abundance.tsv;https://ftp.ebi.ac.uk/biostudies/fire/E-MTAB-/113/E-MTAB-15113/Files/O-20-p5_trans_abundance.tsv;https://ftp.ebi.ac.uk/biostudies/fire/E-MTAB-/113/E-MTAB-15113/Files/O-20-p14_trans_abundance.tsv;https://ftp.ebi.ac.uk/biostudies/fire/E-MTAB-/113/E-MTAB-15113/Files/O-20-p25_trans_abundance.tsv;https://ftp.ebi.ac.uk/biostudies/fire/E-MTAB-/113/E-MTAB-15113/Files/O-33-9-Te_trans_abundance.tsv;https://ftp.ebi.ac.uk/biostudies/fire/E-MTAB-/113/E-MTAB-15113/Files/O-33-24-Te_trans_abundance.tsv;https://ftp.ebi.ac.uk/biostudies/fire/E-MTAB-/113/E-MTAB-15113/Files/O-33-cry_trans_abundance.tsv;https://ftp.ebi.ac.uk/biostudies/fire/E-MTAB-/113/E-MTAB-15113/Files/O-33-p5_trans_abundance.tsv;https://ftp.ebi.ac.uk/biostudies/fire/E-MTAB-/113/E-MTAB-15113/Files/O-33-p14_trans_abundance.tsv;https://ftp.ebi.ac.uk/biostudies/fire/E-MTAB-/113/E-MTAB-15113/Files/O-33-p25_trans_abundance.tsv;https://ftp.ebi.ac.uk/biostudies/fire/E-MTAB-/113/E-MTAB-15113/Files/O-77-9-Te_trans_abundance.tsv;https://ftp.ebi.ac.uk/biostudies/fire/E-MTAB-/113/E-MTAB-15113/Files/O-77-24-Te_trans_abundance.tsv;https://ftp.ebi.ac.uk/biostudies/fire/E-MTAB-/113/E-MTAB-15113/Files/O-77-cry_trans_abundance.tsv;https://ftp.ebi.ac.uk/biostudies/fire/E-MTAB-/113/E-MTAB-15113/Files/O-77-p5_trans_abundance.tsv;https://ftp.ebi.ac.uk/biostudies/fire/E-MTAB-/113/E-MTAB-15113/Files/O-77-p14_trans_abundance.tsv;https://ftp.ebi.ac.uk/biostudies/fire/E-MTAB-/113/E-MTAB-15113/Files/O-77-p25_trans_abundance.tsv;https://ftp.ebi.ac.uk/biostudies/fire/E-MTAB-/113/E-MTAB-15113/Files/P-8915-Te_trans_abundance.tsv;https://ftp.ebi.ac.uk/biostudies/fire/E-MTAB-/113/E-MTAB-15113/Files/P-8925-Pu_trans_abundance.tsv;https://ftp.ebi.ac.uk/biostudies/fire/E-MTAB-/113/E-MTAB-15113/Files/P-8927-Te_trans_abundance.tsv;https://ftp.ebi.ac.uk/biostudies/fire/E-MTAB-/113/E-MTAB-15113/Files/P-8928-Te_trans_abundance.tsv;https://ftp.ebi.ac.uk/biostudies/fire/E-MTAB-/113/E-MTAB-15113/Files/P-8933-Pu_trans_abundance.tsv;https://ftp.ebi.ac.uk/biostudies/fire/E-MTAB-/113/E-MTAB-15113/Files/P-8946-Pu_trans_abundance.tsv;https://ftp.ebi.ac.uk/biostudies/fire/E-MTAB-/113/E-MTAB-15113/Files/ST-1-9-Pu_trans_abundance.tsv;https://ftp.ebi.ac.uk/biostudies/fire/E-MTAB-/113/E-MTAB-15113/Files/ST-1-9-Te_trans_abundance.tsv;https://ftp.ebi.ac.uk/biostudies/fire/E-MTAB-/113/E-MTAB-15113/Files/ST-1-24-Pu_trans_abundance.tsv;https://ftp.ebi.ac.uk/biostudies/fire/E-MTAB-/113/E-MTAB-15113/Files/ST-1-24-Te_trans_abundance.tsv;https://ftp.ebi.ac.uk/biostudies/fire/E-MTAB-/113/E-MTAB-15113/Files/ST-2-9-Pu_trans_abundance.tsv;https://ftp.ebi.ac.uk/biostudies/fire/E-MTAB-/113/E-MTAB-15113/Files/ST-2-9-Te_trans_abundance.tsv;https://ftp.ebi.ac.uk/biostudies/fire/E-MTAB-/113/E-MTAB-15113/Files/ST-2-24-Pu_trans_abundance.tsv;https://ftp.ebi.ac.uk/biostudies/fire/E-MTAB-/113/E-MTAB-15113/Files/ST-2-24-Te_trans_abundance.tsv;https://ftp.ebi.ac.uk/biostudies/fire/E-MTAB-/113/E-MTAB-15113/Files/ST-3-9-Pu_trans_abundance.tsv;https://ftp.ebi.ac.uk/biostudies/fire/E-MTAB-/113/E-MTAB-15113/Files/ST-3-9-Te_trans_abundance.tsv;https://ftp.ebi.ac.uk/biostudies/fire/E-MTAB-/113/E-MTAB-15113/Files/ST-3-24-Pu_trans_abundance.tsv;https://ftp.ebi.ac.uk/biostudies/fire/E-MTAB-/113/E-MTAB-15113/Files/ST-3-24-Te_trans_abundance.tsv
E-MTAB-7863,Human small intestinal organoids grown with a specific protocol to enrich for Paneth cells were treated with an inhbitor (GSK-LSD1) for the epigenetic modulator LSD1.,intestinal organoid,1,https://ftp.ebi.ac.uk/biostudies/fire/E-MTAB-/863/E-MTAB-7863/Files/normalized_matrix2.txt
E-MTAB-14488,Transcriptional profile of small intestinal organoids from C57BL/6 (WT) and Opa1KO mice,intestinal organoid,1,https://ftp.ebi.ac.uk/biostudies/fire/E-MTAB-/488/E-MTAB-14488/Files/raw_counts.tsv
E-MTAB-13578,RNA-seq of transplanted Human Intestinal Organoids differentiated with and without PVDF-TrFE Substrate,intestinal organoid,1,https://ftp.ebi.ac.uk/biostudies/fire/E-MTAB-/578/E-MTAB-13578/Files/gene_matrix.txt
E-MTAB-11214,RNA-seq of colonic tissues from Hif1a(fl/fl) and Ncr1(Cre)Hif1a(fl/fl) mice,colonic organoid,1,https://ftp.ebi.ac.uk/biostudies/fire/E-MTAB-/214/E-MTAB-11214/Files/Colon_Ncr1_Cre_Hif1a_fl_fl.txt
E-MTAB-17066,"Bulk RNA-seq comparing brain organoids in vitro systems treated or not with 3,3’-5-triiodothyronine (T3)",cerebral organoid,20,https://ftp.ebi.ac.uk/biostudies/fire/E-MTAB-/066/E-MTAB-17066/Files/assay_table_CO_model_GEX.csv;https://ftp.ebi.ac.uk/biostudies/fire/E-MTAB-/066/E-MTAB-17066/Files/assay_table_NSCO_model_GEX.csv;https://ftp.ebi.ac.uk/biostudies/fire/E-MTAB-/066/E-MTAB-17066/Files/feature_counts_GEX-BLK_0065_polyA.txt;https://ftp.ebi.ac.uk/biostudies/fire/E-MTAB-/066/E-MTAB-17066/Files/feature_counts_GEX-BLK_0066_polyA.txt;https://ftp.ebi.ac.uk/biostudies/fire/E-MTAB-/066/E-MTAB-17066/Files/feature_counts_GEX-BLK_0067_3pseq.txt;https://ftp.ebi.ac.uk/biostudies/fire/E-MTAB-/066/E-MTAB-17066/Files/feature_counts_GEX-BLK_0068_3pseq.txt;https://ftp.ebi.ac.uk/biostudies/fire/E-MTAB-/066/E-MTAB-17066/Files/feature_counts_GEX-BLK_0069_3pseq.txt;https://ftp.ebi.ac.uk/biostudies/fire/E-MTAB-/066/E-MTAB-17066/Files/feature_counts_GEX-BLK_0070_3pseq.txt;https://ftp.ebi.ac.uk/biostudies/fire/E-MTAB-/066/E-MTAB-17066/Files/feature_counts_RNA185.all_mates.feature_counts.txt;https://ftp.ebi.ac.uk/biostudies/fire/E-MTAB-/066/E-MTAB-17066/Files/feature_counts_RNA186.all_mates.feature_counts.txt;https://ftp.ebi.ac.uk/biostudies/fire/E-MTAB-/066/E-MTAB-17066/Files/feature_counts_RNA187.all_mates.feature_counts.txt;https://ftp.ebi.ac.uk/biostudies/fire/E-MTAB-/066/E-MTAB-17066/Files/feature_counts_RNA188.all_mates.feature_counts.txt;https://ftp.ebi.ac.uk/biostudies/fire/E-MTAB-/066/E-MTAB-17066/Files/feature_counts_RNA189.all_mates.feature_counts.txt;https://ftp.ebi.ac.uk/biostudies/fire/E-MTAB-/066/E-MTAB-17066/Files/feature_counts_RNA190.all_mates.feature_counts.txt;https://ftp.ebi.ac.uk/biostudies/fire/E-MTAB-/066/E-MTAB-17066/Files/feature_counts_RNA191.all_mates.feature_counts.txt;https://ftp.ebi.ac.uk/biostudies/fire/E-MTAB-/066/E-MTAB-17066/Files/feature_counts_RNA192.all_mates.feature_counts.txt;https://ftp.ebi.ac.uk/biostudies/fire/E-MTAB-/066/E-MTAB-17066/Files/feature_counts_RNA193.all_mates.feature_counts.txt;https://ftp.ebi.ac.uk/biostudies/fire/E-MTAB-/066/E-MTAB-17066/Files/feature_counts_RNA200.all_mates.feature_counts.txt;https://ftp.ebi.ac.uk/biostudies/fire/E-MTAB-/066/E-MTAB-17066/Files/feature_counts_RNA201.all_mates.feature_counts.txt;https://ftp.ebi.ac.uk/biostudies/fire/E-MTAB-/066/E-MTAB-17066/Files/feature_counts_RNA202.all_mates.feature_counts.txt
E-MTAB-5513,Infection-induced resistance to experimental cerebral malaria,cerebral organoid,1,https://ftp.ebi.ac.uk/biostudies/fire/E-MTAB-/513/E-MTAB-5513/Files/RMA.txt
E-MTAB-10827,In-depth different rat brain region profiling (miRNAs),brain organoid,12,https://ftp.ebi.ac.uk/biostudies/fire/E-MTAB-/827/E-MTAB-10827/Files/Ctrl_Rat_1_Cerebellum.txt;https://ftp.ebi.ac.uk/biostudies/fire/E-MTAB-/827/E-MTAB-10827/Files/Ctrl_Rat_1_Cortex.txt;https://ftp.ebi.ac.uk/biostudies/fire/E-MTAB-/827/E-MTAB-10827/Files/Ctrl_Rat_1_hippocampus.txt;https://ftp.ebi.ac.uk/biostudies/fire/E-MTAB-/827/E-MTAB-10827/Files/Ctrl_Rat_1_hypothalamus.txt;https://ftp.ebi.ac.uk/biostudies/fire/E-MTAB-/827/E-MTAB-10827/Files/Ctrl_Rat_2_Cerebellum.txt;https://ftp.ebi.ac.uk/biostudies/fire/E-MTAB-/827/E-MTAB-10827/Files/Ctrl_Rat_2_Cortex.txt;https://ftp.ebi.ac.uk/biostudies/fire/E-MTAB-/827/E-MTAB-10827/Files/Ctrl_Rat_2_hippocampus.txt;https://ftp.ebi.ac.uk/biostudies/fire/E-MTAB-/827/E-MTAB-10827/Files/Ctrl_Rat_2_hypothalamus.txt;https://ftp.ebi.ac.uk/biostudies/fire/E-MTAB-/827/E-MTAB-10827/Files/Ctrl_Rat_3_Cerebellum.txt;https://ftp.ebi.ac.uk/biostudies/fire/E-MTAB-/827/E-MTAB-10827/Files/Ctrl_Rat_3_Cortex.txt;https://ftp.ebi.ac.uk/biostudies/fire/E-MTAB-/827/E-MTAB-10827/Files/Ctrl_Rat_3_hippocampus.txt;https://ftp.ebi.ac.uk/biostudies/fire/E-MTAB-/827/E-MTAB-10827/Files/Ctrl_Rat_3_hypothalamus.txt
E-MTAB-10826,In-depth different rat brain region profiling (mRNA),brain organoid,12,https://ftp.ebi.ac.uk/biostudies/fire/E-MTAB-/826/E-MTAB-10826/Files/Ctrl_Rat_1_Cerebellum.txt;https://ftp.ebi.ac.uk/biostudies/fire/E-MTAB-/826/E-MTAB-10826/Files/Ctrl_Rat_1_Cortex.txt;https://ftp.ebi.ac.uk/biostudies/fire/E-MTAB-/826/E-MTAB-10826/Files/Ctrl_Rat_1_Hippocampus.txt;https://ftp.ebi.ac.uk/biostudies/fire/E-MTAB-/826/E-MTAB-10826/Files/Ctrl_Rat_1_Hypothalamus.txt;https://ftp.ebi.ac.uk/biostudies/fire/E-MTAB-/826/E-MTAB-10826/Files/Ctrl_Rat_2_Cerebellum.txt;https://ftp.ebi.ac.uk/biostudies/fire/E-MTAB-/826/E-MTAB-10826/Files/Ctrl_Rat_2_Cortex.txt;https://ftp.ebi.ac.uk/biostudies/fire/E-MTAB-/826/E-MTAB-10826/Files/Ctrl_Rat_2_Hippocampus.txt;https://ftp.ebi.ac.uk/biostudies/fire/E-MTAB-/826/E-MTAB-10826/Files/Ctrl_Rat_2_Hypothalamus.txt;https://ftp.ebi.ac.uk/biostudies/fire/E-MTAB-/826/E-MTAB-10826/Files/Ctrl_Rat_3_Cerebellum.txt;https://ftp.ebi.ac.uk/biostudies/fire/E-MTAB-/826/E-MTAB-10826/Files/Ctrl_Rat_3_Cortex.txt;https://ftp.ebi.ac.uk/biostudies/fire/E-MTAB-/826/E-MTAB-10826/Files/Ctrl_Rat_3_Hippocampus.txt;https://ftp.ebi.ac.uk/biostudies/fire/E-MTAB-/826/E-MTAB-10826/Files/Ctrl_Rat_3_Hypothalamus.txt
E-MTAB-10485,The extracellular function of LGALS3BP in neural progenitors during brain development,brain organoid,3,https://ftp.ebi.ac.uk/biostudies/fire/E-MTAB-/485/E-MTAB-10485/Files/counts.mtx.gz;https://ftp.ebi.ac.uk/biostudies/fire/E-MTAB-/485/E-MTAB-10485/Files/features.tsv.gz;https://ftp.ebi.ac.uk/biostudies/fire/E-MTAB-/485/E-MTAB-10485/Files/metadata.tsv.gz
E-MTAB-10037,RNA-seq of brain organoids from human NKX2.1(GFP/w) hESCs treated with patterning molecules,brain organoid,3,https://ftp.ebi.ac.uk/biostudies/fire/E-MTAB-/037/E-MTAB-10037/Files/ps2_counts.txt;https://ftp.ebi.ac.uk/biostudies/fire/E-MTAB-/037/E-MTAB-10037/Files/ps2_cpm.txt;https://ftp.ebi.ac.uk/biostudies/fire/E-MTAB-/037/E-MTAB-10037/Files/ps2_meta.txt
E-MTAB-1307,Identification of differential expressed genes between proximal gastric cancer and distal gastric cancer,gastric organoid,1,https://ftp.ebi.ac.uk/biostudies/fire/E-MTAB-/307/E-MTAB-1307/Files/data%20file.txt
E-MTAB-1440,Genetic changes in gastric adenoca tumors,gastric organoid,1,https://ftp.ebi.ac.uk/biostudies/fire/E-MTAB-/440/E-MTAB-1440/Files/ExpressionRaw_v2.txt
E-MTAB-1881,Gastric cancer custom mini-array,gastric organoid,41,https://ftp.ebi.ac.uk/biostudies/fire/E-MTAB-/881/E-MTAB-1881/Files/1.txt;https://ftp.ebi.ac.uk/biostudies/fire/E-MTAB-/881/E-MTAB-1881/Files/2.txt;https://ftp.ebi.ac.uk/biostudies/fire/E-MTAB-/881/E-MTAB-1881/Files/3.txt;https://ftp.ebi.ac.uk/biostudies/fire/E-MTAB-/881/E-MTAB-1881/Files/4.txt;https://ftp.ebi.ac.uk/biostudies/fire/E-MTAB-/881/E-MTAB-1881/Files/5.txt;https://ftp.ebi.ac.uk/biostudies/fire/E-MTAB-/881/E-MTAB-1881/Files/6.txt;https://ftp.ebi.ac.uk/biostudies/fire/E-MTAB-/881/E-MTAB-1881/Files/7.txt;https://ftp.ebi.ac.uk/biostudies/fire/E-MTAB-/881/E-MTAB-1881/Files/8.txt;https://ftp.ebi.ac.uk/biostudies/fire/E-MTAB-/881/E-MTAB-1881/Files/9.txt;https://ftp.ebi.ac.uk/biostudies/fire/E-MTAB-/881/E-MTAB-1881/Files/10.txt;https://ftp.ebi.ac.uk/biostudies/fire/E-MTAB-/881/E-MTAB-1881/Files/11.txt;https://ftp.ebi.ac.uk/biostudies/fire/E-MTAB-/881/E-MTAB-1881/Files/12.txt;https://ftp.ebi.ac.uk/biostudies/fire/E-MTAB-/881/E-MTAB-1881/Files/13.txt;https://ftp.ebi.ac.uk/biostudies/fire/E-MTAB-/881/E-MTAB-1881/Files/14.txt;https://ftp.ebi.ac.uk/biostudies/fire/E-MTAB-/881/E-MTAB-1881/Files/15.txt;https://ftp.ebi.ac.uk/biostudies/fire/E-MTAB-/881/E-MTAB-1881/Files/16.txt;https://ftp.ebi.ac.uk/biostudies/fire/E-MTAB-/881/E-MTAB-1881/Files/17.txt;https://ftp.ebi.ac.uk/biostudies/fire/E-MTAB-/881/E-MTAB-1881/Files/18.txt;https://ftp.ebi.ac.uk/biostudies/fire/E-MTAB-/881/E-MTAB-1881/Files/19.txt;https://ftp.ebi.ac.uk/biostudies/fire/E-MTAB-/881/E-MTAB-1881/Files/20.txt;https://ftp.ebi.ac.uk/biostudies/fire/E-MTAB-/881/E-MTAB-1881/Files/21.txt;https://ftp.ebi.ac.uk/biostudies/fire/E-MTAB-/881/E-MTAB-1881/Files/22.txt;https://ftp.ebi.ac.uk/biostudies/fire/E-MTAB-/881/E-MTAB-1881/Files/23.txt;https://ftp.ebi.ac.uk/biostudies/fire/E-MTAB-/881/E-MTAB-1881/Files/24.txt;https://ftp.ebi.ac.uk/biostudies/fire/E-MTAB-/881/E-MTAB-1881/Files/25.txt;https://ftp.ebi.ac.uk/biostudies/fire/E-MTAB-/881/E-MTAB-1881/Files/26.txt;https://ftp.ebi.ac.uk/biostudies/fire/E-MTAB-/881/E-MTAB-1881/Files/27.txt;https://ftp.ebi.ac.uk/biostudies/fire/E-MTAB-/881/E-MTAB-1881/Files/28.txt;https://ftp.ebi.ac.uk/biostudies/fire/E-MTAB-/881/E-MTAB-1881/Files/29.txt;https://ftp.ebi.ac.uk/biostudies/fire/E-MTAB-/881/E-MTAB-1881/Files/30.txt;https://ftp.ebi.ac.uk/biostudies/fire/E-MTAB-/881/E-MTAB-1881/Files/31.txt;https://ftp.ebi.ac.uk/biostudies/fire/E-MTAB-/881/E-MTAB-1881/Files/32.txt;https://ftp.ebi.ac.uk/biostudies/fire/E-MTAB-/881/E-MTAB-1881/Files/33.txt;https://ftp.ebi.ac.uk/biostudies/fire/E-MTAB-/881/E-MTAB-1881/Files/34.txt;https://ftp.ebi.ac.uk/biostudies/fire/E-MTAB-/881/E-MTAB-1881/Files/35.txt;https://ftp.ebi.ac.uk/biostudies/fire/E-MTAB-/881/E-MTAB-1881/Files/36.txt;https://ftp.ebi.ac.uk/biostudies/fire/E-MTAB-/881/E-MTAB-1881/Files/37.txt;https://ftp.ebi.ac.uk/biostudies/fire/E-MTAB-/881/E-MTAB-1881/Files/38.txt;https://ftp.ebi.ac.uk/biostudies/fire/E-MTAB-/881/E-MTAB-1881/Files/39.txt;https://ftp.ebi.ac.uk/biostudies/fire/E-MTAB-/881/E-MTAB-1881/Files/40.txt;https://ftp.ebi.ac.uk/biostudies/fire/E-MTAB-/881/E-MTAB-1881/Files/nordata_housekeeping9.txt
E-MTAB-6693,A microarray meta-dataset of gastric cancer,gastric organoid,1,https://ftp.ebi.ac.uk/biostudies/fire/E-MTAB-/693/E-MTAB-6693/Files/esets_gastric_exprs.txt
E-MTAB-3368,Transcription profiling by array of fetal and adult normal human pancreas tissue,pancreas organoid,1,https://ftp.ebi.ac.uk/biostudies/fire/E-MTAB-/368/E-MTAB-3368/Files/Pancreas_development.txt
E-MTAB-594,MiRNA expression in perinatal rat pancreas,pancreas organoid,16,https://ftp.ebi.ac.uk/biostudies/fire/E-MTAB-/594/E-MTAB-594/Files/Slide_E20.1_w595.txt;https://ftp.ebi.ac.uk/biostudies/fire/E-MTAB-/594/E-MTAB-594/Files/Slide_E20.1s_w685.txt;https://ftp.ebi.ac.uk/biostudies/fire/E-MTAB-/594/E-MTAB-594/Files/Slide_E20.2_w595.txt;https://ftp.ebi.ac.uk/biostudies/fire/E-MTAB-/594/E-MTAB-594/Files/Slide_E20.2s_w685.txt;https://ftp.ebi.ac.uk/biostudies/fire/E-MTAB-/594/E-MTAB-594/Files/Slide_E20.3_w595.txt;https://ftp.ebi.ac.uk/biostudies/fire/E-MTAB-/594/E-MTAB-594/Files/Slide_E20.3s_w685.txt;https://ftp.ebi.ac.uk/biostudies/fire/E-MTAB-/594/E-MTAB-594/Files/Slide_P0.1_w595.txt;https://ftp.ebi.ac.uk/biostudies/fire/E-MTAB-/594/E-MTAB-594/Files/Slide_P0.1s_w685.txt;https://ftp.ebi.ac.uk/biostudies/fire/E-MTAB-/594/E-MTAB-594/Files/Slide_P0.2_w595.txt;https://ftp.ebi.ac.uk/biostudies/fire/E-MTAB-/594/E-MTAB-594/Files/Slide_P0.2s_w685.txt;https://ftp.ebi.ac.uk/biostudies/fire/E-MTAB-/594/E-MTAB-594/Files/Slide_P2.1_w595.txt;https://ftp.ebi.ac.uk/biostudies/fire/E-MTAB-/594/E-MTAB-594/Files/Slide_P2.1s_w685.txt;https://ftp.ebi.ac.uk/biostudies/fire/E-MTAB-/594/E-MTAB-594/Files/Slide_P2.2_w595.txt;https://ftp.ebi.ac.uk/biostudies/fire/E-MTAB-/594/E-MTAB-594/Files/Slide_P2.2s_w685.txt;https://ftp.ebi.ac.uk/biostudies/fire/E-MTAB-/594/E-MTAB-594/Files/Slide_P2.3_w595.txt;https://ftp.ebi.ac.uk/biostudies/fire/E-MTAB-/594/E-MTAB-594/Files/Slide_P2.3s_w685.txt
E-MTAB-16105,"RNA-Seq of human pancreas organoids in expansion conditions in the presence of DMSO, CHIR99021 or CHIR99021 in the absence of FGF2",pancreas organoid,9,https://ftp.ebi.ac.uk/biostudies/fire/E-MTAB-/105/E-MTAB-16105/Files/CHIR_NO_FGF2_barcodes.tsv.gz;https://ftp.ebi.ac.uk/biostudies/fire/E-MTAB-/105/E-MTAB-16105/Files/CHIR_NO_FGF2_features.tsv.gz;https://ftp.ebi.ac.uk/biostudies/fire/E-MTAB-/105/E-MTAB-16105/Files/CHIR_NO_FGF2_matrix.mtx.gz;https://ftp.ebi.ac.uk/biostudies/fire/E-MTAB-/105/E-MTAB-16105/Files/CHIR_barcodes.tsv.gz;https://ftp.ebi.ac.uk/biostudies/fire/E-MTAB-/105/E-MTAB-16105/Files/CHIR_features.tsv.gz;https://ftp.ebi.ac.uk/biostudies/fire/E-MTAB-/105/E-MTAB-16105/Files/CHIR_matrix.mtx.gz;https://ftp.ebi.ac.uk/biostudies/fire/E-MTAB-/105/E-MTAB-16105/Files/DMSO_barcodes.tsv.gz;https://ftp.ebi.ac.uk/biostudies/fire/E-MTAB-/105/E-MTAB-16105/Files/DMSO_features.tsv.gz;https://ftp.ebi.ac.uk/biostudies/fire/E-MTAB-/105/E-MTAB-16105/Files/DMSO_matrix.mtx.gz
E-MTAB-15511,Essential Role of Thioredoxin and Glutathione in Pancreas,pancreas organoid,1,https://ftp.ebi.ac.uk/biostudies/fire/E-MTAB-/511/E-MTAB-15511/Files/250814_BL457_counts.txt
E-MTAB-5060,Whole-islet RNA-sequencing analysis of human pancreas from healthy individuals and type 2 diabetes patients,pancreas organoid,1,https://ftp.ebi.ac.uk/biostudies/fire/E-MTAB-/060/E-MTAB-5060/Files/pancreas_refseq_rpkms_wholeislet.txt
E-MTAB-3070,"Gene expression profiling of MafA, MafB, and MafA/MafB Mutants in E18.5 pancreas",pancreas organoid,15,https://ftp.ebi.ac.uk/biostudies/fire/E-MTAB-/070/E-MTAB-3070/Files/13684836-Normalized_For_RAD.txt;https://ftp.ebi.ac.uk/biostudies/fire/E-MTAB-/070/E-MTAB-3070/Files/13684837-Normalized_For_RAD.txt;https://ftp.ebi.ac.uk/biostudies/fire/E-MTAB-/070/E-MTAB-3070/Files/13684838-Normalized_For_RAD.txt;https://ftp.ebi.ac.uk/biostudies/fire/E-MTAB-/070/E-MTAB-3070/Files/13684839-Normalized_For_RAD.txt;https://ftp.ebi.ac.uk/biostudies/fire/E-MTAB-/070/E-MTAB-3070/Files/13684852-Normalized_For_RAD.txt;https://ftp.ebi.ac.uk/biostudies/fire/E-MTAB-/070/E-MTAB-3070/Files/13684853-Normalized_For_RAD.txt;https://ftp.ebi.ac.uk/biostudies/fire/E-MTAB-/070/E-MTAB-3070/Files/13684854-Normalized_For_RAD.txt;https://ftp.ebi.ac.uk/biostudies/fire/E-MTAB-/070/E-MTAB-3070/Files/13684880-Normalized_For_RAD.txt;https://ftp.ebi.ac.uk/biostudies/fire/E-MTAB-/070/E-MTAB-3070/Files/13684881-Normalized_For_RAD.txt;https://ftp.ebi.ac.uk/biostudies/fire/E-MTAB-/070/E-MTAB-3070/Files/13684882-Normalized_For_RAD.txt;https://ftp.ebi.ac.uk/biostudies/fire/E-MTAB-/070/E-MTAB-3070/Files/13684884-Normalized_For_RAD.txt;https://ftp.ebi.ac.uk/biostudies/fire/E-MTAB-/070/E-MTAB-3070/Files/13684885-Normalized_For_RAD.txt;https://ftp.ebi.ac.uk/biostudies/fire/E-MTAB-/070/E-MTAB-3070/Files/13684886-Normalized_For_RAD.txt;https://ftp.ebi.ac.uk/biostudies/fire/E-MTAB-/070/E-MTAB-3070/Files/13684887-Normalized_For_RAD.txt;https://ftp.ebi.ac.uk/biostudies/fire/E-MTAB-/070/E-MTAB-3070/Files/13684888-Normalized_For_RAD.txt
