experiment,donor,condition,forskolin,well,auc_well,sd_well,n
HitCF_A1_A2_20220422_plate003,PDIO_01,DMSO,0.128,E6,1772.90836653386,0,7
HitCF_A1_A2_20220422_plate003,PDIO_01,DMSO,0.128,F6,462.5858394506573,0,7
HitCF_A1_A2_20220422_plate003,PDIO_01,VX445_VX661_VX770,0.128,E4,3559.919436052352,0,7
HitCF_A1_A2_20220422_plate003,PDIO_01,VX445_VX661_VX770,0.128,F4,2579.3509950563907,0,7
HitCF_A1_A2_20220422_plate003,PDIO_02,DMSO,0.128,C9,544.3632567849652,0,7
HitCF_A1_A2_20220422_plate003,PDIO_02,DMSO,0.128,D9,483.7686567164194,0,7
HitCF_A1_A2_20220422_plate003,PDIO_02,VX445_VX661_VX770,0.128,C7,976.2606671838553,0,7
HitCF_A1_A2_20220422_plate003,PDIO_02,VX445_VX661_VX770,0.128,D7,1657.9958616612394,0,7
HitCF_A1_A2_20220422_plate003,control,DMSO,0.128,E12,10.065127294267242,0,7
HitCF_A1_A2_20220422_plate003,control,DMSO,0.128,F12,-2.264448163822692,0,7
HitCF_A1_A2_20220422_plate003,control,VX445_VX661_VX770,0.128,E10,2458.4851639771023,0,7
HitCF_A1_A2_20220422_plate003,control,VX445_VX661_VX770,0.128,F10,1974.2341934510282,0,7
HitCF_A1_A2_20220513_plate010,PDIO_03,DMSO,0.128,C9,403.8120567375764,0,7
HitCF_A1_A2_20220513_plate010,PDIO_03,DMSO,0.128,D9,518.2291666666622,0,7
HitCF_A1_A2_20220513_plate010,PDIO_03,VX445_VX661_VX770,0.128,C7,1694.5480075533842,0,7
HitCF_A1_A2_20220513_plate010,PDIO_03,VX445_VX661_VX770,0.128,D7,1768.314472900552,0,7
HitCF_A1_A2_20220513_plate010,control,DMSO,0.128,E12,364.1977752266348,0,7
HitCF_A1_A2_20220513_plate010,control,DMSO,0.128,F12,351.48559155181647,0,7
HitCF_A1_A2_20220513_plate010,control,VX445_VX661_VX770,0.128,E10,3006.3141087671825,0,7
HitCF_A1_A2_20220513_plate010,control,VX445_VX661_VX770,0.128,F10,2674.50495049505,0,7
HitCF_A1_A2_20220603_plate021,PDIO_03,DMSO,0.128,E6,934.6102049977346,0,7
HitCF_A1_A2_20220603_plate021,PDIO_03,DMSO,0.128,F6,-352.64986967854446,0,7
HitCF_A1_A2_20220603_plate021,PDIO_03,VX445_VX661_VX770,0.128,E4,870.5054419055182,0,7
HitCF_A1_A2_20220603_plate021,PDIO_03,VX445_VX661_VX770,0.128,F4,853.2744542576205,0,7
HitCF_A1_A2_20220603_plate021,control,DMSO,0.128,E12,-545.0792233876557,0,7
HitCF_A1_A2_20220603_plate021,control,DMSO,0.128,F12,-201.65222101841707,0,7
HitCF_A1_A2_20220603_plate021,control,VX445_VX661_VX770,0.128,E10,919.0688698588937,0,7
HitCF_A1_A2_20220603_plate021,control,VX445_VX661_VX770,0.128,F10,1536.722789341118,0,7
HitCF_A1_A2_20221027_plate085,PDIO_04,DMSO,0.128,C9,226.53993417075463,0,7
HitCF_A1_A2_20221027_plate085,PDIO_04,DMSO,0.128,D9,22.661189827846684,0,7
HitCF_A1_A2_20221027_plate085,PDIO_04,VX445_VX661_VX770,0.128,C7,3897.7956934381154,0,7
HitCF_A1_A2_20221027_plate085,PDIO_04,VX445_VX661_VX770,0.128,D7,3578.0039172272927,0,7
HitCF_A1_A2_20221027_plate085,control,DMSO,0.128,E12,103.20129546587125,0,7
HitCF_A1_A2_20221027_plate085,control,DMSO,0.128,F12,70.94268318286623,0,7
HitCF_A1_A2_20221027_plate085,control,VX445_VX661_VX770,0.128,E10,2116.2633710665737,0,7
HitCF_A1_A2_20221027_plate085,control,VX445_VX661_VX770,0.128,F10,2296.7022886758705,0,7
HitCF_A1_A2_20221028_plate088,PDIO_04,DMSO,0.128,C3,-178.91040242977127,0,7
HitCF_A1_A2_20221028_plate088,PDIO_04,DMSO,0.128,D3,512.806637806631,0,7
HitCF_A1_A2_20221028_plate088,PDIO_04,VX445_VX661_VX770,0.128,C1,3638.257575757598,0,7
HitCF_A1_A2_20221028_plate088,PDIO_04,VX445_VX661_VX770,0.128,D1,2506.3849765258483,0,7
HitCF_A1_A2_20221028_plate088,control,DMSO,0.128,E12,-60.43906810035821,0,7
HitCF_A1_A2_20221028_plate088,control,DMSO,0.128,F12,-0.6637755553600755,0,7
HitCF_A1_A2_20221028_plate088,control,VX445_VX661_VX770,0.128,E10,2265.141193955904,0,7
HitCF_A1_A2_20221028_plate088,control,VX445_VX661_VX770,0.128,F10,2434.706532416506,0,7
HitCF_A1_A2_20221104_plate093,PDIO_04,DMSO,0.128,E6,570.0227431770492,0,7
HitCF_A1_A2_20221104_plate093,PDIO_04,DMSO,0.128,F6,329.77950884604417,0,7
HitCF_A1_A2_20221104_plate093,PDIO_04,VX445_VX661_VX770,0.128,E4,2514.1359980502107,0,7
HitCF_A1_A2_20221104_plate093,PDIO_04,VX445_VX661_VX770,0.128,F4,2397.5858551513047,0,7
HitCF_A1_A2_20221104_plate093,control,DMSO,0.128,E12,-78.31817121530463,0,7
HitCF_A1_A2_20221104_plate093,control,DMSO,0.128,F12,-26.404528210990534,0,7
HitCF_A1_A2_20221104_plate093,control,VX445_VX661_VX770,0.128,E10,2053.4099332839132,0,7
HitCF_A1_A2_20221104_plate093,control,VX445_VX661_VX770,0.128,F10,2595.244107744102,0,7
HitCF_A1_A2_20221110_plate097,PDIO_02,DMSO,0.128,C9,269.7512003491889,0,7
HitCF_A1_A2_20221110_plate097,PDIO_02,DMSO,0.128,D9,222.5487890900535,0,7
HitCF_A1_A2_20221110_plate097,PDIO_02,VX445_VX661_VX770,0.128,C7,1118.5106915440879,0,7
HitCF_A1_A2_20221110_plate097,PDIO_02,VX445_VX661_VX770,0.128,D7,1441.482150926351,0,7
HitCF_A1_A2_20221110_plate097,control,DMSO,0.128,E12,-16.92451458830803,0,7
HitCF_A1_A2_20221110_plate097,control,DMSO,0.128,F12,62.79146775573324,0,7
HitCF_A1_A2_20221110_plate097,control,VX445_VX661_VX770,0.128,E10,1979.0419161676543,0,7
HitCF_A1_A2_20221110_plate097,control,VX445_VX661_VX770,0.128,F10,2544.2427680090623,0,7
HitCF_A1_A2_20221117_plate099,PDIO_01,DMSO,0.128,C3,82.36836355692681,0,7
HitCF_A1_A2_20221117_plate099,PDIO_01,DMSO,0.128,D3,81.1168144345865,0,7
HitCF_A1_A2_20221117_plate099,PDIO_01,VX445_VX661_VX770,0.128,C1,2231.2637190341825,0,7
HitCF_A1_A2_20221117_plate099,PDIO_01,VX445_VX661_VX770,0.128,D1,1437.9215477458322,0,7
HitCF_A1_A2_20221117_plate099,control,DMSO,0.128,E12,51.06310306549666,0,7
HitCF_A1_A2_20221117_plate099,control,DMSO,0.128,F12,85.79119850186245,0,7
HitCF_A1_A2_20221117_plate099,control,VX445_VX661_VX770,0.128,E10,3207.343535861123,0,7
HitCF_A1_A2_20221117_plate099,control,VX445_VX661_VX770,0.128,F10,2154.4457274826623,0,7
HitCF_A1_A2_20221117_plate100,PDIO_02,DMSO,0.128,C9,-62.544802867384774,0,7
HitCF_A1_A2_20221117_plate100,PDIO_02,DMSO,0.128,D9,208.74578177728054,0,7
HitCF_A1_A2_20221117_plate100,PDIO_02,VX445_VX661_VX770,0.128,C7,477.06808152437867,0,7
HitCF_A1_A2_20221117_plate100,PDIO_02,VX445_VX661_VX770,0.128,D7,521.0914380297953,0,7
HitCF_A1_A2_20221117_plate100,control,DMSO,0.128,E12,7.2364182950394,0,7
HitCF_A1_A2_20221117_plate100,control,DMSO,0.128,F12,8.930522176100482,0,7
HitCF_A1_A2_20221117_plate100,control,VX445_VX661_VX770,0.128,E10,1925.9180550832953,0,7
HitCF_A1_A2_20221117_plate100,control,VX445_VX661_VX770,0.128,F10,2126.561313918974,0,7
HitCF_A1_A2_20221124_plate101,PDIO_03,DMSO,0.128,E6,2546.5687725738676,0,7
HitCF_A1_A2_20221124_plate101,PDIO_03,DMSO,0.128,F6,1519.1123380760348,0,7
HitCF_A1_A2_20221124_plate101,PDIO_03,VX445_VX661_VX770,0.128,E4,4130.538219118816,0,7
HitCF_A1_A2_20221124_plate101,PDIO_03,VX445_VX661_VX770,0.128,F4,4019.031387586984,0,7
HitCF_A1_A2_20221124_plate101,control,DMSO,0.128,E12,-135.22046232876852,0,7
HitCF_A1_A2_20221124_plate101,control,DMSO,0.128,F12,-156.96053196052867,0,7
HitCF_A1_A2_20221124_plate101,control,VX445_VX661_VX770,0.128,E10,2909.742020721795,0,7
HitCF_A1_A2_20221124_plate101,control,VX445_VX661_VX770,0.128,F10,2736.697711356598,0,7
HitCF_A1_A2_20230208_plate119,PDIO_05,DMSO,0.128,E6,-874.1721854304658,0,7
HitCF_A1_A2_20230208_plate119,PDIO_05,DMSO,0.128,F6,22.643883006610963,0,7
HitCF_A1_A2_20230208_plate119,PDIO_05,VX445_VX661_VX770,0.128,E4,1249.9641731155089,0,7
HitCF_A1_A2_20230208_plate119,PDIO_05,VX445_VX661_VX770,0.128,F4,1446.8969025548267,0,7
HitCF_A1_A2_20230208_plate119,PDIO_06,DMSO,0.128,C9,-190.833721077789,0,7
HitCF_A1_A2_20230208_plate119,PDIO_06,DMSO,0.128,D9,330.5389837482012,0,7
HitCF_A1_A2_20230208_plate119,PDIO_06,VX445_VX661_VX770,0.128,C7,1289.9842813635928,0,7
HitCF_A1_A2_20230208_plate119,PDIO_06,VX445_VX661_VX770,0.128,D7,1994.9987548767335,0,7
HitCF_A1_A2_20230208_plate119,control,DMSO,0.128,E12,316.1645610625193,0,7
HitCF_A1_A2_20230208_plate119,control,DMSO,0.128,F12,42.13190679639901,0,7
HitCF_A1_A2_20230208_plate119,control,VX445_VX661_VX770,0.128,E10,955.6670656477306,0,7
HitCF_A1_A2_20230208_plate119,control,VX445_VX661_VX770,0.128,F10,1492.1477549214837,0,7
HitCF_A1_A2_20230223_plate121,PDIO_05,DMSO,0.128,E6,-10.641296687820727,0,7
HitCF_A1_A2_20230223_plate121,PDIO_05,DMSO,0.128,F6,197.49403341289351,0,7
HitCF_A1_A2_20230223_plate121,PDIO_05,VX445_VX661_VX770,0.128,E4,1916.218768158042,0,7
HitCF_A1_A2_20230223_plate121,PDIO_05,VX445_VX661_VX770,0.128,F4,1723.3268858800886,0,7
HitCF_A1_A2_20230223_plate121,PDIO_06,DMSO,0.128,C9,-30.89800357337424,0,7
HitCF_A1_A2_20230223_plate121,PDIO_06,DMSO,0.128,D9,2.0465442638177933,0,7
HitCF_A1_A2_20230223_plate121,PDIO_06,VX445_VX661_VX770,0.128,C7,1552.6684714299522,0,7
HitCF_A1_A2_20230223_plate121,PDIO_06,VX445_VX661_VX770,0.128,D7,1534.8288302118478,0,7
HitCF_A1_A2_20230223_plate121,control,DMSO,0.128,E12,-88.07907937444405,0,7
HitCF_A1_A2_20230223_plate121,control,DMSO,0.128,F12,-110.8356133150874,0,7
HitCF_A1_A2_20230223_plate121,control,VX445_VX661_VX770,0.128,E10,1171.1680517082166,0,7
HitCF_A1_A2_20230223_plate121,control,VX445_VX661_VX770,0.128,F10,1660.0956660385573,0,7
HitCF_A1_A2_20230301_plate122,PDIO_05,DMSO,0.128,E6,988.9758673398463,0,7
HitCF_A1_A2_20230301_plate122,PDIO_05,DMSO,0.128,F6,1036.145218731733,0,7
HitCF_A1_A2_20230301_plate122,PDIO_05,VX445_VX661_VX770,0.128,E4,2282.2290478279983,0,7
HitCF_A1_A2_20230301_plate122,PDIO_05,VX445_VX661_VX770,0.128,F4,2180.030084784389,0,7
HitCF_A1_A2_20230301_plate122,PDIO_06,DMSO,0.128,C9,292.8150866114896,0,7
HitCF_A1_A2_20230301_plate122,PDIO_06,DMSO,0.128,D9,371.778350515459,0,7
HitCF_A1_A2_20230301_plate122,PDIO_06,VX445_VX661_VX770,0.128,C7,2058.635703918714,0,7
HitCF_A1_A2_20230301_plate122,PDIO_06,VX445_VX661_VX770,0.128,D7,1996.4941224994814,0,7
HitCF_A1_A2_20230301_plate122,control,DMSO,0.128,E12,103.73131518505772,0,7
HitCF_A1_A2_20230301_plate122,control,DMSO,0.128,F12,65.18631785394135,0,7
HitCF_A1_A2_20230301_plate122,control,VX445_VX661_VX770,0.128,E10,1411.8146912570032,0,7
HitCF_A1_A2_20230301_plate122,control,VX445_VX661_VX770,0.128,F10,1242.0099032185474,0,7
HitCF_A1_A2_20230314_plate124,PDIO_01,DMSO,0.128,C9,389.10050481872764,0,7
HitCF_A1_A2_20230314_plate124,PDIO_01,DMSO,0.128,D9,-12.230919765170682,0,7
HitCF_A1_A2_20230314_plate124,PDIO_01,VX445_VX661_VX770,0.128,C7,2563.930431458743,0,7
HitCF_A1_A2_20230314_plate124,PDIO_01,VX445_VX661_VX770,0.128,D7,2400.1624802388815,0,7
