time,position,area,experiment,date,donor,condition,forskolin,duplicate,well,interval,time_in_minutes
1,27,196547.621685181,HitCF_A1_A2_20220422_plate003,20220422,PDIO_01,VX445_VX661_VX770,0.128,2,F4,10,0
2,27,233669.684850464,HitCF_A1_A2_20220422_plate003,20220422,PDIO_01,VX445_VX661_VX770,0.128,2,F4,10,10
3,27,269745.35428894,HitCF_A1_A2_20220422_plate003,20220422,PDIO_01,VX445_VX661_VX770,0.128,2,F4,10,20
4,27,298969.636230469,HitCF_A1_A2_20220422_plate003,20220422,PDIO_01,VX445_VX661_VX770,0.128,2,F4,10,30
5,27,312248.870906372,HitCF_A1_A2_20220422_plate003,20220422,PDIO_01,VX445_VX661_VX770,0.128,2,F4,10,40
6,27,315961.0772229,HitCF_A1_A2_20220422_plate003,20220422,PDIO_01,VX445_VX661_VX770,0.128,2,F4,10,50
7,27,314765.198677978,HitCF_A1_A2_20220422_plate003,20220422,PDIO_01,VX445_VX661_VX770,0.128,2,F4,10,60
1,28,222657.636582642,HitCF_A1_A2_20220422_plate003,20220422,PDIO_01,VX445_VX661_VX770,0.128,1,E4,10,0
2,28,294310.692732544,HitCF_A1_A2_20220422_plate003,20220422,PDIO_01,VX445_VX661_VX770,0.128,1,E4,10,10
3,28,342669.031392822,HitCF_A1_A2_20220422_plate003,20220422,PDIO_01,VX445_VX661_VX770,0.128,1,E4,10,20
4,28,375107.236923828,HitCF_A1_A2_20220422_plate003,20220422,PDIO_01,VX445_VX661_VX770,0.128,1,E4,10,30
5,28,393942.324006348,HitCF_A1_A2_20220422_plate003,20220422,PDIO_01,VX445_VX661_VX770,0.128,1,E4,10,40
6,28,410161.426771851,HitCF_A1_A2_20220422_plate003,20220422,PDIO_01,VX445_VX661_VX770,0.128,1,E4,10,50
7,28,402139.074866333,HitCF_A1_A2_20220422_plate003,20220422,PDIO_01,VX445_VX661_VX770,0.128,1,E4,10,60
1,43,105212.397816772,HitCF_A1_A2_20220422_plate003,20220422,PDIO_01,DMSO,0.128,2,F6,10,0
2,43,115227.880630493,HitCF_A1_A2_20220422_plate003,20220422,PDIO_01,DMSO,0.128,2,F6,10,10
3,43,108501.063815308,HitCF_A1_A2_20220422_plate003,20220422,PDIO_01,DMSO,0.128,2,F6,10,20
4,43,112487.325631714,HitCF_A1_A2_20220422_plate003,20220422,PDIO_01,DMSO,0.128,2,F6,10,30
5,43,115825.819902954,HitCF_A1_A2_20220422_plate003,20220422,PDIO_01,DMSO,0.128,2,F6,10,40
6,43,118317.233538208,HitCF_A1_A2_20220422_plate003,20220422,PDIO_01,DMSO,0.128,2,F6,10,50
7,43,113957.259676514,HitCF_A1_A2_20220422_plate003,20220422,PDIO_01,DMSO,0.128,2,F6,10,60
1,44,62534.4822448731,HitCF_A1_A2_20220422_plate003,20220422,PDIO_01,DMSO,0.128,1,E6,10,0
2,44,85081.7756439209,HitCF_A1_A2_20220422_plate003,20220422,PDIO_01,DMSO,0.128,1,E6,10,10
3,44,84234.6950079346,HitCF_A1_A2_20220422_plate003,20220422,PDIO_01,DMSO,0.128,1,E6,10,20
4,44,82191.7358270264,HitCF_A1_A2_20220422_plate003,20220422,PDIO_01,DMSO,0.128,1,E6,10,30
5,44,79401.352555542,HitCF_A1_A2_20220422_plate003,20220422,PDIO_01,DMSO,0.128,1,E6,10,40
6,44,81070.5996911621,HitCF_A1_A2_20220422_plate003,20220422,PDIO_01,DMSO,0.128,1,E6,10,50
7,44,85654.8007800293,HitCF_A1_A2_20220422_plate003,20220422,PDIO_01,DMSO,0.128,1,E6,10,60
1,51,521427.95972229,HitCF_A1_A2_20230314_plate124,20230314,PDIO_01,VX445_VX661_VX770,0.128,1,C7,10,0
1,52,567344.71302002,HitCF_A1_A2_20230314_plate124,20230314,PDIO_01,VX445_VX661_VX770,0.128,2,D7,10,0
1,67,542879.031121826,HitCF_A1_A2_20230314_plate124,20230314,PDIO_01,DMSO,0.128,1,C9,10,0
1,68,381933.710284424,HitCF_A1_A2_20230314_plate124,20230314,PDIO_01,DMSO,0.128,2,D9,10,0
2,51,590215.89019165,HitCF_A1_A2_20230314_plate124,20230314,PDIO_01,VX445_VX661_VX770,0.128,1,C7,10,10
2,52,625593.963812256,HitCF_A1_A2_20230314_plate124,20230314,PDIO_01,VX445_VX661_VX770,0.128,2,D7,10,10
2,67,561116.178931885,HitCF_A1_A2_20230314_plate124,20230314,PDIO_01,DMSO,0.128,1,C9,10,10
2,68,371868.399197998,HitCF_A1_A2_20230314_plate124,20230314,PDIO_01,DMSO,0.128,2,D9,10,10
3,51,696848.393780518,HitCF_A1_A2_20230314_plate124,20230314,PDIO_01,VX445_VX661_VX770,0.128,1,C7,10,20
3,52,755969.639345093,HitCF_A1_A2_20230314_plate124,20230314,PDIO_01,VX445_VX661_VX770,0.128,2,D7,10,20
3,67,570010.525609741,HitCF_A1_A2_20230314_plate124,20230314,PDIO_01,DMSO,0.128,1,C9,10,20
3,68,375231.807605591,HitCF_A1_A2_20230314_plate124,20230314,PDIO_01,DMSO,0.128,2,D9,10,20
4,51,781431.886697388,HitCF_A1_A2_20230314_plate124,20230314,PDIO_01,VX445_VX661_VX770,0.128,1,C7,10,30
4,52,847354.691486206,HitCF_A1_A2_20230314_plate124,20230314,PDIO_01,VX445_VX661_VX770,0.128,2,D7,10,30
4,67,577983.049242554,HitCF_A1_A2_20230314_plate124,20230314,PDIO_01,DMSO,0.128,1,C9,10,30
4,68,380463.776239624,HitCF_A1_A2_20230314_plate124,20230314,PDIO_01,DMSO,0.128,2,D9,10,30
5,51,840079.763671265,HitCF_A1_A2_20230314_plate124,20230314,PDIO_01,VX445_VX661_VX770,0.128,1,C7,10,40
5,52,899001.696145019,HitCF_A1_A2_20230314_plate124,20230314,PDIO_01,VX445_VX661_VX770,0.128,2,D7,10,40
5,67,586030.315284424,HitCF_A1_A2_20230314_plate124,20230314,PDIO_01,DMSO,0.128,1,C9,10,40
5,68,384400.209783325,HitCF_A1_A2_20230314_plate124,20230314,PDIO_01,DMSO,0.128,2,D9,10,40
6,51,861929.461252441,HitCF_A1_A2_20230314_plate124,20230314,PDIO_01,VX445_VX661_VX770,0.128,1,C7,10,50
6,52,902365.104552612,HitCF_A1_A2_20230314_plate124,20230314,PDIO_01,VX445_VX661_VX770,0.128,2,D7,10,50
6,67,599234.80755127,HitCF_A1_A2_20230314_plate124,20230314,PDIO_01,DMSO,0.128,1,C9,10,50
6,68,388062.587827148,HitCF_A1_A2_20230314_plate124,20230314,PDIO_01,DMSO,0.128,2,D9,10,50
7,51,868506.793249512,HitCF_A1_A2_20230314_plate124,20230314,PDIO_01,VX445_VX661_VX770,0.128,1,C7,10,60
7,52,903660.639642944,HitCF_A1_A2_20230314_plate124,20230314,PDIO_01,VX445_VX661_VX770,0.128,2,D7,10,60
7,67,605388.599230347,HitCF_A1_A2_20230314_plate124,20230314,PDIO_01,DMSO,0.128,1,C9,10,60
7,68,391874.450689087,HitCF_A1_A2_20230314_plate124,20230314,PDIO_01,DMSO,0.128,2,D9,10,60
1,92,210399.881497192,HitCF_A1_A2_20220422_plate003,20220422,control,DMSO,0.128,1,E12,10,0
2,92,209303.659497681,HitCF_A1_A2_20220422_plate003,20220422,control,DMSO,0.128,1,E12,10,10
3,92,211570.845905762,HitCF_A1_A2_20220422_plate003,20220422,control,DMSO,0.128,1,E12,10,20
4,92,209079.432270508,HitCF_A1_A2_20220422_plate003,20220422,control,DMSO,0.128,1,E12,10,30
5,92,212891.295132446,HitCF_A1_A2_20220422_plate003,20220422,control,DMSO,0.128,1,E12,10,40
6,92,212069.128632812,HitCF_A1_A2_20220422_plate003,20220422,control,DMSO,0.128,1,E12,10,50
7,92,208805.37677063,HitCF_A1_A2_20220422_plate003,20220422,control,DMSO,0.128,1,E12,10,60
1,91,253052.882932739,HitCF_A1_A2_20220422_plate003,20220422,control,DMSO,0.128,2,F12,10,0
2,91,255718.695522461,HitCF_A1_A2_20220422_plate003,20220422,control,DMSO,0.128,2,F12,10,10
3,91,258509.078793945,HitCF_A1_A2_20220422_plate003,20220422,control,DMSO,0.128,2,F12,10,20
4,91,253775.392886963,HitCF_A1_A2_20220422_plate003,20220422,control,DMSO,0.128,2,F12,10,30
5,91,247621.601207886,HitCF_A1_A2_20220422_plate003,20220422,control,DMSO,0.128,2,F12,10,40
6,91,249664.560388794,HitCF_A1_A2_20220422_plate003,20220422,control,DMSO,0.128,2,F12,10,50
7,91,251857.004387817,HitCF_A1_A2_20220422_plate003,20220422,control,DMSO,0.128,2,F12,10,60
1,67,71603.2278771973,HitCF_A1_A2_20220422_plate003,20220422,PDIO_02,DMSO,0.128,1,C9,10,0
2,67,78828.3274194336,HitCF_A1_A2_20220422_plate003,20220422,PDIO_02,DMSO,0.128,1,C9,10,10
3,67,76635.8834204101,HitCF_A1_A2_20220422_plate003,20220422,PDIO_02,DMSO,0.128,1,C9,10,20
4,67,78629.0143286133,HitCF_A1_A2_20220422_plate003,20220422,PDIO_02,DMSO,0.128,1,C9,10,30
5,67,78952.8981011963,HitCF_A1_A2_20220422_plate003,20220422,PDIO_02,DMSO,0.128,1,C9,10,40
6,67,79974.3776916504,HitCF_A1_A2_20220422_plate003,20220422,PDIO_02,DMSO,0.128,1,C9,10,50
7,67,79550.8373736572,HitCF_A1_A2_20220422_plate003,20220422,PDIO_02,DMSO,0.128,1,C9,10,60
1,68,200309.656274414,HitCF_A1_A2_20220422_plate003,20220422,PDIO_02,DMSO,0.128,2,D9,10,0
2,68,211222.047996826,HitCF_A1_A2_20220422_plate003,20220422,PDIO_02,DMSO,0.128,2,D9,10,10
3,68,215008.996722412,HitCF_A1_A2_20220422_plate003,20220422,PDIO_02,DMSO,0.128,2,D9,10,20
4,68,219020.172675171,HitCF_A1_A2_20220422_plate003,20220422,PDIO_02,DMSO,0.128,2,D9,10,30
5,68,212617.239632568,HitCF_A1_A2_20220422_plate003,20220422,PDIO_02,DMSO,0.128,2,D9,10,40
6,68,224551.110945435,HitCF_A1_A2_20220422_plate003,20220422,PDIO_02,DMSO,0.128,2,D9,10,50
7,68,232374.149760132,HitCF_A1_A2_20220422_plate003,20220422,PDIO_02,DMSO,0.128,2,D9,10,60
1,76,95720.1118664551,HitCF_A1_A2_20220422_plate003,20220422,control,VX445_VX661_VX770,0.128,1,E10,10,0
2,76,115053.481676025,HitCF_A1_A2_20220422_plate003,20220422,control,VX445_VX661_VX770,0.128,1,E10,10,10
3,76,125044.050353394,HitCF_A1_A2_20220422_plate003,20220422,control,VX445_VX661_VX770,0.128,1,E10,10,20
4,76,138074.143665772,HitCF_A1_A2_20220422_plate003,20220422,control,VX445_VX661_VX770,0.128,1,E10,10,30
5,76,147616.257888794,HitCF_A1_A2_20220422_plate003,20220422,control,VX445_VX661_VX770,0.128,1,E10,10,40
6,76,159624.871610718,HitCF_A1_A2_20220422_plate003,20220422,control,VX445_VX661_VX770,0.128,1,E10,10,50
7,76,152748.569977417,HitCF_A1_A2_20220422_plate003,20220422,control,VX445_VX661_VX770,0.128,1,E10,10,60
1,75,330211.963216553,HitCF_A1_A2_20220422_plate003,20220422,control,VX445_VX661_VX770,0.128,2,F10,10,0
2,75,353431.938297119,HitCF_A1_A2_20220422_plate003,20220422,control,VX445_VX661_VX770,0.128,2,F10,10,10
3,75,405975.851864624,HitCF_A1_A2_20220422_plate003,20220422,control,VX445_VX661_VX770,0.128,2,F10,10,20
4,75,451942.433435059,HitCF_A1_A2_20220422_plate003,20220422,control,VX445_VX661_VX770,0.128,2,F10,10,30
5,75,481839.397058105,HitCF_A1_A2_20220422_plate003,20220422,control,VX445_VX661_VX770,0.128,2,F10,10,40
6,75,512683.097862549,HitCF_A1_A2_20220422_plate003,20220422,control,VX445_VX661_VX770,0.128,2,F10,10,50
7,75,524417.656084595,HitCF_A1_A2_20220422_plate003,20220422,control,VX445_VX661_VX770,0.128,2,F10,10,60
1,51,321143.217584229,HitCF_A1_A2_20220422_plate003,20220422,PDIO_02,VX445_VX661_VX770,0.128,1,C7,10,0
2,51,343864.909937744,HitCF_A1_A2_20220422_plate003,20220422,PDIO_02,VX445_VX661_VX770,0.128,1,C7,10,10
3,51,368206.021154175,HitCF_A1_A2_20220422_plate003,20220422,PDIO_02,VX445_VX661_VX770,0.128,1,C7,10,20
4,51,381559.998239136,HitCF_A1_A2_20220422_plate003,20220422,PDIO_02,VX445_VX661_VX770,0.128,1,C7,10,30
5,51,387265.335463867,HitCF_A1_A2_20220422_plate003,20220422,PDIO_02,VX445_VX661_VX770,0.128,1,C7,10,40
6,51,402263.645548096,HitCF_A1_A2_20220422_plate003,20220422,PDIO_02,VX445_VX661_VX770,0.128,1,C7,10,50
7,51,393294.556461182,HitCF_A1_A2_20220422_plate003,20220422,PDIO_02,VX445_VX661_VX770,0.128,1,C7,10,60
1,52,337138.093122559,HitCF_A1_A2_20220422_plate003,20220422,PDIO_02,VX445_VX661_VX770,0.128,2,D7,10,0
2,52,382157.937511597,HitCF_A1_A2_20220422_plate003,20220422,PDIO_02,VX445_VX661_VX770,0.128,2,D7,10,10
3,52,415517.966087646,HitCF_A1_A2_20220422_plate003,20220422,PDIO_02,VX445_VX661_VX770,0.128,2,D7,10,20
4,52,442425.233348389,HitCF_A1_A2_20220422_plate003,20220422,PDIO_02,VX445_VX661_VX770,0.128,2,D7,10,30
5,52,462954.481702881,HitCF_A1_A2_20220422_plate003,20220422,PDIO_02,VX445_VX661_VX770,0.128,2,D7,10,40
6,52,477280.110105591,HitCF_A1_A2_20220422_plate003,20220422,PDIO_02,VX445_VX661_VX770,0.128,2,D7,10,50
7,52,465794.69324707,HitCF_A1_A2_20220422_plate003,20220422,PDIO_02,VX445_VX661_VX770,0.128,2,D7,10,60
1,92,629355.998401489,HitCF_A1_A2_20220513_plate010,20220513,control,DMSO,0.128,1,E12,10,0
2,92,651130.953573608,HitCF_A1_A2_20220513_plate010,20220513,control,DMSO,0.128,1,E12,10,10
3,92,658630.108615723,HitCF_A1_A2_20220513_plate010,20220513,control,DMSO,0.128,1,E12,10,20
4,92,669143.874156494,HitCF_A1_A2_20220513_plate010,20220513,control,DMSO,0.128,1,E12,10,30
5,92,679034.786288452,HitCF_A1_A2_20220513_plate010,20220513,control,DMSO,0.128,1,E12,10,40
6,92,682597.507786865,HitCF_A1_A2_20220513_plate010,20220513,control,DMSO,0.128,1,E12,10,50
7,92,700261.630460815,HitCF_A1_A2_20220513_plate010,20220513,control,DMSO,0.128,1,E12,10,60
1,91,556781.119206543,HitCF_A1_A2_20220513_plate010,20220513,control,DMSO,0.128,2,F12,10,0
2,91,565999.349656982,HitCF_A1_A2_20220513_plate010,20220513,control,DMSO,0.128,2,F12,10,10
3,91,587201.279692993,HitCF_A1_A2_20220513_plate010,20220513,control,DMSO,0.128,2,F12,10,20
4,91,588172.931010742,HitCF_A1_A2_20220513_plate010,20220513,control,DMSO,0.128,2,F12,10,30
5,91,602847.357322388,HitCF_A1_A2_20220513_plate010,20220513,control,DMSO,0.128,2,F12,10,40
6,91,608627.436956177,HitCF_A1_A2_20220513_plate010,20220513,control,DMSO,0.128,2,F12,10,50
7,91,610296.684091797,HitCF_A1_A2_20220513_plate010,20220513,control,DMSO,0.128,2,F12,10,60
1,67,252928.312250977,HitCF_A1_A2_20220513_plate010,20220513,PDIO_03,DMSO,0.128,1,C9,10,0
2,67,252554.600205688,HitCF_A1_A2_20220513_plate010,20220513,PDIO_03,DMSO,0.128,1,C9,10,10
3,67,261498.77515625,HitCF_A1_A2_20220513_plate010,20220513,PDIO_03,DMSO,0.128,1,C9,10,20
4,67,265784.006608887,HitCF_A1_A2_20220513_plate010,20220513,PDIO_03,DMSO,0.128,1,C9,10,30
5,67,279312.382648315,HitCF_A1_A2_20220513_plate010,20220513,PDIO_03,DMSO,0.128,1,C9,10,40
6,67,284594.179555054,HitCF_A1_A2_20220513_plate010,20220513,PDIO_03,DMSO,0.128,1,C9,10,50
7,67,298994.550366821,HitCF_A1_A2_20220513_plate010,20220513,PDIO_03,DMSO,0.128,1,C9,10,60
1,68,325278.96421875,HitCF_A1_A2_20220513_plate010,20220513,PDIO_03,DMSO,0.128,2,D9,10,0
2,68,325254.050082397,HitCF_A1_A2_20220513_plate010,20220513,PDIO_03,DMSO,0.128,2,D9,10,10
3,68,330461.104580078,HitCF_A1_A2_20220513_plate010,20220513,PDIO_03,DMSO,0.128,2,D9,10,20
4,68,354328.84720581,HitCF_A1_A2_20220513_plate010,20220513,PDIO_03,DMSO,0.128,2,D9,10,30
5,68,372092.626425171,HitCF_A1_A2_20220513_plate010,20220513,PDIO_03,DMSO,0.128,2,D9,10,40
6,68,379267.897694702,HitCF_A1_A2_20220513_plate010,20220513,PDIO_03,DMSO,0.128,2,D9,10,50
7,68,392397.64755249,HitCF_A1_A2_20220513_plate010,20220513,PDIO_03,DMSO,0.128,2,D9,10,60
1,76,514925.370134277,HitCF_A1_A2_20220513_plate010,20220513,control,VX445_VX661_VX770,0.128,1,E10,10,0
2,76,566273.40515686,HitCF_A1_A2_20220513_plate010,20220513,control,VX445_VX661_VX770,0.128,1,E10,10,10
3,76,708832.093366089,HitCF_A1_A2_20220513_plate010,20220513,control,VX445_VX661_VX770,0.128,1,E10,10,20
4,76,841749.010806885,HitCF_A1_A2_20220513_plate010,20220513,control,VX445_VX661_VX770,0.128,1,E10,10,30
5,76,899300.66578125,HitCF_A1_A2_20220513_plate010,20220513,control,VX445_VX661_VX770,0.128,1,E10,10,40
6,76,908867.694140625,HitCF_A1_A2_20220513_plate010,20220513,control,VX445_VX661_VX770,0.128,1,E10,10,50
7,76,910188.14336731,HitCF_A1_A2_20220513_plate010,20220513,control,VX445_VX661_VX770,0.128,1,E10,10,60
1,75,583788.043012695,HitCF_A1_A2_20220513_plate010,20220513,control,VX445_VX661_VX770,0.128,2,F10,10,0
2,75,618842.232860718,HitCF_A1_A2_20220513_plate010,20220513,control,VX445_VX661_VX770,0.128,2,F10,10,10
3,75,764714.501204834,HitCF_A1_A2_20220513_plate010,20220513,control,VX445_VX661_VX770,0.128,2,F10,10,20
4,75,910412.370594482,HitCF_A1_A2_20220513_plate010,20220513,control,VX445_VX661_VX770,0.128,2,F10,10,30
5,75,986799.112651367,HitCF_A1_A2_20220513_plate010,20220513,control,VX445_VX661_VX770,0.128,2,F10,10,40
6,75,1000775.94314514,HitCF_A1_A2_20220513_plate010,20220513,control,VX445_VX661_VX770,0.128,2,F10,10,50
7,75,981268.174381103,HitCF_A1_A2_20220513_plate010,20220513,control,VX445_VX661_VX770,0.128,2,F10,10,60
1,51,514551.658088989,HitCF_A1_A2_20220513_plate010,20220513,PDIO_03,VX445_VX661_VX770,0.128,1,C7,10,0
2,51,560194.355886841,HitCF_A1_A2_20220513_plate010,20220513,PDIO_03,VX445_VX661_VX770,0.128,1,C7,10,10
3,51,615229.683089599,HitCF_A1_A2_20220513_plate010,20220513,PDIO_03,VX445_VX661_VX770,0.128,1,C7,10,20
4,51,672332.883609619,HitCF_A1_A2_20220513_plate010,20220513,PDIO_03,VX445_VX661_VX770,0.128,1,C7,10,30
5,51,725499.650585937,HitCF_A1_A2_20220513_plate010,20220513,PDIO_03,VX445_VX661_VX770,0.128,1,C7,10,40
6,51,750887.155529175,HitCF_A1_A2_20220513_plate010,20220513,PDIO_03,VX445_VX661_VX770,0.128,1,C7,10,50
7,51,755645.75557251,HitCF_A1_A2_20220513_plate010,20220513,PDIO_03,VX445_VX661_VX770,0.128,1,C7,10,60
1,52,167323.339743652,HitCF_A1_A2_20220513_plate010,20220513,PDIO_03,VX445_VX661_VX770,0.128,2,D7,10,0
2,52,177288.994284668,HitCF_A1_A2_20220513_plate010,20220513,PDIO_03,VX445_VX661_VX770,0.128,2,D7,10,10
3,52,203249.524364014,HitCF_A1_A2_20220513_plate010,20220513,PDIO_03,VX445_VX661_VX770,0.128,2,D7,10,20
4,52,224127.570627441,HitCF_A1_A2_20220513_plate010,20220513,PDIO_03,VX445_VX661_VX770,0.128,2,D7,10,30
5,52,237332.062894287,HitCF_A1_A2_20220513_plate010,20220513,PDIO_03,VX445_VX661_VX770,0.128,2,D7,10,40
6,52,247397.373980713,HitCF_A1_A2_20220513_plate010,20220513,PDIO_03,VX445_VX661_VX770,0.128,2,D7,10,50
7,52,253526.251523438,HitCF_A1_A2_20220513_plate010,20220513,PDIO_03,VX445_VX661_VX770,0.128,2,D7,10,60
1,92,111640.244995728,HitCF_A1_A2_20220603_plate021,20220603,control,DMSO,0.128,1,E12,10,0
2,92,101126.479454956,HitCF_A1_A2_20220603_plate021,20220603,control,DMSO,0.128,1,E12,10,10
3,92,98983.8637286377,HitCF_A1_A2_20220603_plate021,20220603,control,DMSO,0.128,1,E12,10,20
4,92,98435.7527288818,HitCF_A1_A2_20220603_plate021,20220603,control,DMSO,0.128,1,E12,10,30
5,92,101076.651182251,HitCF_A1_A2_20220603_plate021,20220603,control,DMSO,0.128,1,E12,10,40
6,92,103194.352772217,HitCF_A1_A2_20220603_plate021,20220603,control,DMSO,0.128,1,E12,10,50
7,92,100702.939136963,HitCF_A1_A2_20220603_plate021,20220603,control,DMSO,0.128,1,E12,10,60
1,91,91982.9914135742,HitCF_A1_A2_20220603_plate021,20220603,control,DMSO,0.128,2,F12,10,0
2,91,89865.2898236084,HitCF_A1_A2_20220603_plate021,20220603,control,DMSO,0.128,2,F12,10,10
3,91,84483.83637146,HitCF_A1_A2_20220603_plate021,20220603,control,DMSO,0.128,2,F12,10,20
4,91,87473.5327337646,HitCF_A1_A2_20220603_plate021,20220603,control,DMSO,0.128,2,F12,10,30
5,91,94200.3495489502,HitCF_A1_A2_20220603_plate021,20220603,control,DMSO,0.128,2,F12,10,40
6,91,87747.5882336426,HitCF_A1_A2_20220603_plate021,20220603,control,DMSO,0.128,2,F12,10,50
7,91,87174.5630975342,HitCF_A1_A2_20220603_plate021,20220603,control,DMSO,0.128,2,F12,10,60
1,76,206563.104498901,HitCF_A1_A2_20220603_plate021,20220603,control,VX445_VX661_VX770,0.128,1,E10,10,0
2,76,204221.175681763,HitCF_A1_A2_20220603_plate021,20220603,control,VX445_VX661_VX770,0.128,1,E10,10,10
3,76,225248.706763306,HitCF_A1_A2_20220603_plate021,20220603,control,VX445_VX661_VX770,0.128,1,E10,10,20
4,76,238478.113166504,HitCF_A1_A2_20220603_plate021,20220603,control,VX445_VX661_VX770,0.128,1,E10,10,30
5,76,253750.47875061,HitCF_A1_A2_20220603_plate021,20220603,control,VX445_VX661_VX770,0.128,1,E10,10,40
6,76,269097.586743774,HitCF_A1_A2_20220603_plate021,20220603,control,VX445_VX661_VX770,0.128,1,E10,10,50
7,76,270293.465288696,HitCF_A1_A2_20220603_plate021,20220603,control,VX445_VX661_VX770,0.128,1,E10,10,60
1,75,187927.330507202,HitCF_A1_A2_20220603_plate021,20220603,control,VX445_VX661_VX770,0.128,2,F10,10,0
2,75,188251.214279785,HitCF_A1_A2_20220603_plate021,20220603,control,VX445_VX661_VX770,0.128,2,F10,10,10
3,75,217624.981039429,HitCF_A1_A2_20220603_plate021,20220603,control,VX445_VX661_VX770,0.128,2,F10,10,20
4,75,244283.106936646,HitCF_A1_A2_20220603_plate021,20220603,control,VX445_VX661_VX770,0.128,2,F10,10,30
5,75,262296.027519531,HitCF_A1_A2_20220603_plate021,20220603,control,VX445_VX661_VX770,0.128,2,F10,10,40
6,75,273258.247514648,HitCF_A1_A2_20220603_plate021,20220603,control,VX445_VX661_VX770,0.128,2,F10,10,50
7,75,273357.904060059,HitCF_A1_A2_20220603_plate021,20220603,control,VX445_VX661_VX770,0.128,2,F10,10,60
1,44,166501.173244019,HitCF_A1_A2_20220603_plate021,20220603,PDIO_03,DMSO,0.128,1,E6,10,0
2,44,195052.773504028,HitCF_A1_A2_20220603_plate021,20220603,PDIO_03,DMSO,0.128,1,E6,10,10
3,44,193408.440504761,HitCF_A1_A2_20220603_plate021,20220603,PDIO_03,DMSO,0.128,1,E6,10,20
4,44,194604.319049683,HitCF_A1_A2_20220603_plate021,20220603,PDIO_03,DMSO,0.128,1,E6,10,30
5,44,194828.546276855,HitCF_A1_A2_20220603_plate021,20220603,PDIO_03,DMSO,0.128,1,E6,10,40
6,44,194778.71800415,HitCF_A1_A2_20220603_plate021,20220603,PDIO_03,DMSO,0.128,1,E6,10,50
7,44,197394.702321167,HitCF_A1_A2_20220603_plate021,20220603,PDIO_03,DMSO,0.128,1,E6,10,60
1,43,286761.709417725,HitCF_A1_A2_20220603_plate021,20220603,PDIO_03,DMSO,0.128,2,F6,10,0
2,43,271613.914515381,HitCF_A1_A2_20220603_plate021,20220603,PDIO_03,DMSO,0.128,2,F6,10,10
3,43,271514.257969971,HitCF_A1_A2_20220603_plate021,20220603,PDIO_03,DMSO,0.128,2,F6,10,20
4,43,267527.996153564,HitCF_A1_A2_20220603_plate021,20220603,PDIO_03,DMSO,0.128,2,F6,10,30
5,43,267552.910289917,HitCF_A1_A2_20220603_plate021,20220603,PDIO_03,DMSO,0.128,2,F6,10,40
6,43,266606.173108521,HitCF_A1_A2_20220603_plate021,20220603,PDIO_03,DMSO,0.128,2,F6,10,50
7,43,262495.340610352,HitCF_A1_A2_20220603_plate021,20220603,PDIO_03,DMSO,0.128,2,F6,10,60
1,28,437218.178850708,HitCF_A1_A2_20220603_plate021,20220603,PDIO_03,VX445_VX661_VX770,0.128,1,E4,10,0
2,28,451045.524526367,HitCF_A1_A2_20220603_plate021,20220603,PDIO_03,VX445_VX661_VX770,0.128,1,E4,10,10
3,28,469731.126790771,HitCF_A1_A2_20220603_plate021,20220603,PDIO_03,VX445_VX661_VX770,0.128,1,E4,10,20
4,28,493573.955280151,HitCF_A1_A2_20220603_plate021,20220603,PDIO_03,VX445_VX661_VX770,0.128,1,E4,10,30
5,28,524218.342993774,HitCF_A1_A2_20220603_plate021,20220603,PDIO_03,VX445_VX661_VX770,0.128,1,E4,10,40
6,28,554339.533843994,HitCF_A1_A2_20220603_plate021,20220603,PDIO_03,VX445_VX661_VX770,0.128,1,E4,10,50
7,28,584784.608466797,HitCF_A1_A2_20220603_plate021,20220603,PDIO_03,VX445_VX661_VX770,0.128,1,E4,10,60
1,27,448529.196754761,HitCF_A1_A2_20220603_plate021,20220603,PDIO_03,VX445_VX661_VX770,0.128,2,F4,10,0
2,27,472521.510062256,HitCF_A1_A2_20220603_plate021,20220603,PDIO_03,VX445_VX661_VX770,0.128,2,F4,10,10
3,27,485676.174056396,HitCF_A1_A2_20220603_plate021,20220603,PDIO_03,VX445_VX661_VX770,0.128,2,F4,10,20
4,27,516370.390042725,HitCF_A1_A2_20220603_plate021,20220603,PDIO_03,VX445_VX661_VX770,0.128,2,F4,10,30
5,27,541508.753622437,HitCF_A1_A2_20220603_plate021,20220603,PDIO_03,VX445_VX661_VX770,0.128,2,F4,10,40
6,27,553093.827026367,HitCF_A1_A2_20220603_plate021,20220603,PDIO_03,VX445_VX661_VX770,0.128,2,F4,10,50
7,27,560916.865841064,HitCF_A1_A2_20220603_plate021,20220603,PDIO_03,VX445_VX661_VX770,0.128,2,F4,10,60
1,92,400021.373276367,HitCF_A1_A2_20221027_plate085,20221027,control,DMSO,0.128,1,E12,10,0
2,92,402936.327229614,HitCF_A1_A2_20221027_plate085,20221027,control,DMSO,0.128,1,E12,10,10
3,92,404605.574365234,HitCF_A1_A2_20221027_plate085,20221027,control,DMSO,0.128,1,E12,10,20
4,92,405352.998455811,HitCF_A1_A2_20221027_plate085,20221027,control,DMSO,0.128,1,E12,10,30
5,92,409139.947181396,HitCF_A1_A2_20221027_plate085,20221027,control,DMSO,0.128,1,E12,10,40
6,92,411282.562907715,HitCF_A1_A2_20221027_plate085,20221027,control,DMSO,0.128,1,E12,10,50
7,92,416165.733632813,HitCF_A1_A2_20221027_plate085,20221027,control,DMSO,0.128,1,E12,10,60
1,91,593330.157235718,HitCF_A1_A2_20221027_plate085,20221027,control,DMSO,0.128,2,F12,10,0
2,91,590465.031555176,HitCF_A1_A2_20221027_plate085,20221027,control,DMSO,0.128,2,F12,10,10
3,91,591710.738372803,HitCF_A1_A2_20221027_plate085,20221027,control,DMSO,0.128,2,F12,10,20
4,91,601950.448413696,HitCF_A1_A2_20221027_plate085,20221027,control,DMSO,0.128,2,F12,10,30
5,91,606509.735366211,HitCF_A1_A2_20221027_plate085,20221027,control,DMSO,0.128,2,F12,10,40
6,91,608178.982501831,HitCF_A1_A2_20221027_plate085,20221027,control,DMSO,0.128,2,F12,10,50
7,91,613186.723908691,HitCF_A1_A2_20221027_plate085,20221027,control,DMSO,0.128,2,F12,10,60
1,76,479796.437877197,HitCF_A1_A2_20221027_plate085,20221027,control,VX445_VX661_VX770,0.128,1,E10,10,0
2,76,534557.709580078,HitCF_A1_A2_20221027_plate085,20221027,control,VX445_VX661_VX770,0.128,1,E10,10,10
3,76,634787.280126343,HitCF_A1_A2_20221027_plate085,20221027,control,VX445_VX661_VX770,0.128,1,E10,10,20
4,76,695777.085917358,HitCF_A1_A2_20221027_plate085,20221027,control,VX445_VX661_VX770,0.128,1,E10,10,30
5,76,720217.853679199,HitCF_A1_A2_20221027_plate085,20221027,control,VX445_VX661_VX770,0.128,1,E10,10,40
6,76,708408.553048096,HitCF_A1_A2_20221027_plate085,20221027,control,VX445_VX661_VX770,0.128,1,E10,10,50
7,76,721015.10604248,HitCF_A1_A2_20221027_plate085,20221027,control,VX445_VX661_VX770,0.128,1,E10,10,60
1,75,543202.914894409,HitCF_A1_A2_20221027_plate085,20221027,control,VX445_VX661_VX770,0.128,2,F10,10,0
2,75,606709.048457031,HitCF_A1_A2_20221027_plate085,20221027,control,VX445_VX661_VX770,0.128,2,F10,10,10
3,75,741120.814078979,HitCF_A1_A2_20221027_plate085,20221027,control,VX445_VX661_VX770,0.128,2,F10,10,20
4,75,808712.866003418,HitCF_A1_A2_20221027_plate085,20221027,control,VX445_VX661_VX770,0.128,2,F10,10,30
5,75,836591.784581909,HitCF_A1_A2_20221027_plate085,20221027,control,VX445_VX661_VX770,0.128,2,F10,10,40
6,75,825405.337359619,HitCF_A1_A2_20221027_plate085,20221027,control,VX445_VX661_VX770,0.128,2,F10,10,50
7,75,833303.118583374,HitCF_A1_A2_20221027_plate085,20221027,control,VX445_VX661_VX770,0.128,2,F10,10,60
1,67,370896.747880249,HitCF_A1_A2_20221027_plate085,20221027,PDIO_04,DMSO,0.128,1,C9,10,0
2,67,384101.240147095,HitCF_A1_A2_20221027_plate085,20221027,PDIO_04,DMSO,0.128,1,C9,10,10
3,67,379716.352149048,HitCF_A1_A2_20221027_plate085,20221027,PDIO_04,DMSO,0.128,1,C9,10,20
4,67,382481.82128418,HitCF_A1_A2_20221027_plate085,20221027,PDIO_04,DMSO,0.128,1,C9,10,30
5,67,385122.719737549,HitCF_A1_A2_20221027_plate085,20221027,PDIO_04,DMSO,0.128,1,C9,10,40
6,67,394664.833960571,HitCF_A1_A2_20221027_plate085,20221027,PDIO_04,DMSO,0.128,1,C9,10,50
7,67,395736.14182373,HitCF_A1_A2_20221027_plate085,20221027,PDIO_04,DMSO,0.128,1,C9,10,60
1,68,539814.592350464,HitCF_A1_A2_20221027_plate085,20221027,PDIO_04,DMSO,0.128,2,D9,10,0
2,68,534383.31062560994,HitCF_A1_A2_20221027_plate085,20221027,PDIO_04,DMSO,0.128,2,D9,10,10
3,68,532863.548308105,HitCF_A1_A2_20221027_plate085,20221027,PDIO_04,DMSO,0.128,2,D9,10,20
4,68,538743.284487305,HitCF_A1_A2_20221027_plate085,20221027,PDIO_04,DMSO,0.128,2,D9,10,30
5,68,548933.166255493,HitCF_A1_A2_20221027_plate085,20221027,PDIO_04,DMSO,0.128,2,D9,10,40
6,68,547762.201846924,HitCF_A1_A2_20221027_plate085,20221027,PDIO_04,DMSO,0.128,2,D9,10,50
7,68,557055.174706421,HitCF_A1_A2_20221027_plate085,20221027,PDIO_04,DMSO,0.128,2,D9,10,60
1,51,244133.62211853,HitCF_A1_A2_20221027_plate085,20221027,PDIO_04,VX445_VX661_VX770,0.128,1,C7,10,0
2,51,304973.943091431,HitCF_A1_A2_20221027_plate085,20221027,PDIO_04,VX445_VX661_VX770,0.128,1,C7,10,10
3,51,381709.483057251,HitCF_A1_A2_20221027_plate085,20221027,PDIO_04,VX445_VX661_VX770,0.128,1,C7,10,20
4,51,433256.831170654,HitCF_A1_A2_20221027_plate085,20221027,PDIO_04,VX445_VX661_VX770,0.128,1,C7,10,30
5,51,466168.405292358,HitCF_A1_A2_20221027_plate085,20221027,PDIO_04,VX445_VX661_VX770,0.128,1,C7,10,40
6,51,473916.701697998,HitCF_A1_A2_20221027_plate085,20221027,PDIO_04,VX445_VX661_VX770,0.128,1,C7,10,50
7,51,468585.076518555,HitCF_A1_A2_20221027_plate085,20221027,PDIO_04,VX445_VX661_VX770,0.128,1,C7,10,60
1,52,292566.703187866,HitCF_A1_A2_20221027_plate085,20221027,PDIO_04,VX445_VX661_VX770,0.128,2,D7,10,0
2,52,329514.367398682,HitCF_A1_A2_20221027_plate085,20221027,PDIO_04,VX445_VX661_VX770,0.128,2,D7,10,10
3,52,426679.499173584,HitCF_A1_A2_20221027_plate085,20221027,PDIO_04,VX445_VX661_VX770,0.128,2,D7,10,20
4,52,509793.058045654,HitCF_A1_A2_20221027_plate085,20221027,PDIO_04,VX445_VX661_VX770,0.128,2,D7,10,30
5,52,549879.90343689,HitCF_A1_A2_20221027_plate085,20221027,PDIO_04,VX445_VX661_VX770,0.128,2,D7,10,40
6,52,560044.871068726,HitCF_A1_A2_20221027_plate085,20221027,PDIO_04,VX445_VX661_VX770,0.128,2,D7,10,50
7,52,560019.956932373,HitCF_A1_A2_20221027_plate085,20221027,PDIO_04,VX445_VX661_VX770,0.128,2,D7,10,60
1,92,278041.761694336,HitCF_A1_A2_20221028_plate088,20221028,control,DMSO,0.128,1,E12,10,0
2,92,273308.075787354,HitCF_A1_A2_20221028_plate088,20221028,control,DMSO,0.128,1,E12,10,10
3,92,274279.727105103,HitCF_A1_A2_20221028_plate088,20221028,control,DMSO,0.128,1,E12,10,20
4,92,275998.802513428,HitCF_A1_A2_20221028_plate088,20221028,control,DMSO,0.128,1,E12,10,30
5,92,276447.256967773,HitCF_A1_A2_20221028_plate088,20221028,control,DMSO,0.128,1,E12,10,40
6,92,275475.605650024,HitCF_A1_A2_20221028_plate088,20221028,control,DMSO,0.128,1,E12,10,50
7,92,273831.272650757,HitCF_A1_A2_20221028_plate088,20221028,control,DMSO,0.128,1,E12,10,60
1,91,563009.653294678,HitCF_A1_A2_20221028_plate088,20221028,control,DMSO,0.128,2,F12,10,0
2,91,562187.486795044,HitCF_A1_A2_20221028_plate088,20221028,control,DMSO,0.128,2,F12,10,10
3,91,563059.481567383,HitCF_A1_A2_20221028_plate088,20221028,control,DMSO,0.128,2,F12,10,20
4,91,562411.714022217,HitCF_A1_A2_20221028_plate088,20221028,control,DMSO,0.128,2,F12,10,30
5,91,562511.370567627,HitCF_A1_A2_20221028_plate088,20221028,control,DMSO,0.128,2,F12,10,40
6,91,562685.769522095,HitCF_A1_A2_20221028_plate088,20221028,control,DMSO,0.128,2,F12,10,50
7,91,566647.117202148,HitCF_A1_A2_20221028_plate088,20221028,control,DMSO,0.128,2,F12,10,60
1,19,131247.670305176,HitCF_A1_A2_20221028_plate088,20221028,PDIO_04,DMSO,0.128,1,C3,10,0
2,19,129528.594896851,HitCF_A1_A2_20221028_plate088,20221028,PDIO_04,DMSO,0.128,1,C3,10,10
3,19,124894.565535278,HitCF_A1_A2_20221028_plate088,20221028,PDIO_04,DMSO,0.128,1,C3,10,20
4,19,126239.928898315,HitCF_A1_A2_20221028_plate088,20221028,PDIO_04,DMSO,0.128,1,C3,10,30
5,19,126862.782307129,HitCF_A1_A2_20221028_plate088,20221028,PDIO_04,DMSO,0.128,1,C3,10,40
6,19,127311.236761475,HitCF_A1_A2_20221028_plate088,20221028,PDIO_04,DMSO,0.128,1,C3,10,50
7,19,127087.009534302,HitCF_A1_A2_20221028_plate088,20221028,PDIO_04,DMSO,0.128,1,C3,10,60
1,20,207185.957907715,HitCF_A1_A2_20221028_plate088,20221028,PDIO_04,DMSO,0.128,2,D3,10,0
2,20,229160.226170654,HitCF_A1_A2_20221028_plate088,20221028,PDIO_04,DMSO,0.128,2,D3,10,10
3,20,230106.963352051,HitCF_A1_A2_20221028_plate088,20221028,PDIO_04,DMSO,0.128,2,D3,10,20
4,20,221935.126628418,HitCF_A1_A2_20221028_plate088,20221028,PDIO_04,DMSO,0.128,2,D3,10,30
5,20,226992.696307983,HitCF_A1_A2_20221028_plate088,20221028,PDIO_04,DMSO,0.128,2,D3,10,40
6,20,225871.560172119,HitCF_A1_A2_20221028_plate088,20221028,PDIO_04,DMSO,0.128,2,D3,10,50
7,20,223405.060673218,HitCF_A1_A2_20221028_plate088,20221028,PDIO_04,DMSO,0.128,2,D3,10,60
1,76,402313.473820801,HitCF_A1_A2_20221028_plate088,20221028,control,VX445_VX661_VX770,0.128,1,E10,10,0
2,76,487843.703919067,HitCF_A1_A2_20221028_plate088,20221028,control,VX445_VX661_VX770,0.128,1,E10,10,10
3,76,604142.89241272,HitCF_A1_A2_20221028_plate088,20221028,control,VX445_VX661_VX770,0.128,1,E10,10,20
4,76,591038.056691284,HitCF_A1_A2_20221028_plate088,20221028,control,VX445_VX661_VX770,0.128,1,E10,10,30
5,76,595123.975053101,HitCF_A1_A2_20221028_plate088,20221028,control,VX445_VX661_VX770,0.128,1,E10,10,40
6,76,564404.84493042,HitCF_A1_A2_20221028_plate088,20221028,control,VX445_VX661_VX770,0.128,1,E10,10,50
7,76,562934.91088562,HitCF_A1_A2_20221028_plate088,20221028,control,VX445_VX661_VX770,0.128,1,E10,10,60
1,75,405801.452910156,HitCF_A1_A2_20221028_plate088,20221028,control,VX445_VX661_VX770,0.128,2,F10,10,0
2,75,490260.375145264,HitCF_A1_A2_20221028_plate088,20221028,control,VX445_VX661_VX770,0.128,2,F10,10,10
3,75,617347.384679565,HitCF_A1_A2_20221028_plate088,20221028,control,VX445_VX661_VX770,0.128,2,F10,10,20
4,75,634587.967035522,HitCF_A1_A2_20221028_plate088,20221028,control,VX445_VX661_VX770,0.128,2,F10,10,30
5,75,604267.463094482,HitCF_A1_A2_20221028_plate088,20221028,control,VX445_VX661_VX770,0.128,2,F10,10,40
6,75,588795.784419556,HitCF_A1_A2_20221028_plate088,20221028,control,VX445_VX661_VX770,0.128,2,F10,10,50
7,75,569312.92979187,HitCF_A1_A2_20221028_plate088,20221028,control,VX445_VX661_VX770,0.128,2,F10,10,60
1,3,151278.635932617,HitCF_A1_A2_20221028_plate088,20221028,PDIO_04,VX445_VX661_VX770,0.128,1,C1,10,0
2,3,199412.747365723,HitCF_A1_A2_20221028_plate088,20221028,PDIO_04,VX445_VX661_VX770,0.128,1,C1,10,10
3,3,255843.266204224,HitCF_A1_A2_20221028_plate088,20221028,PDIO_04,VX445_VX661_VX770,0.128,1,C1,10,20
4,3,270542.606652222,HitCF_A1_A2_20221028_plate088,20221028,PDIO_04,VX445_VX661_VX770,0.128,1,C1,10,30
5,3,268873.359516602,HitCF_A1_A2_20221028_plate088,20221028,PDIO_04,VX445_VX661_VX770,0.128,1,C1,10,40
6,3,260103.583520508,HitCF_A1_A2_20221028_plate088,20221028,PDIO_04,VX445_VX661_VX770,0.128,1,C1,10,50
7,3,255295.155204468,HitCF_A1_A2_20221028_plate088,20221028,PDIO_04,VX445_VX661_VX770,0.128,1,C1,10,60
1,4,132667.77607727,HitCF_A1_A2_20221028_plate088,20221028,PDIO_04,VX445_VX661_VX770,0.128,2,D1,10,0
2,4,152250.287250366,HitCF_A1_A2_20221028_plate088,20221028,PDIO_04,VX445_VX661_VX770,0.128,2,D1,10,10
3,4,188699.668734131,HitCF_A1_A2_20221028_plate088,20221028,PDIO_04,VX445_VX661_VX770,0.128,2,D1,10,20
4,4,202950.554727783,HitCF_A1_A2_20221028_plate088,20221028,PDIO_04,VX445_VX661_VX770,0.128,2,D1,10,30
5,4,209826.856361084,HitCF_A1_A2_20221028_plate088,20221028,PDIO_04,VX445_VX661_VX770,0.128,2,D1,10,40
6,4,209602.629133911,HitCF_A1_A2_20221028_plate088,20221028,PDIO_04,VX445_VX661_VX770,0.128,2,D1,10,50
7,4,197718.58609375,HitCF_A1_A2_20221028_plate088,20221028,PDIO_04,VX445_VX661_VX770,0.128,2,D1,10,60
1,92,213613.80508667,HitCF_A1_A2_20221104_plate093,20221104,control,DMSO,0.128,1,E12,10,0
2,92,210624.108724365,HitCF_A1_A2_20221104_plate093,20221104,control,DMSO,0.128,1,E12,10,10
3,92,206986.644816895,HitCF_A1_A2_20221104_plate093,20221104,control,DMSO,0.128,1,E12,10,20
4,92,212218.613450928,HitCF_A1_A2_20221104_plate093,20221104,control,DMSO,0.128,1,E12,10,30
5,92,211097.477315063,HitCF_A1_A2_20221104_plate093,20221104,control,DMSO,0.128,1,E12,10,40
6,92,209502.972588501,HitCF_A1_A2_20221104_plate093,20221104,control,DMSO,0.128,1,E12,10,50
7,92,215432.537040405,HitCF_A1_A2_20221104_plate093,20221104,control,DMSO,0.128,1,E12,10,60
1,91,413749.062406616,HitCF_A1_A2_20221104_plate093,20221104,control,DMSO,0.128,2,F12,10,0
2,91,406673.447682495,HitCF_A1_A2_20221104_plate093,20221104,control,DMSO,0.128,2,F12,10,10
3,91,408317.780681763,HitCF_A1_A2_20221104_plate093,20221104,control,DMSO,0.128,2,F12,10,20
4,91,408691.492727051,HitCF_A1_A2_20221104_plate093,20221104,control,DMSO,0.128,2,F12,10,30
5,91,415916.592269287,HitCF_A1_A2_20221104_plate093,20221104,control,DMSO,0.128,2,F12,10,40
6,91,415617.622633057,HitCF_A1_A2_20221104_plate093,20221104,control,DMSO,0.128,2,F12,10,50
7,91,418956.116904297,HitCF_A1_A2_20221104_plate093,20221104,control,DMSO,0.128,2,F12,10,60
1,44,569636.813564453,HitCF_A1_A2_20221104_plate093,20221104,PDIO_04,DMSO,0.128,1,E6,10,0
2,44,620636.050678101,HitCF_A1_A2_20221104_plate093,20221104,PDIO_04,DMSO,0.128,1,E6,10,10
3,44,618119.722906494,HitCF_A1_A2_20221104_plate093,20221104,PDIO_04,DMSO,0.128,1,E6,10,20
4,44,625643.792084961,HitCF_A1_A2_20221104_plate093,20221104,PDIO_04,DMSO,0.128,1,E6,10,30
5,44,634787.280126343,HitCF_A1_A2_20221104_plate093,20221104,PDIO_04,DMSO,0.128,1,E6,10,40
6,44,637278.693761597,HitCF_A1_A2_20221104_plate093,20221104,PDIO_04,DMSO,0.128,1,E6,10,50
7,44,642485.748259277,HitCF_A1_A2_20221104_plate093,20221104,PDIO_04,DMSO,0.128,1,E6,10,60
1,43,377399.337468262,HitCF_A1_A2_20221104_plate093,20221104,PDIO_04,DMSO,0.128,2,F6,10,0
2,43,395412.258051147,HitCF_A1_A2_20221104_plate093,20221104,PDIO_04,DMSO,0.128,2,F6,10,10
3,43,392621.874779663,HitCF_A1_A2_20221104_plate093,20221104,PDIO_04,DMSO,0.128,2,F6,10,20
4,43,397754.186868286,HitCF_A1_A2_20221104_plate093,20221104,PDIO_04,DMSO,0.128,2,F6,10,30
5,43,404680.316774292,HitCF_A1_A2_20221104_plate093,20221104,PDIO_04,DMSO,0.128,2,F6,10,40
6,43,405352.99845581,HitCF_A1_A2_20221104_plate093,20221104,PDIO_04,DMSO,0.128,2,F6,10,50
7,43,408666.578590698,HitCF_A1_A2_20221104_plate093,20221104,PDIO_04,DMSO,0.128,2,F6,10,60
1,76,336091.699395752,HitCF_A1_A2_20221104_plate093,20221104,control,VX445_VX661_VX770,0.128,1,E10,10,0
2,76,345384.672255249,HitCF_A1_A2_20221104_plate093,20221104,control,VX445_VX661_VX770,0.128,1,E10,10,10
3,76,454682.988433838,HitCF_A1_A2_20221104_plate093,20221104,control,VX445_VX661_VX770,0.128,1,E10,10,20
4,76,500151.287277222,HitCF_A1_A2_20221104_plate093,20221104,control,VX445_VX661_VX770,0.128,1,E10,10,30
5,76,494022.409734497,HitCF_A1_A2_20221104_plate093,20221104,control,VX445_VX661_VX770,0.128,1,E10,10,40
6,76,496214.85373352,HitCF_A1_A2_20221104_plate093,20221104,control,VX445_VX661_VX770,0.128,1,E10,10,50
7,76,496364.338551636,HitCF_A1_A2_20221104_plate093,20221104,control,VX445_VX661_VX770,0.128,1,E10,10,60
1,75,295979.939868164,HitCF_A1_A2_20221104_plate093,20221104,control,VX445_VX661_VX770,0.128,2,F10,10,0
2,75,362600.340474853,HitCF_A1_A2_20221104_plate093,20221104,control,VX445_VX661_VX770,0.128,2,F10,10,10
3,75,448927.822936401,HitCF_A1_A2_20221104_plate093,20221104,control,VX445_VX661_VX770,0.128,2,F10,10,20
4,75,462182.143475952,HitCF_A1_A2_20221104_plate093,20221104,control,VX445_VX661_VX770,0.128,2,F10,10,30
5,75,452490.544434814,HitCF_A1_A2_20221104_plate093,20221104,control,VX445_VX661_VX770,0.128,2,F10,10,40
6,75,450771.469026489,HitCF_A1_A2_20221104_plate093,20221104,control,VX445_VX661_VX770,0.128,2,F10,10,50
7,75,438115.087759399,HitCF_A1_A2_20221104_plate093,20221104,control,VX445_VX661_VX770,0.128,2,F10,10,60
1,28,408890.805817871,HitCF_A1_A2_20221104_plate093,20221104,PDIO_04,VX445_VX661_VX770,0.128,1,E4,10,0
2,28,421671.757766724,HitCF_A1_A2_20221104_plate093,20221104,PDIO_04,VX445_VX661_VX770,0.128,1,E4,10,10
3,28,533710.628944092,HitCF_A1_A2_20221104_plate093,20221104,PDIO_04,VX445_VX661_VX770,0.128,1,E4,10,20
4,28,631922.154445801,HitCF_A1_A2_20221104_plate093,20221104,PDIO_04,VX445_VX661_VX770,0.128,1,E4,10,30
5,28,669542.500338135,HitCF_A1_A2_20221104_plate093,20221104,PDIO_04,VX445_VX661_VX770,0.128,1,E4,10,40
6,28,682323.452286987,HitCF_A1_A2_20221104_plate093,20221104,PDIO_04,VX445_VX661_VX770,0.128,1,E4,10,50
7,28,675472.064790039,HitCF_A1_A2_20221104_plate093,20221104,PDIO_04,VX445_VX661_VX770,0.128,1,E4,10,60
1,27,366362.375064087,HitCF_A1_A2_20221104_plate093,20221104,PDIO_04,VX445_VX661_VX770,0.128,2,F4,10,0
2,27,369426.813835449,HitCF_A1_A2_20221104_plate093,20221104,PDIO_04,VX445_VX661_VX770,0.128,2,F4,10,10
3,27,473468.247243652,HitCF_A1_A2_20221104_plate093,20221104,PDIO_04,VX445_VX661_VX770,0.128,2,F4,10,20
4,27,568989.046019287,HitCF_A1_A2_20221104_plate093,20221104,PDIO_04,VX445_VX661_VX770,0.128,2,F4,10,30
5,27,589617.950919189,HitCF_A1_A2_20221104_plate093,20221104,PDIO_04,VX445_VX661_VX770,0.128,2,F4,10,40
6,27,601850.791868286,HitCF_A1_A2_20221104_plate093,20221104,PDIO_04,VX445_VX661_VX770,0.128,2,F4,10,50
7,27,580050.922559815,HitCF_A1_A2_20221104_plate093,20221104,PDIO_04,VX445_VX661_VX770,0.128,2,F4,10,60
1,92,719844.141633911,HitCF_A1_A2_20221110_plate097,20221110,control,DMSO,0.128,1,E12,10,0
2,92,708757.350957031,HitCF_A1_A2_20221110_plate097,20221110,control,DMSO,0.128,1,E12,10,10
3,92,708956.664047852,HitCF_A1_A2_20221110_plate097,20221110,control,DMSO,0.128,1,E12,10,20
4,92,711547.734228515,HitCF_A1_A2_20221110_plate097,20221110,control,DMSO,0.128,1,E12,10,30
5,92,726869.928085327,HitCF_A1_A2_20221110_plate097,20221110,control,DMSO,0.128,1,E12,10,40
6,92,724328.686177368,HitCF_A1_A2_20221110_plate097,20221110,control,DMSO,0.128,1,E12,10,50
7,92,732998.805628052,HitCF_A1_A2_20221110_plate097,20221110,control,DMSO,0.128,1,E12,10,60
1,91,902863.387279663,HitCF_A1_A2_20221110_plate097,20221110,control,DMSO,0.128,2,F12,10,0
2,91,898627.984099731,HitCF_A1_A2_20221110_plate097,20221110,control,DMSO,0.128,2,F12,10,10
3,91,900122.832280884,HitCF_A1_A2_20221110_plate097,20221110,control,DMSO,0.128,2,F12,10,20
4,91,915918.394728394,HitCF_A1_A2_20221110_plate097,20221110,control,DMSO,0.128,2,F12,10,30
5,91,918883.176954346,HitCF_A1_A2_20221110_plate097,20221110,control,DMSO,0.128,2,F12,10,40
6,91,923816.175952148,HitCF_A1_A2_20221110_plate097,20221110,control,DMSO,0.128,2,F12,10,50
7,91,930144.366585693,HitCF_A1_A2_20221110_plate097,20221110,control,DMSO,0.128,2,F12,10,60
1,76,282924.932419434,HitCF_A1_A2_20221110_plate097,20221110,control,VX445_VX661_VX770,0.128,1,E10,10,0
2,76,296054.682277222,HitCF_A1_A2_20221110_plate097,20221110,control,VX445_VX661_VX770,0.128,1,E10,10,10
3,76,368181.107017822,HitCF_A1_A2_20221110_plate097,20221110,control,VX445_VX661_VX770,0.128,1,E10,10,20
4,76,400370.171185303,HitCF_A1_A2_20221110_plate097,20221110,control,VX445_VX661_VX770,0.128,1,E10,10,30
5,76,415941.50640564,HitCF_A1_A2_20221110_plate097,20221110,control,VX445_VX661_VX770,0.128,1,E10,10,40
6,76,426280.872991943,HitCF_A1_A2_20221110_plate097,20221110,control,VX445_VX661_VX770,0.128,1,E10,10,50
7,76,418358.177631836,HitCF_A1_A2_20221110_plate097,20221110,control,VX445_VX661_VX770,0.128,1,E10,10,60
1,75,307465.356726685,HitCF_A1_A2_20221110_plate097,20221110,control,VX445_VX661_VX770,0.128,2,F10,10,0
2,75,317381.182994995,HitCF_A1_A2_20221110_plate097,20221110,control,VX445_VX661_VX770,0.128,2,F10,10,10
3,75,388137.330236206,HitCF_A1_A2_20221110_plate097,20221110,control,VX445_VX661_VX770,0.128,2,F10,10,20
4,75,473019.792789307,HitCF_A1_A2_20221110_plate097,20221110,control,VX445_VX661_VX770,0.128,2,F10,10,30
5,75,510590.310408935,HitCF_A1_A2_20221110_plate097,20221110,control,VX445_VX661_VX770,0.128,2,F10,10,40
6,75,521801.671767578,HitCF_A1_A2_20221110_plate097,20221110,control,VX445_VX661_VX770,0.128,2,F10,10,50
7,75,524791.368129883,HitCF_A1_A2_20221110_plate097,20221110,control,VX445_VX661_VX770,0.128,2,F10,10,60
1,67,513704.577453003,HitCF_A1_A2_20221110_plate097,20221110,PDIO_02,DMSO,0.128,1,C9,10,0
2,67,520157.33876831,HitCF_A1_A2_20221110_plate097,20221110,PDIO_02,DMSO,0.128,1,C9,10,10
3,67,530720.932581787,HitCF_A1_A2_20221110_plate097,20221110,PDIO_02,DMSO,0.128,1,C9,10,20
4,67,540985.556759033,HitCF_A1_A2_20221110_plate097,20221110,PDIO_02,DMSO,0.128,1,C9,10,30
5,67,546068.040574951,HitCF_A1_A2_20221110_plate097,20221110,PDIO_02,DMSO,0.128,1,C9,10,40
6,67,549082.651073608,HitCF_A1_A2_20221110_plate097,20221110,PDIO_02,DMSO,0.128,1,C9,10,50
7,67,553866.165253296,HitCF_A1_A2_20221110_plate097,20221110,PDIO_02,DMSO,0.128,1,C9,10,60
1,68,635758.931444092,HitCF_A1_A2_20221110_plate097,20221110,PDIO_02,DMSO,0.128,2,D9,10,0
2,68,642012.379668579,HitCF_A1_A2_20221110_plate097,20221110,PDIO_02,DMSO,0.128,2,D9,10,10
3,68,647319.09071167,HitCF_A1_A2_20221110_plate097,20221110,PDIO_02,DMSO,0.128,2,D9,10,20
4,68,661868.946341553,HitCF_A1_A2_20221110_plate097,20221110,PDIO_02,DMSO,0.128,2,D9,10,30
5,68,668396.450065918,HitCF_A1_A2_20221110_plate097,20221110,PDIO_02,DMSO,0.128,2,D9,10,40
6,68,676244.403016968,HitCF_A1_A2_20221110_plate097,20221110,PDIO_02,DMSO,0.128,2,D9,10,50
7,68,684640.466967773,HitCF_A1_A2_20221110_plate097,20221110,PDIO_02,DMSO,0.128,2,D9,10,60
1,51,895987.085646362,HitCF_A1_A2_20221110_plate097,20221110,PDIO_02,VX445_VX661_VX770,0.128,1,C7,10,0
2,51,942177.89444397,HitCF_A1_A2_20221110_plate097,20221110,PDIO_02,VX445_VX661_VX770,0.128,1,C7,10,10
3,51,1021155.70668152,HitCF_A1_A2_20221110_plate097,20221110,PDIO_02,VX445_VX661_VX770,0.128,1,C7,10,20
4,51,1094403.26755798,HitCF_A1_A2_20221110_plate097,20221110,PDIO_02,VX445_VX661_VX770,0.128,1,C7,10,30
5,51,1142362.98003662,HitCF_A1_A2_20221110_plate097,20221110,PDIO_02,VX445_VX661_VX770,0.128,1,C7,10,40
6,51,1165283.98548096,HitCF_A1_A2_20221110_plate097,20221110,PDIO_02,VX445_VX661_VX770,0.128,1,C7,10,50
7,51,1129432.54326965,HitCF_A1_A2_20221110_plate097,20221110,PDIO_02,VX445_VX661_VX770,0.128,1,C7,10,60
1,52,606484.821229858,HitCF_A1_A2_20221110_plate097,20221110,PDIO_02,VX445_VX661_VX770,0.128,2,D7,10,0
2,52,701432.594869385,HitCF_A1_A2_20221110_plate097,20221110,PDIO_02,VX445_VX661_VX770,0.128,2,D7,10,10
3,52,768302.1368396,HitCF_A1_A2_20221110_plate097,20221110,PDIO_02,VX445_VX661_VX770,0.128,2,D7,10,20
4,52,808214.583276367,HitCF_A1_A2_20221110_plate097,20221110,PDIO_02,VX445_VX661_VX770,0.128,2,D7,10,30
5,52,765162.95565918,HitCF_A1_A2_20221110_plate097,20221110,PDIO_02,VX445_VX661_VX770,0.128,2,D7,10,40
6,52,792144.96532898,HitCF_A1_A2_20221110_plate097,20221110,PDIO_02,VX445_VX661_VX770,0.128,2,D7,10,50
7,52,749292.650802612,HitCF_A1_A2_20221110_plate097,20221110,PDIO_02,VX445_VX661_VX770,0.128,2,D7,10,60
1,92,291769.450824585,HitCF_A1_A2_20221117_plate099,20221117,control,DMSO,0.128,1,E12,10,0
2,92,290623.400552368,HitCF_A1_A2_20221117_plate099,20221117,control,DMSO,0.128,1,E12,10,10
3,92,291520.30946106,HitCF_A1_A2_20221117_plate099,20221117,control,DMSO,0.128,1,E12,10,20
4,92,295357.086459351,HitCF_A1_A2_20221117_plate099,20221117,control,DMSO,0.128,1,E12,10,30
5,92,294161.207914429,HitCF_A1_A2_20221117_plate099,20221117,control,DMSO,0.128,1,E12,10,40
6,92,298346.782821655,HitCF_A1_A2_20221117_plate099,20221117,control,DMSO,0.128,1,E12,10,50
7,92,299243.691730347,HitCF_A1_A2_20221117_plate099,20221117,control,DMSO,0.128,1,E12,10,60
1,91,319299.571494141,HitCF_A1_A2_20221117_plate099,20221117,control,DMSO,0.128,2,F12,10,0
2,91,319648.369403076,HitCF_A1_A2_20221117_plate099,20221117,control,DMSO,0.128,2,F12,10,10
3,91,324257.484628296,HitCF_A1_A2_20221117_plate099,20221117,control,DMSO,0.128,2,F12,10,20
4,91,323111.434356079,HitCF_A1_A2_20221117_plate099,20221117,control,DMSO,0.128,2,F12,10,30
5,91,327745.463717651,HitCF_A1_A2_20221117_plate099,20221117,control,DMSO,0.128,2,F12,10,40
6,91,323908.68671936,HitCF_A1_A2_20221117_plate099,20221117,control,DMSO,0.128,2,F12,10,50
7,91,329738.594625854,HitCF_A1_A2_20221117_plate099,20221117,control,DMSO,0.128,2,F12,10,60
1,76,218148.177902832,HitCF_A1_A2_20221117_plate099,20221117,control,VX445_VX661_VX770,0.128,1,E10,10,0
2,76,247173.14675354,HitCF_A1_A2_20221117_plate099,20221117,control,VX445_VX661_VX770,0.128,1,E10,10,10
3,76,319349.399766846,HitCF_A1_A2_20221117_plate099,20221117,control,VX445_VX661_VX770,0.128,1,E10,10,20
4,76,370174.237926025,HitCF_A1_A2_20221117_plate099,20221117,control,VX445_VX661_VX770,0.128,1,E10,10,30
5,76,379317.725967407,HitCF_A1_A2_20221117_plate099,20221117,control,VX445_VX661_VX770,0.128,1,E10,10,40
6,76,392796.273734131,HitCF_A1_A2_20221117_plate099,20221117,control,VX445_VX661_VX770,0.128,1,E10,10,50
7,76,381360.685148315,HitCF_A1_A2_20221117_plate099,20221117,control,VX445_VX661_VX770,0.128,1,E10,10,60
1,75,172605.136650391,HitCF_A1_A2_20221117_plate099,20221117,control,VX445_VX661_VX770,0.128,2,F10,10,0
2,75,184638.664508667,HitCF_A1_A2_20221117_plate099,20221117,control,VX445_VX661_VX770,0.128,2,F10,10,10
3,75,221935.126628418,HitCF_A1_A2_20221117_plate099,20221117,control,VX445_VX661_VX770,0.128,2,F10,10,20
4,75,248144.798071289,HitCF_A1_A2_20221117_plate099,20221117,control,VX445_VX661_VX770,0.128,2,F10,10,30
5,75,260626.780383911,HitCF_A1_A2_20221117_plate099,20221117,control,VX445_VX661_VX770,0.128,2,F10,10,40
6,75,268649.132289429,HitCF_A1_A2_20221117_plate099,20221117,control,VX445_VX661_VX770,0.128,2,F10,10,50
7,75,274404.297786865,HitCF_A1_A2_20221117_plate099,20221117,control,VX445_VX661_VX770,0.128,2,F10,10,60
1,19,114032.002085571,HitCF_A1_A2_20221117_plate099,20221117,PDIO_01,DMSO,0.128,1,C3,10,0
2,19,114032.002085571,HitCF_A1_A2_20221117_plate099,20221117,PDIO_01,DMSO,0.128,1,C3,10,10
3,19,114978.739266968,HitCF_A1_A2_20221117_plate099,20221117,PDIO_01,DMSO,0.128,1,C3,10,20
4,19,115626.506812134,HitCF_A1_A2_20221117_plate099,20221117,PDIO_01,DMSO,0.128,1,C3,10,30
5,19,116149.703675537,HitCF_A1_A2_20221117_plate099,20221117,PDIO_01,DMSO,0.128,1,C3,10,40
6,19,116897.127766113,HitCF_A1_A2_20221117_plate099,20221117,PDIO_01,DMSO,0.128,1,C3,10,50
7,19,117769.122538452,HitCF_A1_A2_20221117_plate099,20221117,PDIO_01,DMSO,0.128,1,C3,10,60
1,20,160172.982610474,HitCF_A1_A2_20221117_plate099,20221117,PDIO_01,DMSO,0.128,2,D3,10,0
2,20,159201.331292725,HitCF_A1_A2_20221117_plate099,20221117,PDIO_01,DMSO,0.128,2,D3,10,10
3,20,160222.810883179,HitCF_A1_A2_20221117_plate099,20221117,PDIO_01,DMSO,0.128,2,D3,10,20
4,20,163137.764836426,HitCF_A1_A2_20221117_plate099,20221117,PDIO_01,DMSO,0.128,2,D3,10,30
5,20,164034.673745117,HitCF_A1_A2_20221117_plate099,20221117,PDIO_01,DMSO,0.128,2,D3,10,40
6,20,164433.299926758,HitCF_A1_A2_20221117_plate099,20221117,PDIO_01,DMSO,0.128,2,D3,10,50
7,20,165828.4915625,HitCF_A1_A2_20221117_plate099,20221117,PDIO_01,DMSO,0.128,2,D3,10,60
1,3,158902.361656494,HitCF_A1_A2_20221117_plate099,20221117,PDIO_01,VX445_VX661_VX770,0.128,1,C1,10,0
2,3,195874.940003662,HitCF_A1_A2_20221117_plate099,20221117,PDIO_01,VX445_VX661_VX770,0.128,1,C1,10,10
3,3,231427.412578735,HitCF_A1_A2_20221117_plate099,20221117,PDIO_01,VX445_VX661_VX770,0.128,1,C1,10,20
4,3,244357.849345703,HitCF_A1_A2_20221117_plate099,20221117,PDIO_01,VX445_VX661_VX770,0.128,1,C1,10,30
5,3,231003.872260742,HitCF_A1_A2_20221117_plate099,20221117,PDIO_01,VX445_VX661_VX770,0.128,1,C1,10,40
6,3,215407.622904053,HitCF_A1_A2_20221117_plate099,20221117,PDIO_01,VX445_VX661_VX770,0.128,1,C1,10,50
7,3,220888.732901611,HitCF_A1_A2_20221117_plate099,20221117,PDIO_01,VX445_VX661_VX770,0.128,1,C1,10,60
1,4,280732.48842041,HitCF_A1_A2_20221117_plate099,20221117,PDIO_01,VX445_VX661_VX770,0.128,2,D1,10,0
2,4,330211.963216553,HitCF_A1_A2_20221117_plate099,20221117,PDIO_01,VX445_VX661_VX770,0.128,2,D1,10,10
3,4,372989.535333862,HitCF_A1_A2_20221117_plate099,20221117,PDIO_01,VX445_VX661_VX770,0.128,2,D1,10,20
4,4,361030.749884644,HitCF_A1_A2_20221117_plate099,20221117,PDIO_01,VX445_VX661_VX770,0.128,2,D1,10,30
5,4,361279.891248169,HitCF_A1_A2_20221117_plate099,20221117,PDIO_01,VX445_VX661_VX770,0.128,2,D1,10,40
6,4,345683.641891479,HitCF_A1_A2_20221117_plate099,20221117,PDIO_01,VX445_VX661_VX770,0.128,2,D1,10,50
7,4,353008.397979126,HitCF_A1_A2_20221117_plate099,20221117,PDIO_01,VX445_VX661_VX770,0.128,2,D1,10,60
1,92,580125.664968872,HitCF_A1_A2_20221117_plate100,20221117,control,DMSO,0.128,1,E12,10,0
2,92,578855.044014893,HitCF_A1_A2_20221117_plate100,20221117,control,DMSO,0.128,1,E12,10,10
3,92,579527.725696411,HitCF_A1_A2_20221117_plate100,20221117,control,DMSO,0.128,1,E12,10,20
4,92,580150.579105224,HitCF_A1_A2_20221117_plate100,20221117,control,DMSO,0.128,1,E12,10,30
5,92,581844.740377197,HitCF_A1_A2_20221117_plate100,20221117,control,DMSO,0.128,1,E12,10,40
6,92,582990.790649414,HitCF_A1_A2_20221117_plate100,20221117,control,DMSO,0.128,1,E12,10,50
7,92,583040.618922119,HitCF_A1_A2_20221117_plate100,20221117,control,DMSO,0.128,1,E12,10,60
1,91,912256.01668457,HitCF_A1_A2_20221117_plate100,20221117,control,DMSO,0.128,2,F12,10,0
2,91,910661.511958008,HitCF_A1_A2_20221117_plate100,20221117,control,DMSO,0.128,2,F12,10,10
3,91,916491.419864502,HitCF_A1_A2_20221117_plate100,20221117,control,DMSO,0.128,2,F12,10,20
4,91,912704.471138916,HitCF_A1_A2_20221117_plate100,20221117,control,DMSO,0.128,2,F12,10,30
5,91,912031.789457398,HitCF_A1_A2_20221117_plate100,20221117,control,DMSO,0.128,2,F12,10,40
6,91,915993.137137451,HitCF_A1_A2_20221117_plate100,20221117,control,DMSO,0.128,2,F12,10,50
7,91,915345.369592285,HitCF_A1_A2_20221117_plate100,20221117,control,DMSO,0.128,2,F12,10,60
1,76,293089.90005127,HitCF_A1_A2_20221117_plate100,20221117,control,VX445_VX661_VX770,0.128,1,E10,10,0
2,76,298571.010048828,HitCF_A1_A2_20221117_plate100,20221117,control,VX445_VX661_VX770,0.128,1,E10,10,10
3,76,352485.201115723,HitCF_A1_A2_20221117_plate100,20221117,control,VX445_VX661_VX770,0.128,1,E10,10,20
4,76,418532.576586304,HitCF_A1_A2_20221117_plate100,20221117,control,VX445_VX661_VX770,0.128,1,E10,10,30
5,76,448877.994663696,HitCF_A1_A2_20221117_plate100,20221117,control,VX445_VX661_VX770,0.128,1,E10,10,40
6,76,442848.773666382,HitCF_A1_A2_20221117_plate100,20221117,control,VX445_VX661_VX770,0.128,1,E10,10,50
7,76,430292.048944702,HitCF_A1_A2_20221117_plate100,20221117,control,VX445_VX661_VX770,0.128,1,E10,10,60
1,75,361030.749884644,HitCF_A1_A2_20221117_plate100,20221117,control,VX445_VX661_VX770,0.128,2,F10,10,0
2,75,369376.985562744,HitCF_A1_A2_20221117_plate100,20221117,control,VX445_VX661_VX770,0.128,2,F10,10,10
3,75,453786.079525146,HitCF_A1_A2_20221117_plate100,20221117,control,VX445_VX661_VX770,0.128,2,F10,10,20
4,75,544772.505484619,HitCF_A1_A2_20221117_plate100,20221117,control,VX445_VX661_VX770,0.128,2,F10,10,30
5,75,560343.840704956,HitCF_A1_A2_20221117_plate100,20221117,control,VX445_VX661_VX770,0.128,2,F10,10,40
6,75,549556.019664307,HitCF_A1_A2_20221117_plate100,20221117,control,VX445_VX661_VX770,0.128,2,F10,10,50
7,75,551175.438527222,HitCF_A1_A2_20221117_plate100,20221117,control,VX445_VX661_VX770,0.128,2,F10,10,60
1,67,486573.082965088,HitCF_A1_A2_20221117_plate100,20221117,PDIO_02,DMSO,0.128,1,C9,10,0
2,67,472147.798016968,HitCF_A1_A2_20221117_plate100,20221117,PDIO_02,DMSO,0.128,1,C9,10,10
3,67,477554.165605469,HitCF_A1_A2_20221117_plate100,20221117,PDIO_02,DMSO,0.128,1,C9,10,20
4,67,482138.366694336,HitCF_A1_A2_20221117_plate100,20221117,PDIO_02,DMSO,0.128,1,C9,10,30
5,67,482761.220103149,HitCF_A1_A2_20221117_plate100,20221117,PDIO_02,DMSO,0.128,1,C9,10,40
6,67,487146.108101196,HitCF_A1_A2_20221117_plate100,20221117,PDIO_02,DMSO,0.128,1,C9,10,50
7,67,487943.360464478,HitCF_A1_A2_20221117_plate100,20221117,PDIO_02,DMSO,0.128,1,C9,10,60
1,68,442973.344348144,HitCF_A1_A2_20221117_plate100,20221117,PDIO_02,DMSO,0.128,2,D9,10,0
2,68,452490.544434814,HitCF_A1_A2_20221117_plate100,20221117,PDIO_02,DMSO,0.128,2,D9,10,10
3,68,454184.705706787,HitCF_A1_A2_20221117_plate100,20221117,PDIO_02,DMSO,0.128,2,D9,10,20
4,68,459516.33088623,HitCF_A1_A2_20221117_plate100,20221117,PDIO_02,DMSO,0.128,2,D9,10,30
5,68,464823.041929321,HitCF_A1_A2_20221117_plate100,20221117,PDIO_02,DMSO,0.128,2,D9,10,40
6,68,463477.678566284,HitCF_A1_A2_20221117_plate100,20221117,PDIO_02,DMSO,0.128,2,D9,10,50
7,68,468659.818927612,HitCF_A1_A2_20221117_plate100,20221117,PDIO_02,DMSO,0.128,2,D9,10,60
1,51,976708.887428589,HitCF_A1_A2_20221117_plate100,20221117,PDIO_02,VX445_VX661_VX770,0.128,1,C7,10,0
2,51,994746.722147827,HitCF_A1_A2_20221117_plate100,20221117,PDIO_02,VX445_VX661_VX770,0.128,1,C7,10,10
3,51,1057829.31539246,HitCF_A1_A2_20221117_plate100,20221117,PDIO_02,VX445_VX661_VX770,0.128,1,C7,10,20
4,51,1090591.40469604,HitCF_A1_A2_20221117_plate100,20221117,PDIO_02,VX445_VX661_VX770,0.128,1,C7,10,30
5,51,1117199.70232056,HitCF_A1_A2_20221117_plate100,20221117,PDIO_02,VX445_VX661_VX770,0.128,1,C7,10,40
6,51,1075792.40770264,HitCF_A1_A2_20221117_plate100,20221117,PDIO_02,VX445_VX661_VX770,0.128,1,C7,10,50
7,51,1003391.92746216,HitCF_A1_A2_20221117_plate100,20221117,PDIO_02,VX445_VX661_VX770,0.128,1,C7,10,60
1,52,993426.272921142,HitCF_A1_A2_20221117_plate100,20221117,PDIO_02,VX445_VX661_VX770,0.128,2,D7,10,0
2,52,991482.970285644,HitCF_A1_A2_20221117_plate100,20221117,PDIO_02,VX445_VX661_VX770,0.128,2,D7,10,10
3,52,1043977.05558044,HitCF_A1_A2_20221117_plate100,20221117,PDIO_02,VX445_VX661_VX770,0.128,2,D7,10,20
4,52,1091612.8842865,HitCF_A1_A2_20221117_plate100,20221117,PDIO_02,VX445_VX661_VX770,0.128,2,D7,10,30
5,52,1137604.37999329,HitCF_A1_A2_20221117_plate100,20221117,PDIO_02,VX445_VX661_VX770,0.128,2,D7,10,40
6,52,1134016.74435852,HitCF_A1_A2_20221117_plate100,20221117,PDIO_02,VX445_VX661_VX770,0.128,2,D7,10,50
7,52,1165632.78338989,HitCF_A1_A2_20221117_plate100,20221117,PDIO_02,VX445_VX661_VX770,0.128,2,D7,10,60
1,92,232797.690078125,HitCF_A1_A2_20221124_plate101,20221124,control,DMSO,0.128,1,E12,10,0
2,92,226145.615671997,HitCF_A1_A2_20221124_plate101,20221124,control,DMSO,0.128,1,E12,10,10
3,92,229957.478533936,HitCF_A1_A2_20221124_plate101,20221124,control,DMSO,0.128,1,E12,10,20
4,92,229160.226170654,HitCF_A1_A2_20221124_plate101,20221124,control,DMSO,0.128,1,E12,10,30
5,92,225647.332944946,HitCF_A1_A2_20221124_plate101,20221124,control,DMSO,0.128,1,E12,10,40
6,92,224027.914082031,HitCF_A1_A2_20221124_plate101,20221124,control,DMSO,0.128,1,E12,10,50
7,92,227939.43348938,HitCF_A1_A2_20221124_plate101,20221124,control,DMSO,0.128,1,E12,10,60
1,91,232299.407351074,HitCF_A1_A2_20221124_plate101,20221124,control,DMSO,0.128,2,F12,10,0
2,91,228113.832443848,HitCF_A1_A2_20221124_plate101,20221124,control,DMSO,0.128,2,F12,10,10
3,91,226045.959126587,HitCF_A1_A2_20221124_plate101,20221124,control,DMSO,0.128,2,F12,10,20
4,91,223155.919309692,HitCF_A1_A2_20221124_plate101,20221124,control,DMSO,0.128,2,F12,10,30
5,91,224825.166445312,HitCF_A1_A2_20221124_plate101,20221124,control,DMSO,0.128,2,F12,10,40
6,91,225946.302581177,HitCF_A1_A2_20221124_plate101,20221124,control,DMSO,0.128,2,F12,10,50
7,91,226195.443944702,HitCF_A1_A2_20221124_plate101,20221124,control,DMSO,0.128,2,F12,10,60
1,44,420774.848858032,HitCF_A1_A2_20221124_plate101,20221124,PDIO_03,DMSO,0.128,1,E6,10,0
2,44,622778.666404419,HitCF_A1_A2_20221124_plate101,20221124,PDIO_03,DMSO,0.128,1,E6,10,10
3,44,621333.646495972,HitCF_A1_A2_20221124_plate101,20221124,PDIO_03,DMSO,0.128,1,E6,10,20
4,44,611044.108182373,HitCF_A1_A2_20221124_plate101,20221124,PDIO_03,DMSO,0.128,1,E6,10,30
5,44,610770.052682495,HitCF_A1_A2_20221124_plate101,20221124,PDIO_03,DMSO,0.128,1,E6,10,40
6,44,612264.900863647,HitCF_A1_A2_20221124_plate101,20221124,PDIO_03,DMSO,0.128,1,E6,10,50
7,44,615204.768953247,HitCF_A1_A2_20221124_plate101,20221124,PDIO_03,DMSO,0.128,1,E6,10,60
1,43,351962.004252319,HitCF_A1_A2_20221124_plate101,20221124,PDIO_03,DMSO,0.128,2,F6,10,0
2,43,431188.957853394,HitCF_A1_A2_20221124_plate101,20221124,PDIO_03,DMSO,0.128,2,F6,10,10
3,43,436420.926487427,HitCF_A1_A2_20221124_plate101,20221124,PDIO_03,DMSO,0.128,2,F6,10,20
4,43,439510.279395142,HitCF_A1_A2_20221124_plate101,20221124,PDIO_03,DMSO,0.128,2,F6,10,30
5,43,453188.140252685,HitCF_A1_A2_20221124_plate101,20221124,PDIO_03,DMSO,0.128,2,F6,10,40
6,43,468859.132018433,HitCF_A1_A2_20221124_plate101,20221124,PDIO_03,DMSO,0.128,2,F6,10,50
7,43,482586.821148682,HitCF_A1_A2_20221124_plate101,20221124,PDIO_03,DMSO,0.128,2,F6,10,60
1,76,358290.194885864,HitCF_A1_A2_20221124_plate101,20221124,control,VX445_VX661_VX770,0.128,1,E10,10,0
2,76,394041.980551758,HitCF_A1_A2_20221124_plate101,20221124,control,VX445_VX661_VX770,0.128,1,E10,10,10
3,76,513231.208862305,HitCF_A1_A2_20221124_plate101,20221124,control,VX445_VX661_VX770,0.128,1,E10,10,20
4,76,593579.298599243,HitCF_A1_A2_20221124_plate101,20221124,control,VX445_VX661_VX770,0.128,1,E10,10,30
5,76,610097.371000977,HitCF_A1_A2_20221124_plate101,20221124,control,VX445_VX661_VX770,0.128,1,E10,10,40
6,76,606459.907093506,HitCF_A1_A2_20221124_plate101,20221124,control,VX445_VX661_VX770,0.128,1,E10,10,50
7,76,591436.682872925,HitCF_A1_A2_20221124_plate101,20221124,control,VX445_VX661_VX770,0.128,1,E10,10,60
1,75,345085.702619018,HitCF_A1_A2_20221124_plate101,20221124,control,VX445_VX661_VX770,0.128,2,F10,10,0
2,75,365216.32479187,HitCF_A1_A2_20221124_plate101,20221124,control,VX445_VX661_VX770,0.128,2,F10,10,10
3,75,473567.903789063,HitCF_A1_A2_20221124_plate101,20221124,control,VX445_VX661_VX770,0.128,2,F10,10,20
4,75,552022.519163208,HitCF_A1_A2_20221124_plate101,20221124,control,VX445_VX661_VX770,0.128,2,F10,10,30
5,75,588422.072374268,HitCF_A1_A2_20221124_plate101,20221124,control,VX445_VX661_VX770,0.128,2,F10,10,40
6,75,575715.862834473,HitCF_A1_A2_20221124_plate101,20221124,control,VX445_VX661_VX770,0.128,2,F10,10,50
7,75,574843.868062134,HitCF_A1_A2_20221124_plate101,20221124,control,VX445_VX661_VX770,0.128,2,F10,10,60
1,28,403185.46859314,HitCF_A1_A2_20221124_plate101,20221124,PDIO_03,VX445_VX661_VX770,0.128,1,E4,10,0
2,28,628832.801538086,HitCF_A1_A2_20221124_plate101,20221124,PDIO_03,VX445_VX661_VX770,0.128,1,E4,10,10
3,28,684690.295240478,HitCF_A1_A2_20221124_plate101,20221124,PDIO_03,VX445_VX661_VX770,0.128,1,E4,10,20
4,28,711124.193910522,HitCF_A1_A2_20221124_plate101,20221124,PDIO_03,VX445_VX661_VX770,0.128,1,E4,10,30
5,28,735664.618217773,HitCF_A1_A2_20221124_plate101,20221124,PDIO_03,VX445_VX661_VX770,0.128,1,E4,10,40
6,28,748719.625666504,HitCF_A1_A2_20221124_plate101,20221124,PDIO_03,VX445_VX661_VX770,0.128,1,E4,10,50
7,28,747723.060212402,HitCF_A1_A2_20221124_plate101,20221124,PDIO_03,VX445_VX661_VX770,0.128,1,E4,10,60
1,27,526261.302174683,HitCF_A1_A2_20221124_plate101,20221124,PDIO_03,VX445_VX661_VX770,0.128,2,F4,10,0
2,27,821842.615861206,HitCF_A1_A2_20221124_plate101,20221124,PDIO_03,VX445_VX661_VX770,0.128,2,F4,10,10
3,27,909341.062731323,HitCF_A1_A2_20221124_plate101,20221124,PDIO_03,VX445_VX661_VX770,0.128,2,F4,10,20
4,27,948904.711259155,HitCF_A1_A2_20221124_plate101,20221124,PDIO_03,VX445_VX661_VX770,0.128,2,F4,10,30
5,27,928076.493268433,HitCF_A1_A2_20221124_plate101,20221124,PDIO_03,VX445_VX661_VX770,0.128,2,F4,10,40
6,27,923691.605270386,HitCF_A1_A2_20221124_plate101,20221124,PDIO_03,VX445_VX661_VX770,0.128,2,F4,10,50
7,27,955282.730165405,HitCF_A1_A2_20221124_plate101,20221124,PDIO_03,VX445_VX661_VX770,0.128,2,F4,10,60
1,91,693933.43982727,HitCF_A1_A2_20230208_plate119,20230208,control,DMSO,0.128,2,F12,10,0
2,91,694556.293236084,HitCF_A1_A2_20230208_plate119,20230208,control,DMSO,0.128,2,F12,10,10
3,91,706241.023185425,HitCF_A1_A2_20230208_plate119,20230208,control,DMSO,0.128,2,F12,10,20
4,91,703724.695413818,HitCF_A1_A2_20230208_plate119,20230208,control,DMSO,0.128,2,F12,10,30
5,91,694157.667054443,HitCF_A1_A2_20230208_plate119,20230208,control,DMSO,0.128,2,F12,10,40
6,91,700610.428369751,HitCF_A1_A2_20230208_plate119,20230208,control,DMSO,0.128,2,F12,10,50
7,91,693161.101600342,HitCF_A1_A2_20230208_plate119,20230208,control,DMSO,0.128,2,F12,10,60
1,92,692189.450282593,HitCF_A1_A2_20230208_plate119,20230208,control,DMSO,0.128,1,E12,10,0
2,92,708832.093366089,HitCF_A1_A2_20230208_plate119,20230208,control,DMSO,0.128,1,E12,10,10
3,92,715808.0515448,HitCF_A1_A2_20230208_plate119,20230208,control,DMSO,0.128,1,E12,10,20
4,92,727318.382539673,HitCF_A1_A2_20230208_plate119,20230208,control,DMSO,0.128,1,E12,10,30
5,92,738604.486307373,HitCF_A1_A2_20230208_plate119,20230208,control,DMSO,0.128,1,E12,10,40
6,92,753752.281209717,HitCF_A1_A2_20230208_plate119,20230208,control,DMSO,0.128,1,E12,10,50
7,92,763144.910614624,HitCF_A1_A2_20230208_plate119,20230208,control,DMSO,0.128,1,E12,10,60
1,43,237655.94666687,HitCF_A1_A2_20230208_plate119,20230208,PDIO_05,DMSO,0.128,2,F6,10,0
2,43,237954.916303101,HitCF_A1_A2_20230208_plate119,20230208,PDIO_05,DMSO,0.128,2,F6,10,10
3,43,240645.643029175,HitCF_A1_A2_20230208_plate119,20230208,PDIO_05,DMSO,0.128,2,F6,10,20
4,43,240496.15821106,HitCF_A1_A2_20230208_plate119,20230208,PDIO_05,DMSO,0.128,2,F6,10,30
5,43,237332.062894287,HitCF_A1_A2_20230208_plate119,20230208,PDIO_05,DMSO,0.128,2,F6,10,40
6,43,236260.755031128,HitCF_A1_A2_20230208_plate119,20230208,PDIO_05,DMSO,0.128,2,F6,10,50
7,43,239599.249302368,HitCF_A1_A2_20230208_plate119,20230208,PDIO_05,DMSO,0.128,2,F6,10,60
1,44,225722.075354004,HitCF_A1_A2_20230208_plate119,20230208,PDIO_05,DMSO,0.128,1,E6,10,0
2,44,198889.550502319,HitCF_A1_A2_20230208_plate119,20230208,PDIO_05,DMSO,0.128,1,E6,10,10
3,44,197519.27300293,HitCF_A1_A2_20230208_plate119,20230208,PDIO_05,DMSO,0.128,1,E6,10,20
4,44,184813.063463135,HitCF_A1_A2_20230208_plate119,20230208,PDIO_05,DMSO,0.128,1,E6,10,30
5,44,189073.380779419,HitCF_A1_A2_20230208_plate119,20230208,PDIO_05,DMSO,0.128,1,E6,10,40
6,44,181225.427828369,HitCF_A1_A2_20230208_plate119,20230208,PDIO_05,DMSO,0.128,1,E6,10,50
7,44,185261.51791748,HitCF_A1_A2_20230208_plate119,20230208,PDIO_05,DMSO,0.128,1,E6,10,60
1,67,588995.097510376,HitCF_A1_A2_20230208_plate119,20230208,PDIO_06,DMSO,0.128,1,C9,10,0
2,67,565227.011430054,HitCF_A1_A2_20230208_plate119,20230208,PDIO_06,DMSO,0.128,1,C9,10,10
3,67,565177.183157349,HitCF_A1_A2_20230208_plate119,20230208,PDIO_06,DMSO,0.128,1,C9,10,20
4,67,566173.74861145,HitCF_A1_A2_20230208_plate119,20230208,PDIO_06,DMSO,0.128,1,C9,10,30
5,67,568764.818792114,HitCF_A1_A2_20230208_plate119,20230208,PDIO_06,DMSO,0.128,1,C9,10,40
6,67,578232.190606079,HitCF_A1_A2_20230208_plate119,20230208,PDIO_06,DMSO,0.128,1,C9,10,50
7,67,566995.915111084,HitCF_A1_A2_20230208_plate119,20230208,PDIO_06,DMSO,0.128,1,C9,10,60
1,68,726645.700858154,HitCF_A1_A2_20230208_plate119,20230208,PDIO_06,DMSO,0.128,2,D9,10,0
2,68,746028.89894043,HitCF_A1_A2_20230208_plate119,20230208,PDIO_06,DMSO,0.128,2,D9,10,10
3,68,754898.331481933,HitCF_A1_A2_20230208_plate119,20230208,PDIO_06,DMSO,0.128,2,D9,10,20
4,68,764714.501204834,HitCF_A1_A2_20230208_plate119,20230208,PDIO_06,DMSO,0.128,2,D9,10,30
5,68,775278.09501831,HitCF_A1_A2_20230208_plate119,20230208,PDIO_06,DMSO,0.128,2,D9,10,40
6,68,790102.006148071,HitCF_A1_A2_20230208_plate119,20230208,PDIO_06,DMSO,0.128,2,D9,10,50
7,68,811428.506865845,HitCF_A1_A2_20230208_plate119,20230208,PDIO_06,DMSO,0.128,2,D9,10,60
1,75,788457.673148804,HitCF_A1_A2_20230208_plate119,20230208,control,VX445_VX661_VX770,0.128,2,F10,10,0
2,75,777794.422789917,HitCF_A1_A2_20230208_plate119,20230208,control,VX445_VX661_VX770,0.128,2,F10,10,10
3,75,841848.667352295,HitCF_A1_A2_20230208_plate119,20230208,control,VX445_VX661_VX770,0.128,2,F10,10,20
4,75,1003566.32641663,HitCF_A1_A2_20230208_plate119,20230208,control,VX445_VX661_VX770,0.128,2,F10,10,30
5,75,1125271.88249878,HitCF_A1_A2_20230208_plate119,20230208,control,VX445_VX661_VX770,0.128,2,F10,10,40
6,75,1166355.29334412,HitCF_A1_A2_20230208_plate119,20230208,control,VX445_VX661_VX770,0.128,2,F10,10,50
7,75,1196351.91351257,HitCF_A1_A2_20230208_plate119,20230208,control,VX445_VX661_VX770,0.128,2,F10,10,60
1,76,811777.30477478,HitCF_A1_A2_20230208_plate119,20230208,control,VX445_VX661_VX770,0.128,1,E10,10,0
2,76,754948.159754639,HitCF_A1_A2_20230208_plate119,20230208,control,VX445_VX661_VX770,0.128,1,E10,10,10
3,76,812325.415774536,HitCF_A1_A2_20230208_plate119,20230208,control,VX445_VX661_VX770,0.128,1,E10,10,20
4,76,943224.288170777,HitCF_A1_A2_20230208_plate119,20230208,control,VX445_VX661_VX770,0.128,1,E10,10,30
5,76,1059573.30493713,HitCF_A1_A2_20230208_plate119,20230208,control,VX445_VX661_VX770,0.128,1,E10,10,40
6,76,1111045.91064148,HitCF_A1_A2_20230208_plate119,20230208,control,VX445_VX661_VX770,0.128,1,E10,10,50
7,76,1118893.86359253,HitCF_A1_A2_20230208_plate119,20230208,control,VX445_VX661_VX770,0.128,1,E10,10,60
1,27,440780.900349121,HitCF_A1_A2_20230208_plate119,20230208,PDIO_05,VX445_VX661_VX770,0.128,2,F4,10,0
2,27,416464.703269043,HitCF_A1_A2_20230208_plate119,20230208,PDIO_05,VX445_VX661_VX770,0.128,2,F4,10,10
3,27,486971.709146728,HitCF_A1_A2_20230208_plate119,20230208,PDIO_05,VX445_VX661_VX770,0.128,2,F4,10,20
4,27,559172.876296387,HitCF_A1_A2_20230208_plate119,20230208,PDIO_05,VX445_VX661_VX770,0.128,2,F4,10,30
5,27,613510.607681274,HitCF_A1_A2_20230208_plate119,20230208,PDIO_05,VX445_VX661_VX770,0.128,2,F4,10,40
6,27,651155.867709961,HitCF_A1_A2_20230208_plate119,20230208,PDIO_05,VX445_VX661_VX770,0.128,2,F4,10,50
7,27,669567.414474487,HitCF_A1_A2_20230208_plate119,20230208,PDIO_05,VX445_VX661_VX770,0.128,2,F4,10,60
1,28,347701.686936035,HitCF_A1_A2_20230208_plate119,20230208,PDIO_05,VX445_VX661_VX770,0.128,1,E4,10,0
2,28,334223.139169312,HitCF_A1_A2_20230208_plate119,20230208,PDIO_05,VX445_VX661_VX770,0.128,1,E4,10,10
3,28,385496.431782837,HitCF_A1_A2_20230208_plate119,20230208,PDIO_05,VX445_VX661_VX770,0.128,1,E4,10,20
4,28,438713.02703186,HitCF_A1_A2_20230208_plate119,20230208,PDIO_05,VX445_VX661_VX770,0.128,1,E4,10,30
5,28,466492.289064941,HitCF_A1_A2_20230208_plate119,20230208,PDIO_05,VX445_VX661_VX770,0.128,1,E4,10,40
6,28,485327.376147461,HitCF_A1_A2_20230208_plate119,20230208,PDIO_05,VX445_VX661_VX770,0.128,1,E4,10,50
7,28,473443.3331073,HitCF_A1_A2_20230208_plate119,20230208,PDIO_05,VX445_VX661_VX770,0.128,1,E4,10,60
1,51,507201.98786499,HitCF_A1_A2_20230208_plate119,20230208,PDIO_06,VX445_VX661_VX770,0.128,1,C7,10,0
2,51,526435.70112915,HitCF_A1_A2_20230208_plate119,20230208,PDIO_06,VX445_VX661_VX770,0.128,1,C7,10,10
3,51,591710.738372803,HitCF_A1_A2_20230208_plate119,20230208,PDIO_06,VX445_VX661_VX770,0.128,1,C7,10,20
4,51,639770.10739685,HitCF_A1_A2_20230208_plate119,20230208,PDIO_06,VX445_VX661_VX770,0.128,1,C7,10,30
5,51,671361.23229187,HitCF_A1_A2_20230208_plate119,20230208,PDIO_06,VX445_VX661_VX770,0.128,1,C7,10,40
6,51,676119.832335205,HitCF_A1_A2_20230208_plate119,20230208,PDIO_06,VX445_VX661_VX770,0.128,1,C7,10,50
7,51,676991.827107544,HitCF_A1_A2_20230208_plate119,20230208,PDIO_06,VX445_VX661_VX770,0.128,1,C7,10,60
1,52,600281.201278076,HitCF_A1_A2_20230208_plate119,20230208,PDIO_06,VX445_VX661_VX770,0.128,2,D7,10,0
2,52,668047.652156982,HitCF_A1_A2_20230208_plate119,20230208,PDIO_06,VX445_VX661_VX770,0.128,2,D7,10,10
3,52,759532.360843506,HitCF_A1_A2_20230208_plate119,20230208,PDIO_06,VX445_VX661_VX770,0.128,2,D7,10,20
4,52,833402.775128784,HitCF_A1_A2_20230208_plate119,20230208,PDIO_06,VX445_VX661_VX770,0.128,2,D7,10,30
5,52,873688.93361084,HitCF_A1_A2_20230208_plate119,20230208,PDIO_06,VX445_VX661_VX770,0.128,2,D7,10,40
6,52,907422.674232178,HitCF_A1_A2_20230208_plate119,20230208,PDIO_06,VX445_VX661_VX770,0.128,2,D7,10,50
7,52,914024.9203656,HitCF_A1_A2_20230208_plate119,20230208,PDIO_06,VX445_VX661_VX770,0.128,2,D7,10,60
1,91,437093.608168945,HitCF_A1_A2_20230223_plate121,20230222,control,DMSO,0.128,2,F12,10,0
2,91,433829.856306763,HitCF_A1_A2_20230223_plate121,20230222,control,DMSO,0.128,2,F12,10,10
3,91,428797.20076355,HitCF_A1_A2_20230223_plate121,20230222,control,DMSO,0.128,2,F12,10,20
4,91,427377.094991455,HitCF_A1_A2_20230223_plate121,20230222,control,DMSO,0.128,2,F12,10,30
5,91,424262.827947388,HitCF_A1_A2_20230223_plate121,20230222,control,DMSO,0.128,2,F12,10,40
6,91,428049.776672974,HitCF_A1_A2_20230223_plate121,20230222,control,DMSO,0.128,2,F12,10,50
7,91,426505.100219116,HitCF_A1_A2_20230223_plate121,20230222,control,DMSO,0.128,2,F12,10,60
1,92,422170.040493774,HitCF_A1_A2_20230223_plate121,20230222,control,DMSO,0.128,1,E12,10,0
2,92,421198.389176025,HitCF_A1_A2_20230223_plate121,20230222,control,DMSO,0.128,1,E12,10,10
3,92,413225.865543213,HitCF_A1_A2_20230223_plate121,20230222,control,DMSO,0.128,1,E12,10,20
4,92,414546.314769897,HitCF_A1_A2_20230223_plate121,20230222,control,DMSO,0.128,1,E12,10,30
5,92,414820.370269775,HitCF_A1_A2_20230223_plate121,20230222,control,DMSO,0.128,1,E12,10,40
6,92,413798.890679321,HitCF_A1_A2_20230223_plate121,20230222,control,DMSO,0.128,1,E12,10,50
7,92,414322.087542725,HitCF_A1_A2_20230223_plate121,20230222,control,DMSO,0.128,1,E12,10,60
1,43,354926.786478271,HitCF_A1_A2_20230223_plate121,20230222,PDIO_05,DMSO,0.128,2,F6,10,0
2,43,364668.213792114,HitCF_A1_A2_20230223_plate121,20230222,PDIO_05,DMSO,0.128,2,F6,10,10
3,43,368604.647335815,HitCF_A1_A2_20230223_plate121,20230222,PDIO_05,DMSO,0.128,2,F6,10,20
4,43,368853.788699341,HitCF_A1_A2_20230223_plate121,20230222,PDIO_05,DMSO,0.128,2,F6,10,30
5,43,367956.879790649,HitCF_A1_A2_20230223_plate121,20230222,PDIO_05,DMSO,0.128,2,F6,10,40
6,43,369078.015926514,HitCF_A1_A2_20230223_plate121,20230222,PDIO_05,DMSO,0.128,2,F6,10,50
7,43,366063.405427856,HitCF_A1_A2_20230223_plate121,20230222,PDIO_05,DMSO,0.128,2,F6,10,60
1,44,176765.797421265,HitCF_A1_A2_20230223_plate121,20230222,PDIO_05,DMSO,0.128,1,E6,10,0
2,44,174224.555513306,HitCF_A1_A2_20230223_plate121,20230222,PDIO_05,DMSO,0.128,1,E6,10,10
3,44,178160.989057007,HitCF_A1_A2_20230223_plate121,20230222,PDIO_05,DMSO,0.128,1,E6,10,20
4,44,177538.135648193,HitCF_A1_A2_20230223_plate121,20230222,PDIO_05,DMSO,0.128,1,E6,10,30
5,44,177438.479102783,HitCF_A1_A2_20230223_plate121,20230222,PDIO_05,DMSO,0.128,1,E6,10,40
6,44,175171.292694702,HitCF_A1_A2_20230223_plate121,20230222,PDIO_05,DMSO,0.128,1,E6,10,50
7,44,175594.833012695,HitCF_A1_A2_20230223_plate121,20230222,PDIO_05,DMSO,0.128,1,E6,10,60
1,67,641439.354532471,HitCF_A1_A2_20230223_plate121,20230222,PDIO_06,DMSO,0.128,1,C9,10,0
2,67,634662.70944458,HitCF_A1_A2_20230223_plate121,20230222,PDIO_06,DMSO,0.128,1,C9,10,10
3,67,642510.66239563,HitCF_A1_A2_20230223_plate121,20230222,PDIO_06,DMSO,0.128,1,C9,10,20
4,67,635833.673853149,HitCF_A1_A2_20230223_plate121,20230222,PDIO_06,DMSO,0.128,1,C9,10,30
5,67,634687.623580933,HitCF_A1_A2_20230223_plate121,20230222,PDIO_06,DMSO,0.128,1,C9,10,40
6,67,639296.738806152,HitCF_A1_A2_20230223_plate121,20230222,PDIO_06,DMSO,0.128,1,C9,10,50
7,67,642211.692759399,HitCF_A1_A2_20230223_plate121,20230222,PDIO_06,DMSO,0.128,1,C9,10,60
1,68,1065203.89975281,HitCF_A1_A2_20230223_plate121,20230222,PDIO_06,DMSO,0.128,2,D9,10,0
2,68,1053618.82634888,HitCF_A1_A2_20230223_plate121,20230222,PDIO_06,DMSO,0.128,2,D9,10,10
3,68,1059349.07770996,HitCF_A1_A2_20230223_plate121,20230222,PDIO_06,DMSO,0.128,2,D9,10,20
4,68,1066250.29347961,HitCF_A1_A2_20230223_plate121,20230222,PDIO_06,DMSO,0.128,2,D9,10,30
5,68,1068442.73747864,HitCF_A1_A2_20230223_plate121,20230222,PDIO_06,DMSO,0.128,2,D9,10,40
6,68,1074073.33229431,HitCF_A1_A2_20230223_plate121,20230222,PDIO_06,DMSO,0.128,2,D9,10,50
7,68,1078134.33651978,HitCF_A1_A2_20230223_plate121,20230222,PDIO_06,DMSO,0.128,2,D9,10,60
1,75,515647.880088501,HitCF_A1_A2_20230223_plate121,20230222,control,VX445_VX661_VX770,0.128,2,F10,10,0
2,75,542953.773530884,HitCF_A1_A2_20230223_plate121,20230222,control,VX445_VX661_VX770,0.128,2,F10,10,10
3,75,605662.654730225,HitCF_A1_A2_20230223_plate121,20230222,control,VX445_VX661_VX770,0.128,2,F10,10,20
4,75,681850.083696289,HitCF_A1_A2_20230223_plate121,20230222,control,VX445_VX661_VX770,0.128,2,F10,10,30
5,75,729485.912402344,HitCF_A1_A2_20230223_plate121,20230222,control,VX445_VX661_VX770,0.128,2,F10,10,40
6,75,753577.882255249,HitCF_A1_A2_20230223_plate121,20230222,control,VX445_VX661_VX770,0.128,2,F10,10,50
7,75,757115.68961731,HitCF_A1_A2_20230223_plate121,20230222,control,VX445_VX661_VX770,0.128,2,F10,10,60
1,76,755496.270754394,HitCF_A1_A2_20230223_plate121,20230222,control,VX445_VX661_VX770,0.128,1,E10,10,0
2,76,752880.286437378,HitCF_A1_A2_20230223_plate121,20230222,control,VX445_VX661_VX770,0.128,1,E10,10,10
3,76,829466.341585083,HitCF_A1_A2_20230223_plate121,20230222,control,VX445_VX661_VX770,0.128,1,E10,10,20
4,76,926855.700587158,HitCF_A1_A2_20230223_plate121,20230222,control,VX445_VX661_VX770,0.128,1,E10,10,30
5,76,1006007.91177917,HitCF_A1_A2_20230223_plate121,20230222,control,VX445_VX661_VX770,0.128,1,E10,10,40
6,76,1012236.44586731,HitCF_A1_A2_20230223_plate121,20230222,control,VX445_VX661_VX770,0.128,1,E10,10,50
7,76,1025191.79677063,HitCF_A1_A2_20230223_plate121,20230222,control,VX445_VX661_VX770,0.128,1,E10,10,60
1,27,322015.212356567,HitCF_A1_A2_20230223_plate121,20230222,PDIO_05,VX445_VX661_VX770,0.128,2,F4,10,0
2,27,334796.16430542,HitCF_A1_A2_20230223_plate121,20230222,PDIO_05,VX445_VX661_VX770,0.128,2,F4,10,10
3,27,375206.893469238,HitCF_A1_A2_20230223_plate121,20230222,PDIO_05,VX445_VX661_VX770,0.128,2,F4,10,20
4,27,423390.833175049,HitCF_A1_A2_20230223_plate121,20230222,PDIO_05,VX445_VX661_VX770,0.128,2,F4,10,30
5,27,467239.713155518,HitCF_A1_A2_20230223_plate121,20230222,PDIO_05,VX445_VX661_VX770,0.128,2,F4,10,40
6,27,489288.723827515,HitCF_A1_A2_20230223_plate121,20230222,PDIO_05,VX445_VX661_VX770,0.128,2,F4,10,50
7,27,472197.626289673,HitCF_A1_A2_20230223_plate121,20230222,PDIO_05,VX445_VX661_VX770,0.128,2,F4,10,60
1,28,343017.82930175803,HitCF_A1_A2_20230223_plate121,20230222,PDIO_05,VX445_VX661_VX770,0.128,1,E4,10,0
2,28,348548.767572022,HitCF_A1_A2_20230223_plate121,20230222,PDIO_05,VX445_VX661_VX770,0.128,1,E4,10,10
3,28,396284.252823486,HitCF_A1_A2_20230223_plate121,20230222,PDIO_05,VX445_VX661_VX770,0.128,1,E4,10,20
4,28,461459.633521728,HitCF_A1_A2_20230223_plate121,20230222,PDIO_05,VX445_VX661_VX770,0.128,1,E4,10,30
5,28,513978.632952881,HitCF_A1_A2_20230223_plate121,20230222,PDIO_05,VX445_VX661_VX770,0.128,1,E4,10,40
6,28,541633.324304199,HitCF_A1_A2_20230223_plate121,20230222,PDIO_05,VX445_VX661_VX770,0.128,1,E4,10,50
7,28,563981.304612427,HitCF_A1_A2_20230223_plate121,20230222,PDIO_05,VX445_VX661_VX770,0.128,1,E4,10,60
1,51,515373.824588623,HitCF_A1_A2_20230223_plate121,20230222,PDIO_06,VX445_VX661_VX770,0.128,1,C7,10,0
2,51,540213.218532104,HitCF_A1_A2_20230223_plate121,20230222,PDIO_06,VX445_VX661_VX770,0.128,1,C7,10,10
3,51,599434.12064209,HitCF_A1_A2_20230223_plate121,20230222,PDIO_06,VX445_VX661_VX770,0.128,1,C7,10,20
4,51,654319.963026733,HitCF_A1_A2_20230223_plate121,20230222,PDIO_06,VX445_VX661_VX770,0.128,1,C7,10,30
5,51,714213.546818237,HitCF_A1_A2_20230223_plate121,20230222,PDIO_06,VX445_VX661_VX770,0.128,1,C7,10,40
6,51,747324.434030762,HitCF_A1_A2_20230223_plate121,20230222,PDIO_06,VX445_VX661_VX770,0.128,1,C7,10,50
7,51,758510.881253052,HitCF_A1_A2_20230223_plate121,20230222,PDIO_06,VX445_VX661_VX770,0.128,1,C7,10,60
1,52,649162.736801758,HitCF_A1_A2_20230223_plate121,20230222,PDIO_06,VX445_VX661_VX770,0.128,2,D7,10,0
2,52,681850.083696289,HitCF_A1_A2_20230223_plate121,20230222,PDIO_06,VX445_VX661_VX770,0.128,2,D7,10,10
3,52,752680.973346557,HitCF_A1_A2_20230223_plate121,20230222,PDIO_06,VX445_VX661_VX770,0.128,2,D7,10,20
4,52,837712.920717773,HitCF_A1_A2_20230223_plate121,20230222,PDIO_06,VX445_VX661_VX770,0.128,2,D7,10,30
5,52,892249.965193481,HitCF_A1_A2_20230223_plate121,20230222,PDIO_06,VX445_VX661_VX770,0.128,2,D7,10,40
6,52,932760.35090271,HitCF_A1_A2_20230223_plate121,20230222,PDIO_06,VX445_VX661_VX770,0.128,2,D7,10,50
7,52,938988.884990845,HitCF_A1_A2_20230223_plate121,20230222,PDIO_06,VX445_VX661_VX770,0.128,2,D7,10,60
1,91,749491.963893432,HitCF_A1_A2_20230301_plate122,20230301,control,DMSO,0.128,2,F12,10,0
2,91,736287.471626587,HitCF_A1_A2_20230301_plate122,20230301,control,DMSO,0.128,2,F12,10,10
3,91,741095.899942627,HitCF_A1_A2_20230301_plate122,20230301,control,DMSO,0.128,2,F12,10,20
4,91,757140.603753662,HitCF_A1_A2_20230301_plate122,20230301,control,DMSO,0.128,2,F12,10,30
5,91,768127.737885132,HitCF_A1_A2_20230301_plate122,20230301,control,DMSO,0.128,2,F12,10,40
6,91,777071.912835693,HitCF_A1_A2_20230301_plate122,20230301,control,DMSO,0.128,2,F12,10,50
7,91,782677.593515015,HitCF_A1_A2_20230301_plate122,20230301,control,DMSO,0.128,2,F12,10,60
1,92,661694.547387085,HitCF_A1_A2_20230301_plate122,20230301,control,DMSO,0.128,1,E12,10,0
2,92,663289.052113647,HitCF_A1_A2_20230301_plate122,20230301,control,DMSO,0.128,1,E12,10,10
3,92,661943.68875061,HitCF_A1_A2_20230301_plate122,20230301,control,DMSO,0.128,1,E12,10,20
4,92,670862.949564819,HitCF_A1_A2_20230301_plate122,20230301,control,DMSO,0.128,1,E12,10,30
5,92,680131.008287964,HitCF_A1_A2_20230301_plate122,20230301,control,DMSO,0.128,1,E12,10,40
6,92,687804.562284546,HitCF_A1_A2_20230301_plate122,20230301,control,DMSO,0.128,1,E12,10,50
7,92,687854.390557251,HitCF_A1_A2_20230301_plate122,20230301,control,DMSO,0.128,1,E12,10,60
1,43,468709.647200317,HitCF_A1_A2_20230301_plate122,20230301,PDIO_05,DMSO,0.128,2,F6,10,0
2,43,536874.724260864,HitCF_A1_A2_20230301_plate122,20230301,PDIO_05,DMSO,0.128,2,F6,10,10
3,43,551748.46366333,HitCF_A1_A2_20230301_plate122,20230301,PDIO_05,DMSO,0.128,2,F6,10,20
4,43,555161.700343628,HitCF_A1_A2_20230301_plate122,20230301,PDIO_05,DMSO,0.128,2,F6,10,30
5,43,566198.662747803,HitCF_A1_A2_20230301_plate122,20230301,PDIO_05,DMSO,0.128,2,F6,10,40
6,43,567967.566428833,HitCF_A1_A2_20230301_plate122,20230301,PDIO_05,DMSO,0.128,2,F6,10,50
7,43,571206.404154663,HitCF_A1_A2_20230301_plate122,20230301,PDIO_05,DMSO,0.128,2,F6,10,60
1,44,537871.289714966,HitCF_A1_A2_20230301_plate122,20230301,PDIO_05,DMSO,0.128,1,E6,10,0
2,44,622255.469541016,HitCF_A1_A2_20230301_plate122,20230301,PDIO_05,DMSO,0.128,1,E6,10,10
3,44,623899.802540283,HitCF_A1_A2_20230301_plate122,20230301,PDIO_05,DMSO,0.128,1,E6,10,20
4,44,632594.836127319,HitCF_A1_A2_20230301_plate122,20230301,PDIO_05,DMSO,0.128,1,E6,10,30
5,44,638648.97126098606,HitCF_A1_A2_20230301_plate122,20230301,PDIO_05,DMSO,0.128,1,E6,10,40
6,44,645973.727348633,HitCF_A1_A2_20230301_plate122,20230301,PDIO_05,DMSO,0.128,1,E6,10,50
7,44,653722.023754272,HitCF_A1_A2_20230301_plate122,20230301,PDIO_05,DMSO,0.128,1,E6,10,60
1,67,291968.763915405,HitCF_A1_A2_20230301_plate122,20230301,PDIO_06,DMSO,0.128,1,C9,10,0
2,67,301461.049865723,HitCF_A1_A2_20230301_plate122,20230301,PDIO_06,DMSO,0.128,1,C9,10,10
3,67,304376.00381897,HitCF_A1_A2_20230301_plate122,20230301,PDIO_06,DMSO,0.128,1,C9,10,20
4,67,306668.104363403,HitCF_A1_A2_20230301_plate122,20230301,PDIO_06,DMSO,0.128,1,C9,10,30
5,67,309558.144180298,HitCF_A1_A2_20230301_plate122,20230301,PDIO_06,DMSO,0.128,1,C9,10,40
6,67,312223.956770019,HitCF_A1_A2_20230301_plate122,20230301,PDIO_06,DMSO,0.128,1,C9,10,50
7,67,314067.602860107,HitCF_A1_A2_20230301_plate122,20230301,PDIO_06,DMSO,0.128,1,C9,10,60
1,68,541334.354667969,HitCF_A1_A2_20230301_plate122,20230301,PDIO_06,DMSO,0.128,2,D9,10,0
2,68,557105.002979126,HitCF_A1_A2_20230301_plate122,20230301,PDIO_06,DMSO,0.128,2,D9,10,10
3,68,563308.622930908,HitCF_A1_A2_20230301_plate122,20230301,PDIO_06,DMSO,0.128,2,D9,10,20
4,68,573946.959153442,HitCF_A1_A2_20230301_plate122,20230301,PDIO_06,DMSO,0.128,2,D9,10,30
5,68,587051.794874878,HitCF_A1_A2_20230301_plate122,20230301,PDIO_06,DMSO,0.128,2,D9,10,40
6,68,594675.520598755,HitCF_A1_A2_20230301_plate122,20230301,PDIO_06,DMSO,0.128,2,D9,10,50
7,68,605014.887185058,HitCF_A1_A2_20230301_plate122,20230301,PDIO_06,DMSO,0.128,2,D9,10,60
1,75,442774.031257324,HitCF_A1_A2_20230301_plate122,20230301,control,VX445_VX661_VX770,0.128,2,F10,10,0
2,75,456551.548660278,HitCF_A1_A2_20230301_plate122,20230301,control,VX445_VX661_VX770,0.128,2,F10,10,10
3,75,490982.885099487,HitCF_A1_A2_20230301_plate122,20230301,control,VX445_VX661_VX770,0.128,2,F10,10,20
4,75,536725.239442749,HitCF_A1_A2_20230301_plate122,20230301,control,VX445_VX661_VX770,0.128,2,F10,10,30
5,75,577634.251333618,HitCF_A1_A2_20230301_plate122,20230301,control,VX445_VX661_VX770,0.128,2,F10,10,40
6,75,609250.29036499,HitCF_A1_A2_20230301_plate122,20230301,control,VX445_VX661_VX770,0.128,2,F10,10,50
7,75,628085.37744751,HitCF_A1_A2_20230301_plate122,20230301,control,VX445_VX661_VX770,0.128,2,F10,10,60
1,76,791621.768465576,HitCF_A1_A2_20230301_plate122,20230301,control,VX445_VX661_VX770,0.128,1,E10,10,0
2,76,848799.711394653,HitCF_A1_A2_20230301_plate122,20230301,control,VX445_VX661_VX770,0.128,1,E10,10,10
3,76,912604.814593506,HitCF_A1_A2_20230301_plate122,20230301,control,VX445_VX661_VX770,0.128,1,E10,10,20
4,76,987795.678105469,HitCF_A1_A2_20230301_plate122,20230301,control,VX445_VX661_VX770,0.128,1,E10,10,30
5,76,1058078.45675598,HitCF_A1_A2_20230301_plate122,20230301,control,VX445_VX661_VX770,0.128,1,E10,10,40
6,76,1106038.16923462,HitCF_A1_A2_20230301_plate122,20230301,control,VX445_VX661_VX770,0.128,1,E10,10,50
7,76,1116452.27822998,HitCF_A1_A2_20230301_plate122,20230301,control,VX445_VX661_VX770,0.128,1,E10,10,60
1,27,546566.323302002,HitCF_A1_A2_20230301_plate122,20230301,PDIO_05,VX445_VX661_VX770,0.128,2,F4,10,0
2,27,568764.818792114,HitCF_A1_A2_20230301_plate122,20230301,PDIO_05,VX445_VX661_VX770,0.128,2,F4,10,10
3,27,676169.66060791,HitCF_A1_A2_20230301_plate122,20230301,PDIO_05,VX445_VX661_VX770,0.128,2,F4,10,20
4,27,769223.959884643,HitCF_A1_A2_20230301_plate122,20230301,PDIO_05,VX445_VX661_VX770,0.128,2,F4,10,30
5,27,846557.439122925,HitCF_A1_A2_20230301_plate122,20230301,PDIO_05,VX445_VX661_VX770,0.128,2,F4,10,40
6,27,886096.173514404,HitCF_A1_A2_20230301_plate122,20230301,PDIO_05,VX445_VX661_VX770,0.128,2,F4,10,50
7,27,901667.508734741,HitCF_A1_A2_20230301_plate122,20230301,PDIO_05,VX445_VX661_VX770,0.128,2,F4,10,60
1,28,567793.167474365,HitCF_A1_A2_20230301_plate122,20230301,PDIO_05,VX445_VX661_VX770,0.128,1,E4,10,0
2,28,588845.612692261,HitCF_A1_A2_20230301_plate122,20230301,PDIO_05,VX445_VX661_VX770,0.128,1,E4,10,10
3,28,694631.035645141,HitCF_A1_A2_20230301_plate122,20230301,PDIO_05,VX445_VX661_VX770,0.128,1,E4,10,20
4,28,801687.079552002,HitCF_A1_A2_20230301_plate122,20230301,PDIO_05,VX445_VX661_VX770,0.128,1,E4,10,30
5,28,884501.668787842,HitCF_A1_A2_20230301_plate122,20230301,PDIO_05,VX445_VX661_VX770,0.128,1,E4,10,40
6,28,954485.477802124,HitCF_A1_A2_20230301_plate122,20230301,PDIO_05,VX445_VX661_VX770,0.128,1,E4,10,50
7,28,989091.213195801,HitCF_A1_A2_20230301_plate122,20230301,PDIO_05,VX445_VX661_VX770,0.128,1,E4,10,60
1,51,85829.1997344971,HitCF_A1_A2_20230301_plate122,20230301,PDIO_06,VX445_VX661_VX770,0.128,1,C7,10,0
2,51,95321.4856848144,HitCF_A1_A2_20230301_plate122,20230301,PDIO_06,VX445_VX661_VX770,0.128,1,C7,10,10
3,51,106433.190498047,HitCF_A1_A2_20230301_plate122,20230301,PDIO_06,VX445_VX661_VX770,0.128,1,C7,10,20
4,51,123275.146672363,HitCF_A1_A2_20230301_plate122,20230301,PDIO_06,VX445_VX661_VX770,0.128,1,C7,10,30
5,51,130425.503805542,HitCF_A1_A2_20230301_plate122,20230301,PDIO_06,VX445_VX661_VX770,0.128,1,C7,10,40
6,51,131222.756168823,HitCF_A1_A2_20230301_plate122,20230301,PDIO_06,VX445_VX661_VX770,0.128,1,C7,10,50
7,51,124147.141444702,HitCF_A1_A2_20230301_plate122,20230301,PDIO_06,VX445_VX661_VX770,0.128,1,C7,10,60
1,52,120808.647173462,HitCF_A1_A2_20230301_plate122,20230301,PDIO_06,VX445_VX661_VX770,0.128,2,D7,10,0
2,52,127012.267125244,HitCF_A1_A2_20230301_plate122,20230301,PDIO_06,VX445_VX661_VX770,0.128,2,D7,10,10
3,52,149733.95947876,HitCF_A1_A2_20230301_plate122,20230301,PDIO_06,VX445_VX661_VX770,0.128,2,D7,10,20
4,52,175569.918876343,HitCF_A1_A2_20230301_plate122,20230301,PDIO_06,VX445_VX661_VX770,0.128,2,D7,10,30
5,52,183716.841463623,HitCF_A1_A2_20230301_plate122,20230301,PDIO_06,VX445_VX661_VX770,0.128,2,D7,10,40
6,52,180652.402692261,HitCF_A1_A2_20230301_plate122,20230301,PDIO_06,VX445_VX661_VX770,0.128,2,D7,10,50
7,52,177911.847693481,HitCF_A1_A2_20230301_plate122,20230301,PDIO_06,VX445_VX661_VX770,0.128,2,D7,10,60
