direction,library,term,p,combined_score,q_bh,overlap
top200,CellMarker_2024,Cycling Basal Cell Trachea Mouse,7.368647409943536e-63,7026.21193884327,4.0453874280590013e-60,TOP2A;HJURP;BUB1B;KIF11;MKI67;FOXM1;SMC4;SMC2;LMNB1;CDC20;TUBA1C;STMN1;PBK;NUSAP1;TK1;KPNA2;CEP55;DLGAP5;CKAP2L;CKAP2;KIF23;CCNA2;ASPM;DEPDC1;CKS2;BIRC5;KIF2C;KIF20A;CDCA2;UHRF1;NCAPG;HMMR;AURKB;AURKA;CCNB2;CCNB1;RACGAP1;ECT2;RRM2;UBE2C;PLK1;TPX2;ANLN;CENPE;CENPF;DIAPH3;PSAT1;PRC1;UBE2T;KIF4A;TACC3;CDK1;CDKN3;MAD2L1
top200,CellMarker_2024,Neural Progenitor Cell Embryonic Prefrontal Cortex Human,1.2089728369837984e-44,4044.342309916592,3.3186304375205264e-42,TOP2A;UHRF1;HJURP;KIF11;MKI67;SMC4;AURKB;SMC2;CDC20;CCNB2;CCNB1;PTTG1;NUSAP1;PBK;KPNA2;BUB1;DLGAP5;RRM2;UBE2C;CKAP2L;CKAP2;KIF23;ZWINT;CCNA2;TPX2;ASPM;CENPF;MELK;PRC1;UBE2T;CDK1;CKS2;TACC3;BIRC5;MCM4;KIF2C;MCM6;PRR11;CDKN3;MAD2L1
top200,CellMarker_2024,MKI67+ Progenitor Cell Large Intestine Human,7.72357700766182e-32,2804.3017758039027,1.413414592402113e-29,TOP2A;PLVAP;RAMP3;SERPINE2;GIMAP4;MKI67;GIMAP7;AURKB;CDC20;CCNB2;CCNB1;PTTG1;NUSAP1;TK1;DLGAP5;RRM2;UBE2C;CCNA2;ANLN;TPX2;ASPM;CENPF;PRC1;UBE2T;CDK1;TACC3;BIRC5;CDKN3
top200,CellMarker_2024,Fibroblast Lung Mouse,3.779461833321945e-22,1278.0874294595783,5.1873113662343696e-20,TOP2A;RRM2;UBE2C;NCAPG;MKI67;SMC2;CCNA2;CCNB2;TPX2;CENPE;CCNB1;CENPF;STMN1;NUSAP1;PBK;CKS2;TACC3;BIRC5;MCM4;TK1;BUB1;MAD2L1
top200,CellMarker_2024,Proliferative Endothelial Cell Lung Mouse,5.660451105301329e-10,10809.414999768112,6.215175313620859e-08,CDC20;TOP2A;CCNB2;CDK1;MKI67
top200,CellMarker_2024,Cartilage Progenitor Cell Cartilage Human,1.9651078646217985e-09,5088.52224136474,1.7980736961289457e-07,CDC20;CENPF;UBE2C;CKAP2;CDKN3
top200,CellMarker_2024,Macrophage Liver Mouse,2.6056852864377064e-09,1512.3717681315725,2.0436017460775726e-07,C1QB;TOP2A;C1QA;CCNB2;UBE2C;STMN1
top200,CellMarker_2024,Granulocyte-monocyte Progenitor Umbilical Cord Blood Human,1.0187437582660347e-08,219.82732776762631,6.991129041100662e-07,ASPM;TPSD1;NQO1;UHRF1;F13A1;MCM4;CTSG;MCM6;TPSAB1;PTPN14;CDKN3
top200,CellMarker_2024,MKI67+ T Cell Bile Duct Human,4.184716884675354e-08,1437.1155985372875,2.5526772996519656e-06,GZMK;TOP2A;GZMA;MKI67;GZMH
top200,CellMarker_2024,CD8+ T Cell Bile Duct Human,1.1469129776237171e-07,1013.7704525458294,5.724138406503824e-06,TOP2A;GZMK;GZMA;MKI67;GZMH
top200,PanglaoDB_Augmented_2021,Gamma Delta T Cells,1.5195380062718771e-12,358.0415602247384,1.595514906585471e-10,TOP2A;KLRB1;UBE2C;GZMA;MKI67;TYMS;AURKB;GZMH;CD2;GZMK;ASPM;CCNB1;CENPF;STMN1;NUSAP1;BIRC5
top200,PanglaoDB_Augmented_2021,Hematopoietic Stem Cells,2.9488887645852657e-08,143.4429056766261,1.5481666014072646e-06,C1QB;C1QA;PLVAP;CLEC10A;RNASE6;F13A1;HBB;GIMAP4;GIMAP7;LYVE1;TYROBP;TPSAB1;C1QC
top200,PanglaoDB_Augmented_2021,Plasma Cells,1.1391851778032182e-07,130.18622811774608,3.987148122311264e-06,IGLV4-69;IGLV3-25;IGLV1-47;IGLV6-57;IGLC7;IGLV7-46;IGLV1-44;LY86;IGLV3-1;IGLV7-43;IGLV8-61;IGLV3-19
top200,PanglaoDB_Augmented_2021,Endothelial Cells,1.2408898380639398e-06,79.39603555910209,3.257335824917842e-05,CCL14;FCN2;CCL23;PLVAP;RAMP3;TCF15;CCL21;ARHGEF15;SLC2A1;LYVE1;CCL19;CLEC4G;C1QC
top200,PanglaoDB_Augmented_2021,T Regulatory Cells,2.7184570045870482e-06,110.10548207812302,5.708759709632801e-05,CD2;GZMK;KLRB1;GZMA;IL2RA;CCL4;GIMAP4;GIMAP7;GZMH
top200,PanglaoDB_Augmented_2021,Mast Cells,4.573357589219309e-06,68.89734630176441,8.00337578113379e-05,C1QB;C1QA;PLVAP;TPSB2;RAMP3;TPSG1;IL2RA;CTSG;KDELR3;TPSAB1;LYVE1;C1QC
top200,PanglaoDB_Augmented_2021,T Cells,6.504549390122464e-06,79.66737055983184,9.756824085183695e-05,CD2;GZMK;KLRB1;GZMA;IL2RA;CCL4;NABP1;GIMAP4;GIMAP7;GZMH
top200,PanglaoDB_Augmented_2021,Kupffer Cells,9.93128283284356e-06,83.42446215718783,0.00013034808718107173,C1QB;C1QA;TYROBP;CLEC10A;RNASE6;LY86;CLEC4E;CLEC4G;C1QC
top200,PanglaoDB_Augmented_2021,Nuocytes,1.4894051943048141e-05,89.43397825945343,0.00017376393933556163,CD2;GZMK;KLRB1;GZMA;IL2RA;GIMAP4;GIMAP7;GZMH
top200,PanglaoDB_Augmented_2021,Pluripotent Stem Cells,1.699386550853364e-05,86.66443692204982,0.00017641597650312917,CCNA2;CENPF;BUB1B;MCM4;KIF11;BUB1;HK2;MAD2L1
top200,MSigDB_Hallmark_2020,G2-M Checkpoint,6.184863479768001e-35,2070.235277655334,2.4739453919072003e-33,TOP2A;KIF11;HMMR;MKI67;SMC4;SLC7A1;AURKB;SMC2;LMNB1;AURKA;CDC20;CCNB2;RACGAP1;PTTG1;STMN1;PBK;NUSAP1;KPNA2;BUB1;UBE2C;PLK1;KIF23;CCNA2;TPX2;CENPE;CENPF;PRC1;KIF4A;CKS2;TACC3;CDK1;BIRC5;KIF2C;MCM6;MAD2L1;CDKN3
top200,MSigDB_Hallmark_2020,E2F Targets,1.6087717253586588e-33,1906.051342162532,3.217543450717318e-32,TOP2A;PRKDC;BUB1B;HMMR;MKI67;SMC4;AURKB;LMNB1;AURKA;CDC20;CCNB2;RACGAP1;PTTG1;STMN1;TK1;KPNA2;DLGAP5;RRM2;PLK1;CENPE;MELK;DIAPH3;MTHFD2;UBE2T;KIF4A;CKS2;DEPDC1;TACC3;CDK1;MCM4;BIRC5;KIF2C;MCM6;MAD2L1;CDKN3
top200,MSigDB_Hallmark_2020,Mitotic Spindle,4.647189414372388e-18,578.2479379364744,6.196252552496518e-17,TOP2A;PLK1;KIF23;KIF11;SMC4;LMNB1;AURKA;ANLN;TPX2;CENPE;CCNB2;CENPF;RACGAP1;PRC1;KIF4A;NUSAP1;FSCN1;CDK1;BIRC5;KIF2C;ECT2;BUB1;DLGAP5
top200,MSigDB_Hallmark_2020,Glycolysis,8.507970089439691e-07,93.06883213570319,8.507970089439691e-06,VCAN;P4HA2;STC2;STMN1;DEPDC1;CDK1;KDELR3;KIF20A;HMMR;SLC16A3;HK2;AURKA
top200,MSigDB_Hallmark_2020,mTORC1 Signaling,5.688996854924951e-06,72.93349778920441,4.551197483939961e-05,RRM2;MTHFD2;PSAT1;PLK1;SLC2A1;MCM4;SLC7A11;BUB1;CTSC;HK2;AURKA
top200,MSigDB_Hallmark_2020,Spermatogenesis,0.0004237058230558239,43.291537573450924,0.0028247054870388258,ADCYAP1;CCNB2;CDK1;KIF2C;BUB1;AURKA;CDKN3
top200,MSigDB_Hallmark_2020,Myc Targets V1,0.004067400402162354,20.28300352206346,0.02324228801235631,CDC20;CCNA2;MCM4;MCM6;TYMS;KPNA2;MAD2L1
top200,MSigDB_Hallmark_2020,Unfolded Protein Response,0.005586013933602578,24.25262099525128,0.02793006966801289,MTHFD2;PSAT1;STC2;NABP1;KDELR3
top200,MSigDB_Hallmark_2020,Estrogen Response Late,0.015493990781832804,13.025424015927582,0.0563417846612102,CDC20;TOP2A;SLC16A1;MYOF;KIF20A;TPSAB1
top200,MSigDB_Hallmark_2020,Complement,0.015493990781832804,13.025424015927582,0.0563417846612102,GZMK;C1QA;GZMA;ADAM9;CTSC;C1QC
rank801_1000,CellMarker_2024,Dendritic Cell Blood Human,2.0854898756677612e-05,334.7923648041761,0.008024055680302653,CD86;FLT3;CD1C;LILRA4
rank801_1000,CellMarker_2024,Dendritic Cell Skin Human,4.146798801190002e-05,254.6329194525256,0.008024055680302653,RGS1;MRC1;CD1C;LILRA4
rank801_1000,CellMarker_2024,Myeloid Cell Nasal Polyp Human,0.00020276702349047898,284.75776049641166,0.02098569114728079,MRC1;CD1C;CD300LF
rank801_1000,CellMarker_2024,Dendritic Cell Undefined Human,0.00021690636844734666,130.93747995826848,0.02098569114728079,CD86;FLT3;MRC1;CD1C
rank801_1000,CellMarker_2024,Engrafted Macrophage Brain Mouse,0.0009754681839454337,462.10284137848555,0.064237798378293,MRC1;CCR2
rank801_1000,CellMarker_2024,Cycling Basal Cell Trachea Mouse,0.0009959348585781862,29.105093127375913,0.064237798378293,NDC1;MIS18BP1;CENPM;ESCO2;FBXO5;CDC25C;CKAP5;ASF1B
rank801_1000,CellMarker_2024,Myeloid Cell Bone Marrow Human,0.001318055957879704,35.41769564928687,0.07031648666507337,CD86;FLT3;MRC1;EMP1;CD1C;CCR2
rank801_1000,CellMarker_2024,M2 Macrophage Skin Human,0.0014535707837741265,326.6206097208578,0.07031648666507337,DAB2;MRC1
rank801_1000,CellMarker_2024,Myeloid Cell Breast Human,0.0026777674677022855,197.36590289038227,0.10362960100007845,CD86;CD1C
rank801_1000,CellMarker_2024,Macrophage Colorectum Human,0.0026777674677022855,197.36590289038227,0.10362960100007845,CD86;MRC1
rank801_1000,PanglaoDB_Augmented_2021,Monocytes,0.00040345257295047623,38.053806084218586,0.02732215901256484,CD86;DOK2;PARVG;RGS1;ADGRE3;MRC1;CD300LF;CCR2
rank801_1000,PanglaoDB_Augmented_2021,Dendritic Cells,0.0009042939507854836,29.97968028880589,0.02732215901256484,CD86;DOK2;DAB2;PARVG;FLT3;CD1C;CD300LF;CCR2
rank801_1000,PanglaoDB_Augmented_2021,Myeloid-derived Suppressor Cells,0.0009219137117524761,40.16023920634069,0.02732215901256484,CD86;DOK2;PARVG;ADGRE3;CD300LF;CCR2
rank801_1000,PanglaoDB_Augmented_2021,Macrophages,0.001061054718934557,28.54120624622918,0.02732215901256484,CD86;DOK2;DAB2;PARVG;RGS1;MRC1;CD300LF;CCR2
rank801_1000,PanglaoDB_Augmented_2021,Plasma Cells,0.001432378895240133,29.338887328645363,0.029507005241946743,IGLV2-14;IGHV3-11;IGHV4-34;IGKV1D-39;IGHV1-46;IGLC2;IGHV1-18
rank801_1000,PanglaoDB_Augmented_2021,Hematopoietic Stem Cells,0.0021313099463600074,25.608835365935647,0.03658748741251346,DAB2;FLT3;MRC1;MGST1;ARID3A;CD300LF;CTNNAL1
rank801_1000,PanglaoDB_Augmented_2021,Tuft Cells,0.0024871028937918406,28.061977332814493,0.03659594258007994,IGLV2-14;ADGRE3;IGKV1D-39;IGLC2;CD300LF;IGHV1-18
rank801_1000,PanglaoDB_Augmented_2021,Plasmacytoid Dendritic Cells,0.004035414681198756,23.272460037157398,0.05195596402043398,CD86;DOK2;PARVG;CD300LF;LILRA4;CCR2
rank801_1000,PanglaoDB_Augmented_2021,Pluripotent Stem Cells,0.005381572076205341,24.65647950040891,0.06032701517863009,DEPDC1B;MSH2;CDCA7;GMPS;FBXO5
rank801_1000,PanglaoDB_Augmented_2021,Platelets,0.005856991764915542,17.645928327829488,0.06032701517863009,DOK2;DAB2;ITGA2;ADGRE3;F2R;CD300LF;CCR2
rank801_1000,MSigDB_Hallmark_2020,E2F Targets,0.004067400402162354,20.28300352206346,0.06914580683676003,STAG1;MSH2;GINS4;CENPM;RAD1;EIF2S1;ASF1B
rank801_1000,MSigDB_Hallmark_2020,Epithelial Mesenchymal Transition,0.004067400402162354,20.28300352206346,0.06914580683676003,DAB2;MMP1;LAMA1;ITGA2;CALU;QSOX1;FBLN1
rank801_1000,MSigDB_Hallmark_2020,Allograft Rejection,0.015493990781832804,13.025424015927582,0.17559856219410513,CD86;STAT1;F2R;CARTPT;EIF4G3;CCR2
rank801_1000,MSigDB_Hallmark_2020,Mitotic Spindle,0.04996024744407145,7.7649908706521895,0.28811599133242477,DYNC1H1;NF1;FBXO5;WASF1;CKAP5
rank801_1000,MSigDB_Hallmark_2020,Interferon Gamma Response,0.0508439984704279,7.679574154313181,0.28811599133242477,NUP93;CD86;STAT1;EIF2AK2;ARID5B
rank801_1000,MSigDB_Hallmark_2020,Apical Junction,0.0508439984704279,7.679574154313181,0.28811599133242477,CD86;ITGA2;CERCAM;NF1;MPZL1
rank801_1000,MSigDB_Hallmark_2020,Unfolded Protein Response,0.1042776844975899,6.162409997576357,0.479555807901816,EXOSC9;ALDH18A1;EIF2S1
rank801_1000,MSigDB_Hallmark_2020,G2-M Checkpoint,0.1410458258534753,3.9981023755392973,0.479555807901816,STAG1;DR1;NUP50;FBXO5
rank801_1000,MSigDB_Hallmark_2020,Estrogen Response Early,0.1410458258534753,3.9981023755392973,0.479555807901816,UGCG;RPS6KA2;MPPED2;SLC39A6
rank801_1000,MSigDB_Hallmark_2020,mTORC1 Signaling,0.1410458258534753,3.9981023755392973,0.479555807901816,ACTR3;SCD;GMPS;LDLR
