direction,stId,name,found,total,p,fdr
top200,R-HSA-173623,Classical antibody-mediated complement activation,21,97,1.1102230246251565e-16,1.432187701766452e-14
top200,R-HSA-166786,Creation of C4 and C2 activators,23,118,1.1102230246251565e-16,1.432187701766452e-14
top200,R-HSA-69278,"Cell Cycle, Mitotic",48,587,1.1102230246251565e-16,1.432187701766452e-14
top200,R-HSA-1640170,Cell Cycle,48,729,1.1102230246251565e-16,1.432187701766452e-14
top200,R-HSA-166663,Initial triggering of complement,23,127,1.1102230246251565e-16,1.432187701766452e-14
top200,R-HSA-2168880,Scavenging of heme from plasma,20,106,5.551115123125783e-16,5.939693181744587e-14
top200,R-HSA-166658,Complement cascade,23,163,1.6653345369377348e-15,1.532107773982716e-13
top200,R-HSA-977606,Regulation of Complement cascade,21,139,7.882583474838611e-15,6.306066779870889e-13
top200,R-HSA-2029481,FCGR activation,18,103,6.217248937900877e-14,4.4142467459096224e-12
top200,R-HSA-2730905,Role of LAT2/NTAL/LAB on calcium mobilization,18,107,1.1712852909795402e-13,7.496225862269057e-12
top200,R-HSA-2871796,FCERI mediated MAPK activation,18,124,1.326938559031987e-12,7.696243642385525e-11
top200,R-HSA-2871809,FCERI mediated Ca+2 mobilization,18,129,2.528977027793644e-12,1.3403578247306314e-10
top200,R-HSA-2029485,Role of phospholipids in phagocytosis,18,131,3.2481795031458205e-12,1.591607956541452e-10
top200,R-HSA-2173782,Binding and Uptake of Ligands by Scavenger Receptors,20,172,3.884004229348648e-12,1.786641945500378e-10
top200,R-HSA-9938026,Immunoglobulin maturation,29,406,7.58593188265877e-12,3.034372753063508e-10
rank801_1000,R-HSA-9664407,Parasite infection,13,157,5.770922734127382e-07,0.00011822371190262082
rank801_1000,R-HSA-9664417,Leishmania phagocytosis,13,157,5.770922734127382e-07,0.00011822371190262082
rank801_1000,R-HSA-9664422,FCGR3A-mediated phagocytosis,13,157,5.770922734127382e-07,0.00011822371190262082
rank801_1000,R-HSA-2029482,Regulation of actin dynamics for phagocytic cup formation,13,158,6.18972313626287e-07,0.00011822371190262082
rank801_1000,R-HSA-2029480,Fcgamma receptor (FCGR) dependent phagocytosis,13,195,6.013446632313624e-06,0.0009200573347439844
rank801_1000,R-HSA-173623,Classical antibody-mediated complement activation,8,97,9.101678142142688e-05,0.010048717461916934
rank801_1000,R-HSA-5690714,CD22 mediated BCR regulation,7,72,9.219006845795352e-05,0.010048717461916934
rank801_1000,R-HSA-2029481,FCGR activation,8,103,0.00013680116688652433,0.012996110854219811
rank801_1000,R-HSA-2168880,Scavenging of heme from plasma,8,106,0.00016598581138038693,0.013435484840367717
rank801_1000,R-HSA-2730905,Role of LAT2/NTAL/LAB on calcium mobilization,8,107,0.00017678269526799628,0.013435484840367717
rank801_1000,R-HSA-198933,Immunoregulatory interactions between a Lymphoid and a non-Lymphoid cell,12,249,0.00028667020747918937,0.019780244316064066
rank801_1000,R-HSA-166786,Creation of C4 and C2 activators,8,118,0.00033859091639565353,0.021331227732926172
rank801_1000,R-HSA-9824443,Parasitic Infection Pathways,13,301,0.0004542266227389735,0.023883700644129036
rank801_1000,R-HSA-9658195,Leishmania infection,13,301,0.0004542266227389735,0.023883700644129036
rank801_1000,R-HSA-2871796,FCERI mediated MAPK activation,8,124,0.000468307855767236,0.023883700644129036
