ens,symbol,d
ENSG00000131747,TOP2A,2.282211916837069
ENSG00000011426,ANLN,1.7803368266304593
ENSG00000088325,TPX2,1.7567876973974061
ENSG00000171848,RRM2,1.7106604945543729
ENSG00000136231,IGF2BP3,1.6615461675423437
ENSG00000117724,CENPF,1.6069061419762862
ENSG00000182566,CLEC4G,1.6017975601230572
ENSG00000107984,DKK1,1.5992510924751016
ENSG00000134057,CCNB1,1.5991536215200215
ENSG00000117399,CDC20,1.5762754004055362
ENSG00000148773,MKI67,1.5668798240082316
ENSG00000175063,UBE2C,1.5151914181053294
ENSG00000112799,LY86,1.508758553666678
ENSG00000112984,KIF20A,1.459150730053841
ENSG00000073792,IGF2BP2,1.4309766625669034
ENSG00000095917,TPSD1,1.4232129379972547
ENSG00000089685,BIRC5,1.414782798883111
ENSG00000122679,RAMP3,1.3965259824686505
ENSG00000173372,C1QA,1.3826798726000167
ENSG00000126787,DLGAP5,1.3759977277989768
ENSG00000100448,CTSG,1.3743237253340037
ENSG00000164611,PTTG1,1.3738028156895918
ENSG00000170312,CDK1,1.365707538570513
ENSG00000149948,HMGA2,1.3220668598265948
ENSG00000164294,GPX8,1.302646379192838
ENSG00000132514,CLEC10A,1.3021605518315713
ENSG00000068489,PRR11,1.2955014544169605
ENSG00000223609,HBD,1.2701040390691
ENSG00000141526,SLC16A3,1.2343284784848454
ENSG00000066279,ASPM,1.219621158208786
ENSG00000267206,LCN6,1.2126632186743034
ENSG00000239839,DEFA3,1.21158084901851
ENSG00000112655,PTK7,1.2040054083636789
ENSG00000165304,MELK,1.1995493335904803
ENSG00000011600,TYROBP,1.1989065560102425
ENSG00000111796,KLRB1,1.1919384906385
ENSG00000113810,SMC4,1.1824253583992592
ENSG00000176890,TYMS,1.1764663900107306
ENSG00000211593,IGKJ5,1.1692681334290214
ENSG00000137077,CCL21,1.1654235188826492
ENSG00000275302,CCL4,1.1650180947380497
ENSG00000104918,RETN,1.1599165210603073
ENSG00000057019,DCBLD2,1.143205604874406
ENSG00000169679,BUB1,1.1378129147960414
ENSG00000070961,ATP2B1,1.1344616392232212
ENSG00000136108,CKAP2,1.1236317545051888
ENSG00000211673,IGLV3-1,1.122042036305439
ENSG00000198363,ASPH,1.1193623685603273
ENSG00000120254,MTHFD1L,1.11805561478492
ENSG00000137807,KIF23,1.1137669680229747
ENSG00000135919,SERPINE2,1.108661272524202
ENSG00000109805,NCAPG,1.1070368940027882
ENSG00000167553,TUBA1C,1.1035886923777818
ENSG00000181019,NQO1,1.0971635741262176
ENSG00000166523,CLEC4E,1.0957148954201656
ENSG00000267467,APOC4,1.0944433804209996
ENSG00000168078,PBK,1.0904452180419921
ENSG00000188536,HBA2,1.0892083097586074
ENSG00000173369,C1QB,1.0853274902218515
ENSG00000159189,C1QC,1.0690643222487914
ENSG00000211659,IGLV3-25,1.0597465673208109
ENSG00000113739,STC2,1.0534412308589096
ENSG00000038427,VCAN,1.0478996668110558
ENSG00000198844,ARHGEF15,1.0445321837263948
ENSG00000211640,IGLV6-57,1.0429807325774965
ENSG00000114346,ECT2,1.0384979326668509
ENSG00000141433,ADCYAP1,1.037953721180329
ENSG00000065911,MTHFD2,1.0361239959198654
ENSG00000100450,GZMH,1.0345487676215768
ENSG00000222037,IGLC6,1.033391401808953
ENSG00000145386,CCNA2,1.0327449397506976
ENSG00000182481,KPNA2,1.0274234379024418
ENSG00000157456,CCNB2,1.0273748940511092
ENSG00000139514,SLC7A1,1.0242287788315674
ENSG00000211674,IGLJ1,1.022856411915956
ENSG00000172236,TPSAB1,1.022675765929958
ENSG00000277402,MIR6891,1.0205212602215619
ENSG00000276043,UHRF1,1.0134445266278034
ENSG00000072571,HMMR,1.0110094939974463
ENSG00000187116,LILRA5,1.0072248778747457
ENSG00000104738,MCM4,1.0023433965752622
ENSG00000183010,PYCR1,0.9958456517405618
ENSG00000151012,SLC7A11,0.9950489104655806
ENSG00000211648,IGLV1-47,0.9942013695285042
ENSG00000130300,PLVAP,0.9895577549949499
ENSG00000024526,DEPDC1,0.9873765104940397
ENSG00000168615,ADAM9,0.9830268095080631
ENSG00000138160,KIF11,0.9776672741541088
ENSG00000258947,TUBB3,0.9765023321060954
ENSG00000172724,CCL19,0.9761233296418405
ENSG00000125878,TCF15,0.9671412739861367
ENSG00000135069,PSAT1,0.9656861709696755
ENSG00000181778,TMEM252,0.9638004831061298
ENSG00000211651,IGLV1-44,0.9637165080694884
ENSG00000156970,BUB1B,0.9624722045675443
ENSG00000166130,IKBIP,0.9603833766709691
ENSG00000111206,FOXM1,0.9602924316207819
ENSG00000166851,PLK1,0.9593311302849974
ENSG00000268297,CLEC4GP1,0.9592466347163966
ENSG00000039560,RAI14,0.9583585908865742
ENSG00000152104,PTPN14,0.9558787472974232
ENSG00000109861,CTSC,0.9548007706283125
ENSG00000169413,RNASE6,0.9544675497237459
ENSG00000123485,HJURP,0.9517209747455525
ENSG00000167900,TK1,0.9515183813152578
ENSG00000142945,KIF2C,0.9403114881450546
ENSG00000253729,PRKDC,0.9390190573145296
ENSG00000284117,MIR6883,0.938809613935299
ENSG00000211595,IGKJ3,0.936044415308212
ENSG00000235162,C12orf75,0.9327808407156762
ENSG00000161800,RACGAP1,0.9308477792452279
ENSG00000235576,LINC01871,0.9307651337922079
ENSG00000130037,KCNA5,0.9293316320947265
ENSG00000075618,FSCN1,0.9272829492865065
ENSG00000274736,CCL23,0.9213859645166206
ENSG00000211669,IGLV3-10,0.9212345828469823
ENSG00000134460,IL2RA,0.9199138244902766
ENSG00000211663,IGLV3-19,0.9187813110912437
ENSG00000138778,CENPE,0.9170487148642023
ENSG00000112249,ASCC3,0.9149073029568343
ENSG00000105352,CEACAM4,0.910132697280009
ENSG00000176619,LMNB2,0.9085192930937351
ENSG00000072682,P4HA2,0.9061368809665743
ENSG00000197253,TPSB2,0.9042012592402445
ENSG00000138180,CEP55,0.9035463776669606
ENSG00000139734,DIAPH3,0.9021289287468861
ENSG00000137804,NUSAP1,0.9011968227378923
ENSG00000090889,KIF4A,0.9000958507972688
ENSG00000145649,GZMA,0.8957560251987416
ENSG00000137845,ADAM10,0.8949644860331972
ENSG00000211638,IGLV8-61,0.8936012898853306
ENSG00000211900,IGHJ6,0.8919123938641519
ENSG00000116176,TPSG1,0.8892468770596057
ENSG00000104938,CLEC4M,0.8889683646975092
ENSG00000117394,SLC2A1,0.8879034369337921
ENSG00000134013,LOXL2,0.8855029757220692
ENSG00000276409,CCL14,0.8841520337848243
ENSG00000124491,F13A1,0.8827854691922007
ENSG00000124935,SCGB1D2,0.8822475319302634
ENSG00000113368,LMNB1,0.879267973998389
ENSG00000100526,CDKN3,0.8786691273597035
ENSG00000240654,C1QTNF9,0.8782005246663287
ENSG00000198901,PRC1,0.8776689232055624
ENSG00000160339,FCN2,0.877452722034946
ENSG00000211685,IGLC7,0.877128532839134
ENSG00000133574,GIMAP4,0.8717699819587929
ENSG00000244734,HBB,0.8707986120330073
ENSG00000128791,TWSG1,0.8702827992608883
ENSG00000117906,RCN2,0.8664537241875688
ENSG00000136824,SMC2,0.8609273782133829
ENSG00000123975,CKS2,0.8606003330992856
ENSG00000113088,GZMK,0.8599905242687684
ENSG00000103187,COTL1,0.8589999028117064
ENSG00000178999,AURKB,0.8581653506000619
ENSG00000180785,OR51E1,0.8575838237882524
ENSG00000211676,IGLJ2,0.855889058357208
ENSG00000087586,AURKA,0.8554108734380945
ENSG00000138829,FBN2,0.8541922025274161
ENSG00000013810,TACC3,0.8531849090373529
ENSG00000169607,CKAP2L,0.8526975384986244
ENSG00000242265,PEG10,0.8508601734490412
ENSG00000100196,KDELR3,0.8507339530743254
ENSG00000164109,MAD2L1,0.8480520450048835
ENSG00000211664,IGLV2-18,0.8473975257846722
ENSG00000117154,IGSF21,0.8467179008562423
ENSG00000112893,MAN2A1,0.8460589711161393
ENSG00000184661,CDCA2,0.844106630691606
ENSG00000205869,KRTAP5-1,0.8435964544160506
ENSG00000173559,NABP1,0.8425936332930207
ENSG00000117632,STMN1,0.8423904462003666
ENSG00000083312,TNPO1,0.8403106006375007
ENSG00000122952,ZWINT,0.839461928317003
ENSG00000159399,HK2,0.8391414383540916
ENSG00000128829,EIF2AK4,0.8388940472596196
ENSG00000116824,CD2,0.8388674246177599
ENSG00000124780,KCNK17,0.8383515060088033
ENSG00000211637,IGLV4-69,0.8361443242610026
ENSG00000133800,LYVE1,0.8323485399925868
ENSG00000275385,CCL18,0.8316784941611353
ENSG00000127463,EMC1,0.8311979835606562
ENSG00000179144,GIMAP7,0.8279469650013946
ENSG00000071054,MAP4K4,0.8261171473393345
ENSG00000211642,IGLV10-54,0.8230240081222708
ENSG00000211652,IGLV7-43,0.8227689127999191
ENSG00000223534,HLA-DQB1-AS1,0.8225636815298676
ENSG00000138119,MYOF,0.8211511963006366
ENSG00000049323,LTBP1,0.8179932923204014
ENSG00000211678,IGLJ3,0.8170788664460995
ENSG00000124564,SLC17A3,0.8145673655229245
ENSG00000123243,ITIH5,0.814525444306837
ENSG00000077152,UBE2T,0.8136719445173597
ENSG00000167332,OR51E2,0.8136177985124347
ENSG00000076003,MCM6,0.8114634994831542
ENSG00000211649,IGLV7-46,0.8108256933270375
ENSG00000211650,IGLV5-45,0.8081438364338642
ENSG00000155380,SLC16A1,0.8073952089582849
ENSG00000205502,C2CD4B,0.8049079116236948
ENSG00000242887,IGHJ3,0.8040708635541776
ENSG00000099250,NRP1,0.8029326523836862
ENSG00000083857,FAT1,0.8014448419286154
ENSG00000211670,IGLV3-9,0.7997922986474105
ENSG00000266954,RP11-701H16.4,0.79925116653526
ENSG00000211655,IGLV1-36,0.7973200822407244
ENSG00000073111,MCM2,0.7959511979265056
ENSG00000275152,CCL16,0.7954111404031317
ENSG00000134690,CDCA8,0.7947497566593404
ENSG00000168995,SIGLEC7,0.7940597657245508
ENSG00000105501,SIGLEC5,0.7901776702054556
ENSG00000041982,TNC,0.789478344103911
ENSG00000101916,TLR8,0.789204377471144
ENSG00000112742,TTK,0.7889252649590743
ENSG00000143702,CEP170,0.7877600748893534
ENSG00000149485,FADS1,0.7876878261142684
ENSG00000171241,SHCBP1,0.786188774088315
ENSG00000100522,GNPNAT1,0.7852829203048681
ENSG00000110077,MS4A6A,0.7841135516034419
ENSG00000242472,IGHJ5,0.783757145496664
ENSG00000204472,AIF1,0.7820407468904912
ENSG00000166927,MS4A7,0.7807831856985633
ENSG00000159167,STC1,0.7804956120780984
ENSG00000269345,VN1R85P,0.7801519139055993
ENSG00000180383,DEFB124,0.7799558109288057
ENSG00000040275,SPDL1,0.7799457523947857
ENSG00000206177,HBM,0.7788493821010667
ENSG00000153317,ASAP1,0.7771743879565424
ENSG00000122543,OCM,0.7767481641369959
ENSG00000100934,SEC23A,0.776603326101912
ENSG00000100362,PVALB,0.7764926308082012
ENSG00000155659,VSIG4,0.7757788089394083
ENSG00000119285,HEATR1,0.7752245227457693
ENSG00000163584,RPL22L1,0.7745556878142247
ENSG00000089012,SIRPG,0.7741766903433822
ENSG00000134779,TPGS2,0.7708251864136046
ENSG00000113083,LOX,0.7707572223288356
ENSG00000149554,CHEK1,0.7702942982722073
ENSG00000167664,TMIGD2,0.7701731659954274
ENSG00000179636,TPPP2,0.769366654266324
ENSG00000143476,DTL,0.7679006779897312
ENSG00000108106,UBE2S,0.7675282960522869
ENSG00000128050,PAICS,0.7660274704341608
ENSG00000146918,NCAPG2,0.7652996911184391
ENSG00000117650,NEK2,0.7625449865632346
ENSG00000224318,CHL1-AS2,0.7613397868898842
ENSG00000049449,RCN1,0.7612859192814758
ENSG00000151835,SACS,0.7611507502410485
ENSG00000104974,LILRA1,0.7600642258337783
ENSG00000187210,GCNT1,0.7598932166904784
ENSG00000125810,CD93,0.7592945121112378
ENSG00000091039,OSBPL8,0.7578220640159017
ENSG00000165457,FOLR2,0.7578028514036499
ENSG00000134369,NAV1,0.7571174069537451
ENSG00000186092,OR4F5,0.756591326558099
ENSG00000113758,DBN1,0.7550935157038942
ENSG00000001630,CYP51A1,0.754046685323649
ENSG00000142748,FCN3,0.7522704869719351
ENSG00000197992,CLEC9A,0.7495123795282121
ENSG00000197921,HES5,0.7491732112929741
ENSG00000143179,UCK2,0.7483052768144383
ENSG00000175592,FOSL1,0.7481600282234407
ENSG00000253368,TRNP1,0.7478906143870697
ENSG00000104723,TUSC3,0.7475590375473502
ENSG00000117122,MFAP2,0.7471206265283533
ENSG00000092853,CLSPN,0.7463474897152191
ENSG00000254415,SIGLEC14,0.7463452275249696
ENSG00000169213,RAB3B,0.7446128654603184
ENSG00000237541,HLA-DQA2,0.7439344913015156
ENSG00000133657,ATP13A3,0.7438159425628968
ENSG00000150403,TMCO3,0.7428993420314567
ENSG00000165682,CLEC1B,0.7424869961416113
ENSG00000085491,SLC25A24,0.7422654551825318
ENSG00000139289,PHLDA1,0.7403824066888972
ENSG00000198826,ARHGAP11A,0.740324507088626
ENSG00000211658,IGLV3-27,0.738858937396362
ENSG00000143322,ABL2,0.7387727236747528
ENSG00000131711,MAP1B,0.7386685123839459
ENSG00000101057,MYBL2,0.7381689233339285
ENSG00000146670,CDCA5,0.7354311304667575
ENSG00000125686,MED1,0.7343780843415395
ENSG00000166803,PCLAF,0.7333876812231152
ENSG00000011422,PLAUR,0.7315848651595369
ENSG00000198431,TXNRD1,0.7314986789506829
ENSG00000164649,CDCA7L,0.7299054894444643
ENSG00000134250,NOTCH2,0.7283507968778713
ENSG00000165480,SKA3,0.7278358834618182
ENSG00000075218,GTSE1,0.7269843685341504
ENSG00000213373,LINC00671,0.7259609543629983
ENSG00000121152,NCAPH,0.7257653310919302
ENSG00000164821,DEFA4,0.7256686768391845
ENSG00000166147,FBN1,0.7251878542933888
ENSG00000124568,SLC17A1,0.7244746380938953
ENSG00000272783,RP13-1016M1.2,0.7244675762010249
ENSG00000183856,IQGAP3,0.7243621609390145
ENSG00000177311,ZBTB38,0.7234664000263656
ENSG00000071539,TRIP13,0.7233416462148107
ENSG00000129965,INS-IGF2,0.7222437228263712
ENSG00000072274,TFRC,0.72204127389075
ENSG00000185156,MFSD6L,0.7216942584436246
ENSG00000102010,BMX,0.7213355789012067
ENSG00000178104,PDE4DIP,0.721095822318998
ENSG00000066336,SPI1,0.7209553923413377
ENSG00000146242,TPBG,0.7204328507663916
ENSG00000010292,NCAPD2,0.7203138147436782
ENSG00000075223,SEMA3C,0.719471775899737
ENSG00000180340,FZD2,0.7194151673831269
ENSG00000143228,NUF2,0.7186712104748769
ENSG00000211904,IGHJ2,0.7179333227383127
ENSG00000152952,PLOD2,0.7153428682771414
ENSG00000105281,SLC1A5,0.7133161914912816
ENSG00000173467,AGR3,0.7132426074056541
ENSG00000265808,SEC22B,0.713055546852746
ENSG00000158290,CUL4B,0.7125996721687705
ENSG00000006118,TMEM132A,0.7125449286140421
ENSG00000268758,ADGRE4P,0.7118621457653505
ENSG00000065308,TRAM2,0.7105486690351023
ENSG00000141696,P3H4,0.710277754183612
ENSG00000135862,LAMC1,0.7082878872446254
ENSG00000196109,ZNF676,0.7077317502829568
ENSG00000138182,KIF20B,0.7068817457044709
ENSG00000188086,PRSS45,0.7055502956771599
ENSG00000167741,GGT6,0.7049338912325481
ENSG00000244116,IGKV2-28,0.7042426939901183
ENSG00000237649,KIFC1,0.7039674350837362
ENSG00000136731,UGGT1,0.7038307612496673
ENSG00000178828,RNF186,0.7035200541628512
ENSG00000112936,C7,0.7005601878164661
ENSG00000136153,LMO7,0.6995231163417125
ENSG00000164934,DCAF13,0.6978390577236566
ENSG00000242371,IGKV1-39,0.6974087164566075
ENSG00000169397,RNASE3,0.6936299079027952
ENSG00000162747,FCGR3B,0.6933411122768566
ENSG00000101040,ZMYND8,0.6928406125068357
ENSG00000180198,RCC1,0.6922791903046843
ENSG00000009413,REV3L,0.6922357061131406
ENSG00000122884,P4HA1,0.691247657093033
ENSG00000107937,GTPBP4,0.6899058766752508
ENSG00000102837,OLFM4,0.6898492455955254
ENSG00000167325,RRM1,0.6888767632655878
ENSG00000140525,FANCI,0.688314077249082
ENSG00000120280,CXorf21,0.687718860738839
ENSG00000184293,CLECL1,0.6875000688488281
ENSG00000100365,NCF4,0.6872765082063701
ENSG00000154380,ENAH,0.6866058096610894
ENSG00000211947,IGHV3-21,0.6863841148232023
ENSG00000205837,LINC00487,0.6853061108115528
ENSG00000253696,KBTBD11-OT1,0.6850398201655865
ENSG00000139926,FRMD6,0.6835060543956769
ENSG00000211934,IGHV1-2,0.6834723464268069
ENSG00000206013,IFITM5,0.6831054647102527
ENSG00000186818,LILRB4,0.6827987461646509
ENSG00000006327,TNFRSF12A,0.6827911019187395
ENSG00000103257,SLC7A5,0.681335859516421
ENSG00000156284,CLDN8,0.6812161759813712
ENSG00000175792,RUVBL1,0.6812152511577902
ENSG00000240382,IGKV1-17,0.6812039851187521
ENSG00000227191,TRGC2,0.680801900788962
ENSG00000080986,NDC80,0.6804769924939519
ENSG00000197272,IL27,0.679962419453632
ENSG00000277632,CCL3,0.6795242387229959
ENSG00000178773,CPNE7,0.6788506869753024
ENSG00000079689,SCGN,0.678004779501981
ENSG00000249201,CTD-3080P12.3,0.6769927768685899
ENSG00000130508,PXDN,0.6745338738003639
ENSG00000167208,SNX20,0.6745016818715669
ENSG00000116641,DOCK7,0.674169796997132
ENSG00000100453,GZMB,0.6737430645698502
ENSG00000203747,FCGR3A,0.6728684335391293
ENSG00000211905,IGHJ1,0.6726411647413573
ENSG00000138759,FRAS1,0.6714610693210227
ENSG00000033170,FUT8,0.6713739463858852
ENSG00000103888,CEMIP,0.670767328742433
ENSG00000233670,PIRT,0.6703492966575676
ENSG00000173530,TNFRSF10D,0.6700701256945066
ENSG00000263429,LINC00675,0.6700222380610943
ENSG00000225851,HLA-S,0.6698690611880449
ENSG00000118193,KIF14,0.6696213484620445
ENSG00000232629,HLA-DQB2,0.6695364594787345
ENSG00000244239,AC007009.1,0.6681740199783566
ENSG00000068796,KIF2A,0.6681551209541788
ENSG00000226871,AC135178.7,0.6681082861160175
ENSG00000130816,DNMT1,0.6680944524203869
ENSG00000164134,NAA15,0.6674545232456622
ENSG00000054803,CBLN4,0.6671411780942474
ENSG00000168268,NT5DC2,0.6668705986953041
ENSG00000066813,ACSM2B,0.6664739086551211
ENSG00000254030,IGLC5,0.6653956672978613
ENSG00000160211,G6PD,0.6652414653834618
ENSG00000223350,IGLV9-49,0.664769626694171
ENSG00000068366,ACSL4,0.6646645258702126
ENSG00000106080,FKBP14,0.6644127233930992
ENSG00000164244,PRRC1,0.6643519258850742
ENSG00000135679,MDM2,0.6642404995438711
ENSG00000100122,CRYBB1,0.6630398820347716
ENSG00000196549,MME,0.66288602563365
ENSG00000241294,IGKV2-24,0.6601498820944941
ENSG00000166557,TMED3,0.6599272023744023
ENSG00000145604,SKP2,0.6598997301988625
ENSG00000211964,IGHV3-48,0.6594974330922996
ENSG00000179639,FCER1A,0.6593558834489912
ENSG00000131055,COX4I2,0.6591230645383979
ENSG00000168496,FEN1,0.6589453144431519
ENSG00000072694,FCGR2B,0.6588965424555566
ENSG00000004700,RECQL,0.6579754595378321
ENSG00000224958,PGM5-AS1,0.6575428719498133
ENSG00000185291,IL3RA,0.6564515611628772
ENSG00000171208,NETO2,0.655636851011404
ENSG00000243238,IGKV2-30,0.6555836994489689
ENSG00000187079,TEAD1,0.6548510477174174
ENSG00000236120,RP11-733O18.1,0.6539836644993018
ENSG00000129474,AJUBA,0.6537296229218889
ENSG00000197081,IGF2R,0.6535282046132497
ENSG00000163739,CXCL1,0.6521712230734132
ENSG00000141682,PMAIP1,0.6513759008489554
ENSG00000033867,SLC4A7,0.651096367379716
ENSG00000151693,ASAP2,0.6502644864021809
ENSG00000170921,TANC2,0.6502405261648994
ENSG00000112214,FHL5,0.6499847980784252
ENSG00000182048,TRPC2,0.648514370542449
ENSG00000151694,ADAM17,0.6484844150784393
ENSG00000088827,SIGLEC1,0.6481895812507558
ENSG00000065135,GNAI3,0.6468648434633717
ENSG00000211966,IGHV5-51,0.6466463689628761
ENSG00000166527,CLEC4D,0.6465240988110458
ENSG00000070214,SLC44A1,0.6459703275031115
ENSG00000162040,HS3ST6,0.6451330029921977
ENSG00000114251,WNT5A,0.6445980444108592
ENSG00000075420,FNDC3B,0.6442361269255321
ENSG00000156535,CD109,0.6427959732469875
ENSG00000137204,SLC22A7,0.6418889556781177
ENSG00000114480,GBE1,0.6414810181672673
ENSG00000151725,CENPU,0.6407356457879307
ENSG00000092377,TBL1Y,0.6405412801503563
ENSG00000186185,KIF18B,0.6392089017418461
ENSG00000211667,IGLV3-12,0.638867421043104
ENSG00000213886,UBD,0.6376723080355456
ENSG00000249908,BRD9P2,0.6376691339803354
ENSG00000060982,BCAT1,0.6375593752090404
ENSG00000174371,EXO1,0.6375003552424391
ENSG00000067900,ROCK1,0.6370929776024208
ENSG00000233609,RPL10P19,0.6362491914357615
ENSG00000137309,HMGA1,0.6362278333250724
ENSG00000093009,CDC45,0.6341209087765203
ENSG00000035720,STAP1,0.6339960946099272
ENSG00000105366,SIGLEC8,0.6339728911155695
ENSG00000092621,PHGDH,0.633420780079102
ENSG00000145817,YIPF5,0.6330010134430636
ENSG00000235049,LINC00940,0.6329495250265784
ENSG00000069869,NEDD4,0.63234075449314
ENSG00000175832,ETV4,0.6322219233188228
ENSG00000065183,WDR3,0.6315280982866065
ENSG00000163421,PROK2,0.6315254031201364
ENSG00000171195,MUC7,0.6313643518539367
ENSG00000090054,SPTLC1,0.6303187806451267
ENSG00000105609,LILRB5,0.629860530088044
ENSG00000104549,SQLE,0.6297810603796986
ENSG00000004897,CDC27,0.6290242913474567
ENSG00000094804,CDC6,0.6286886669150505
ENSG00000117139,KDM5B,0.6286867343288022
ENSG00000166250,CLMP,0.6284374310863585
ENSG00000211935,IGHV1-3,0.6273460370311214
ENSG00000262061,RP11-1260E13.4,0.6268908222280103
ENSG00000204262,COL5A2,0.6264910094150494
ENSG00000114554,PLXNA1,0.6264550106054554
ENSG00000162702,ZNF281,0.6256663663825132
ENSG00000197045,GMFB,0.6253276622267848
ENSG00000108582,CPD,0.6251631140763053
ENSG00000130147,SH3BP4,0.6246174979155001
ENSG00000214511,HIGD1C,0.6242887087899122
ENSG00000267594,CYP4F24P,0.6227830459219241
ENSG00000206150,RNASE13,0.6227694116656626
ENSG00000112769,LAMA4,0.6221056813970137
ENSG00000172243,CLEC7A,0.6219353175757194
ENSG00000114439,BBX,0.6218876721133624
ENSG00000101236,RNF24,0.6216134393393898
ENSG00000256660,CLEC12B,0.6212284049475695
ENSG00000141756,FKBP10,0.6203449252725238
ENSG00000167721,TSR1,0.6198427034033123
ENSG00000275216,RP11-54H7.4,0.6197552087867094
ENSG00000134121,CHL1,0.6193703457886264
ENSG00000119969,HELLS,0.6190939389960469
ENSG00000211938,IGHV3-7,0.6188463380283109
ENSG00000211639,IGLV4-60,0.6185847805908534
ENSG00000128591,FLNC,0.6183979567227113
ENSG00000132842,AP3B1,0.6172782977060952
ENSG00000211937,IGHV2-5,0.6172266337626122
ENSG00000184575,XPOT,0.6161866046950774
ENSG00000205866,FAM99A,0.6161848738505838
ENSG00000189057,FAM111B,0.616037099047562
ENSG00000143320,CRABP2,0.6158103711267813
ENSG00000263508,RP11-963H4.3,0.6147710020052517
ENSG00000166265,CYYR1,0.6147633267438305
ENSG00000213281,NRAS,0.6145441502367835
ENSG00000170017,ALCAM,0.6142048933406142
ENSG00000138755,CXCL9,0.6139234783446611
ENSG00000156802,ATAD2,0.6131019399047757
ENSG00000091986,CCDC80,0.6118954025342178
ENSG00000176014,TUBB6,0.6115150613880632
ENSG00000181631,P2RY13,0.611007836512818
ENSG00000165891,E2F7,0.6104185881914581
ENSG00000163106,HPGDS,0.6097666992721413
ENSG00000165732,DDX21,0.609726690146857
ENSG00000082153,BZW1,0.6090495481683355
ENSG00000206560,ANKRD28,0.6088343411971894
ENSG00000182162,P2RY8,0.608152213424525
ENSG00000091651,ORC6,0.6072904095461357
ENSG00000238246,RP11-575A19.2,0.6067534733060611
ENSG00000115084,SLC35F5,0.6064017564294957
ENSG00000256720,BTG1P1,0.6063953525039738
ENSG00000138430,OLA1,0.6062698970920567
ENSG00000038382,TRIO,0.6060896540603419
ENSG00000186407,CD300E,0.6060318316720055
ENSG00000163811,WDR43,0.6059520418720258
ENSG00000049130,KITLG,0.6059440790605957
ENSG00000119408,NEK6,0.6049753435221153
ENSG00000174938,SEZ6L2,0.6046468495393307
ENSG00000197705,KLHL14,0.6045257979595969
ENSG00000255987,TOMM20P2,0.6045160849596831
ENSG00000137812,KNL1,0.6023066930834089
ENSG00000244575,IGKV1-27,0.6021131794604867
ENSG00000138594,TMOD3,0.6020223674210625
ENSG00000105355,PLIN3,0.6018679426394191
ENSG00000110092,CCND1,0.601851093915324
ENSG00000136193,SCRN1,0.6018084397727776
ENSG00000215367,TMED11P,0.6016597347778277
ENSG00000078898,BPIFB2,0.6013514280659623
ENSG00000132603,NIP7,0.6012858372349309
ENSG00000111145,ELK3,0.6011309886617402
ENSG00000270972,RP11-326C3.15,0.6010609250797859
ENSG00000149257,SERPINH1,0.6006625753513967
ENSG00000240361,OR4G11P,0.5997461417160108
ENSG00000129515,SNX6,0.598805453923426
ENSG00000067057,PFKP,0.5985862282539582
ENSG00000176840,MIR7-3HG,0.5968816451800267
ENSG00000211965,IGHV3-49,0.5965456716877687
ENSG00000149124,GLYAT,0.5952941179666357
ENSG00000125900,SIRPD,0.5949758487118031
ENSG00000176716,OR10AB1P,0.5949275329680215
ENSG00000163563,MNDA,0.5943042224618816
ENSG00000110848,CD69,0.5942106564298408
ENSG00000123219,CENPK,0.5942085375530178
ENSG00000240505,TNFRSF13B,0.593291358010557
ENSG00000134910,STT3A,0.5929894018451937
ENSG00000275718,CCL15,0.5924538863397845
ENSG00000149534,MS4A2,0.5923043812920609
ENSG00000166750,SLFN5,0.5921539350584387
ENSG00000121621,KIF18A,0.5918644940212523
ENSG00000126838,PZP,0.5913712545706159
ENSG00000137509,PRCP,0.5900005891800502
ENSG00000102189,EEA1,0.5898341969431172
ENSG00000229436,AC073850.6,0.5896233659210578
ENSG00000214787,MS4A4E,0.5895404130218069
ENSG00000243290,IGKV1-12,0.5895247571529649
ENSG00000265487,RP11-793A3.1,0.5888966559628838
ENSG00000142798,HSPG2,0.5886213308489205
ENSG00000163171,CDC42EP3,0.5884719068300304
ENSG00000237990,CNTN4-AS1,0.5881563863122136
ENSG00000173706,HEG1,0.5875825225853529
ENSG00000244509,APOBEC3C,0.5874314954474642
ENSG00000090659,CD209,0.5873882798909887
ENSG00000065328,MCM10,0.586709343565366
ENSG00000074410,CA12,0.5862101517493655
ENSG00000147138,GPR174,0.5859932754930902
ENSG00000231535,LINC00278,0.5859862744543665
ENSG00000239998,LILRA2,0.5858955187783443
ENSG00000123213,NLN,0.5858642443457012
ENSG00000092067,CEBPE,0.5857854398451016
ENSG00000110079,MS4A4A,0.5854843991497181
ENSG00000175857,GAPT,0.5853552825892929
ENSG00000256948,RP11-598F7.3,0.5851392465833868
ENSG00000187513,GJA4,0.5850882990477586
ENSG00000155304,HSPA13,0.5848493736921413
ENSG00000196329,GIMAP5,0.5845970274347599
ENSG00000108854,SMURF2,0.584506721851013
ENSG00000172667,ZMAT3,0.5839865810804695
ENSG00000151360,ALLC,0.5835470025542202
ENSG00000185164,NOMO2,0.5831296750290673
ENSG00000133818,RRAS2,0.5828933174959399
ENSG00000213186,TRIM59,0.5820509591307785
ENSG00000147010,SH3KBP1,0.5818259014100609
ENSG00000102753,KPNA3,0.5817473408261805
ENSG00000225964,NRIR,0.5814292901236474
ENSG00000140575,IQGAP1,0.5810930769288267
ENSG00000159131,GART,0.5802217547514976
ENSG00000135318,NT5E,0.5801982344115479
ENSG00000099985,OSM,0.579731217912727
ENSG00000137692,DCUN1D5,0.5785643272542119
ENSG00000272161,RP4-713A8.1,0.5779165787973132
ENSG00000163629,PTPN13,0.5775931174193267
ENSG00000164574,GALNT10,0.5773625659355737
ENSG00000150938,CRIM1,0.5773333943185652
ENSG00000261603,PRSS46,0.5765604355798545
ENSG00000162365,CYP4A22,0.5761089342787062
ENSG00000182752,PAPPA,0.5760812087222051
ENSG00000196415,PRTN3,0.5760768591715325
ENSG00000109113,RAB34,0.5755227952462196
ENSG00000227063,RPL41P1,0.5748165335455484
ENSG00000172379,ARNT2,0.5744672172548517
ENSG00000145730,PAM,0.574332343221384
ENSG00000211787,TRAV8-3,0.5738618608850413
ENSG00000160791,CCR5,0.5736136362996478
ENSG00000100503,NIN,0.5734635408364697
ENSG00000164292,RHOBTB3,0.5731144291266305
ENSG00000198554,WDHD1,0.5728470238552776
ENSG00000167088,SNRPD1,0.572811651141786
ENSG00000157103,SLC6A1,0.5726264393749163
ENSG00000023608,SNAPC1,0.5726087929878787
ENSG00000224373,IGHV4-59,0.572388880773528
ENSG00000198824,CHAMP1,0.5720510741987508
ENSG00000101336,HCK,0.5716498759166048
ENSG00000139921,TMX1,0.5713585392248265
ENSG00000196591,HDAC2,0.5713183631038258
ENSG00000266524,GDF10,0.5711957232548376
ENSG00000271236,SUMO2P15,0.5710625170023247
ENSG00000005448,WDR54,0.5704362473939851
ENSG00000240864,IGKV1-16,0.5701517067253924
ENSG00000168785,TSPAN5,0.5701093613470917
ENSG00000185088,RPS27L,0.5700819408398097
ENSG00000043462,LCP2,0.5700611326130338
ENSG00000111404,RERGL,0.5695713074138006
ENSG00000163221,S100A12,0.5694545433383398
ENSG00000232287,SLC6A1-AS1,0.5694189441137404
ENSG00000101200,AVP,0.5693043322240522
ENSG00000170734,POLH,0.5679251148057047
ENSG00000146469,VIP,0.5669727224397849
ENSG00000196935,SRGAP1,0.5664109946151356
ENSG00000270550,IGHV3-30,0.5659984809744201
ENSG00000138442,WDR12,0.5658683345761094
ENSG00000267074,RP11-1094M14.5,0.5655038171134912
ENSG00000228716,DHFR,0.5652738408171164
ENSG00000167798,C3P1,0.5652573737561006
ENSG00000111358,GTF2H3,0.5652528225108135
ENSG00000250218,ALDH1L1-AS1,0.5647205524335008
ENSG00000163659,TIPARP,0.5643963325715354
ENSG00000189013,KIR2DL4,0.5641305682126962
ENSG00000198612,COPS8,0.5637274866530745
ENSG00000128059,PPAT,0.5627538195475781
ENSG00000007908,SELE,0.562739870620144
ENSG00000134986,NREP,0.5626580244249391
ENSG00000182197,EXT1,0.5621963259909241
ENSG00000211675,IGLC1,0.562185325473107
ENSG00000242076,IGKV1-33,0.5610817057078328
ENSG00000166451,CENPN,0.5608828928923515
ENSG00000140287,HDC,0.560433700547543
ENSG00000263065,AF001548.6,0.5604229080987354
ENSG00000131042,LILRB2,0.5601283097914864
ENSG00000198851,CD3E,0.5601123615990011
ENSG00000146376,ARHGAP18,0.5589767418607321
ENSG00000163597,SNHG16,0.5588637429409976
ENSG00000138448,ITGAV,0.5587325314959571
ENSG00000229391,HLA-DRB6,0.5587280979871206
ENSG00000201965,Y_RNA,0.557716211530663
ENSG00000186063,AIDA,0.5576219190362728
ENSG00000268020,OR4G4P,0.5574361690940928
ENSG00000284233,KB-1995A5.4,0.5568879995615252
ENSG00000187980,PLA2G2C,0.555718407541196
ENSG00000135451,TROAP,0.5551198000148111
ENSG00000124783,SSR1,0.5548155003923232
ENSG00000196735,HLA-DQA1,0.5545907703920852
ENSG00000269067,ZNF728,0.5542573642666165
ENSG00000139324,TMTC3,0.5540926973680984
ENSG00000213934,HBG1,0.5531103362207874
ENSG00000124939,SCGB2A1,0.5519842484318837
ENSG00000266964,FXYD1,0.5518541075837071
ENSG00000184544,DHRS7C,0.551504263366311
ENSG00000183747,ACSM2A,0.5513883856997468
ENSG00000103855,CD276,0.5508307377523064
ENSG00000129195,FAM64A,0.5505638140860638
ENSG00000164930,FZD6,0.5503008695869186
ENSG00000113460,BRIX1,0.5501750205058351
ENSG00000211694,TRGV10,0.5499627065549121
ENSG00000211625,IGKV3D-20,0.5495676389547386
ENSG00000176083,ZNF683,0.5491331052827173
ENSG00000135046,ANXA1,0.549007224339463
ENSG00000089327,FXYD5,0.5488611569146193
ENSG00000084112,SSH1,0.548793987607931
ENSG00000263761,GDF2,0.5471479654489517
ENSG00000141458,NPC1,0.5465495035347271
ENSG00000137563,GGH,0.5456831653741507
ENSG00000243264,IGKV2D-29,0.545129304579872
ENSG00000169756,LIMS1,0.5449431492088764
ENSG00000163535,SGO2,0.5449010419095445
ENSG00000140262,TCF12,0.5447115881660338
ENSG00000172965,MIR4435-2HG,0.5440586319078904
ENSG00000267690,LDLRAD4-AS1,0.5438975276976105
ENSG00000105939,ZC3HAV1,0.5433959932291653
ENSG00000115355,CCDC88A,0.5426792662121956
ENSG00000101003,GINS1,0.5426284895657881
ENSG00000100644,HIF1A,0.5422793991712305
ENSG00000164816,DEFA5,0.5421174863379123
ENSG00000142892,PIGK,0.5420279128142993
ENSG00000115641,FHL2,0.5419967725126624
ENSG00000115652,UXS1,0.541814068848353
ENSG00000235482,RPL21P135,0.5416063461283392
ENSG00000198146,ZNF770,0.5415407523917121
ENSG00000148634,HERC4,0.5410701788665767
ENSG00000124203,ZNF831,0.54075429774238
ENSG00000122966,CIT,0.5405600708214572
ENSG00000211955,IGHV3-33,0.5405539860490352
ENSG00000114416,FXR1,0.5398640703643036
ENSG00000198223,CSF2RA,0.5395432847915914
ENSG00000070087,PFN2,0.539515066826254
ENSG00000171101,SIGLEC17P,0.5394415977861237
ENSG00000139618,BRCA2,0.539333605334683
ENSG00000166960,CCDC178,0.5390614351076712
ENSG00000164506,STXBP5,0.5390095278885333
ENSG00000164163,ABCE1,0.5382673672822227
ENSG00000011028,MRC2,0.5381584085926241
ENSG00000264707,L3MBTL4-AS1,0.5381489559631889
ENSG00000243562,RN7SL838P,0.5378529691471935
ENSG00000159217,IGF2BP1,0.5376795942899455
ENSG00000037749,MFAP3,0.5372736760948855
ENSG00000159339,PADI4,0.53692219230038
ENSG00000150961,SEC24D,0.5368908174401639
ENSG00000211778,TRAV4,0.536873441600416
ENSG00000175336,APOF,0.5361254894638235
ENSG00000260403,RP11-616M22.1,0.5358785207395811
ENSG00000273650,CTD-3193K9.11,0.5355226228773314
ENSG00000133812,SBF2,0.5353941628592359
ENSG00000211829,TRDC,0.5347796576606932
ENSG00000128641,MYO1B,0.5346340040108966
ENSG00000205755,CRLF2,0.5344044459127681
ENSG00000111799,COL12A1,0.5343188254439927
ENSG00000187922,LCN10,0.5342054839724412
ENSG00000110660,SLC35F2,0.5341384020712713
ENSG00000181234,TMEM132C,0.5340963178688907
ENSG00000101935,AMMECR1,0.5340366506714321
ENSG00000115419,GLS,0.5337449020839077
ENSG00000140931,CMTM3,0.5335105551090268
ENSG00000241755,IGKV1-9,0.5331005806820122
ENSG00000075188,NUP37,0.53297590821787
ENSG00000104884,ERCC2,0.5314482666310966
ENSG00000157483,MYO1E,0.5311968203863482
ENSG00000127314,RAP1B,0.5311359421187201
ENSG00000186431,FCAR,0.5309827140259427
ENSG00000154473,BUB3,0.5308419978988207
ENSG00000211611,IGKV6-21,0.5307820338118939
ENSG00000000938,FGR,0.5307799777062044
ENSG00000198502,HLA-DRB5,0.530447079830543
ENSG00000223511,RP13-297E16.4,0.5300114378462883
ENSG00000136997,MYC,0.5298757154617882
ENSG00000007216,SLC13A2,0.529449200720231
ENSG00000105810,CDK6,0.5289531129686824
ENSG00000117385,P3H1,0.5285303352471855
ENSG00000184601,C14orf180,0.5285261269466514
ENSG00000161911,TREML1,0.5282970176512525
ENSG00000111817,DSE,0.5282575822509198
ENSG00000174946,GPR171,0.5275105279907364
ENSG00000091181,IL5RA,0.5271513919753874
ENSG00000150687,PRSS23,0.5270423768817115
ENSG00000244355,LY6G6D,0.5269887893934091
ENSG00000167580,AQP2,0.5264925745997164
ENSG00000261448,CTD-2576D5.4,0.5261954011620723
ENSG00000057252,SOAT1,0.5261068107436896
ENSG00000124490,CRISP2,0.5257406239048781
ENSG00000169047,IRS1,0.5255056584935385
ENSG00000050405,LIMA1,0.5251352293262447
ENSG00000267369,RP11-1094M14.8,0.5250092874233678
ENSG00000273906,RP11-115H13.1,0.5249761411355792
ENSG00000124205,EDN3,0.5245282990026454
ENSG00000013375,PGM3,0.5242172753047639
ENSG00000197930,ERO1A,0.5241490748274334
ENSG00000167601,AXL,0.5235145945677686
ENSG00000282608,ADORA3,0.5234535296135667
ENSG00000103994,ZNF106,0.5229998151278831
ENSG00000231475,IGHV4-31,0.5229675443837281
ENSG00000134697,GNL2,0.5227037435865982
ENSG00000272636,DOC2B,0.5225897517495681
ENSG00000211645,IGLV1-50,0.5225845783051465
ENSG00000226197,RP11-536O18.1,0.5225685565916115
ENSG00000169641,LUZP1,0.5225675411003763
ENSG00000152672,CLEC4F,0.5220138669109198
ENSG00000184113,CLDN5,0.5218765565070311
ENSG00000146733,PSPH,0.521755614894046
ENSG00000224239,AC090044.2,0.5214134483915952
ENSG00000163825,RTP3,0.5213806673942507
ENSG00000177558,FAM187B,0.5211694945941885
ENSG00000106683,LIMK1,0.5206123728137616
ENSG00000266846,RP11-793A3.2,0.5205528424857944
ENSG00000145907,G3BP1,0.5200639777192907
ENSG00000263586,HID1-AS1,0.5193922680469594
ENSG00000211946,IGHV3-20,0.5191916073238082
ENSG00000086288,NME8,0.5188323593217431
ENSG00000111247,RAD51AP1,0.5188191831657387
ENSG00000133026,MYH10,0.5187724425999898
ENSG00000163808,KIF15,0.5185178731466276
ENSG00000160307,S100B,0.5185097634142883
ENSG00000262006,RP11-700H6.4,0.5184489413721134
ENSG00000103222,ABCC1,0.5184101522423858
ENSG00000206172,HBA1,0.5183904668364715
ENSG00000261416,RP11-455F5.5,0.5181713323338543
ENSG00000163512,AZI2,0.5181225800596994
ENSG00000170779,CDCA4,0.5177215220757412
ENSG00000169877,AHSP,0.5167488369632279
ENSG00000168828,OR13J1,0.5164229401445843
ENSG00000164902,PHAX,0.5155672856938488
ENSG00000239855,IGKV1-6,0.515183635039662
ENSG00000234506,LINC01506,0.5147630409803091
ENSG00000280137,RP11-297C4.6,0.514701471714
ENSG00000107651,SEC23IP,0.5146741736432472
ENSG00000203668,CHML,0.5146689231512912
ENSG00000007306,CEACAM7,0.5146598972719189
ENSG00000162704,ARPC5,0.5146025007458327
ENSG00000134851,TMEM165,0.5145011806294226
ENSG00000161654,LSM12,0.5142265990079414
ENSG00000130383,FUT5,0.513879906075159
ENSG00000211788,TRAV13-1,0.5135782720673691
ENSG00000175216,CKAP5,0.5131997643735183
ENSG00000070031,SCT,0.5130306972421909
ENSG00000105011,ASF1B,0.5129062704152716
ENSG00000059573,ALDH18A1,0.5126515093662584
ENSG00000177938,CAPZA3,0.512380762225203
ENSG00000196712,NF1,0.5123094867865364
ENSG00000163655,GMPS,0.5122228648883747
ENSG00000211666,IGLV2-14,0.5121759102931075
ENSG00000138758,SEPT11,0.5121738635610403
ENSG00000211945,IGHV1-18,0.5121402289123128
ENSG00000111530,CAND1,0.511998388659723
ENSG00000166128,RAB8B,0.5118473767491555
ENSG00000161973,CCDC42,0.5117396447587891
ENSG00000233261,LINC00264,0.5114293127417567
ENSG00000152223,EPG5,0.5111228946295034
ENSG00000143771,CNIH4,0.5111222669824129
ENSG00000112290,WASF1,0.5109736238229259
ENSG00000158481,CD1C,0.5107262465169425
ENSG00000093000,NUP50,0.5101515777339979
ENSG00000147443,DOK2,0.5097971458259901
ENSG00000239961,LILRA4,0.5096319031381449
ENSG00000122870,BICC1,0.5091595988583782
ENSG00000138246,DNAJC13,0.5091327578049545
ENSG00000134001,EIF2S1,0.5087954806755582
ENSG00000279172,CTB-52I2.7,0.5086573859116004
ENSG00000182158,CREB3L2,0.5082726027877477
ENSG00000100528,CNIH1,0.5080306418357962
ENSG00000181026,AEN,0.5078605012153138
ENSG00000130164,LDLR,0.5074354381922054
ENSG00000102931,ARL2BP,0.5071660854574532
ENSG00000186458,DEFB132,0.5070365010557961
ENSG00000090104,RGS1,0.506959526207236
ENSG00000138385,SSB,0.5069473685491639
ENSG00000116017,ARID3A,0.5069467554391472
ENSG00000265369,PCAT18,0.5062891736164824
ENSG00000233070,ZFY-AS1,0.506246934366842
ENSG00000113456,RAD1,0.5062250975282329
ENSG00000129534,MIS18BP1,0.5061655625439758
ENSG00000070367,EXOC5,0.5057679465625399
ENSG00000060749,QSER1,0.5057285930661938
ENSG00000167513,CDT1,0.5056758083537258
ENSG00000272573,MUSTN1,0.5052278342718475
ENSG00000205730,ITPRIPL2,0.5050076313165361
ENSG00000138964,PARVG,0.5045659010682902
ENSG00000164171,ITGA2,0.5045373806870088
ENSG00000125484,GTF3C4,0.5043285550607025
ENSG00000111328,CDK2AP1,0.5041732921839331
ENSG00000153071,DAB2,0.5040489396446032
ENSG00000122025,FLT3,0.5037742184154054
ENSG00000140955,ADAD2,0.5033006779102408
ENSG00000156515,HK1,0.5029330870915723
ENSG00000009844,VTA1,0.5028593029383859
ENSG00000150347,ARID5B,0.502808428201374
ENSG00000261294,RP11-616M22.3,0.5021960533199914
ENSG00000114331,ACAP2,0.5020312870204792
ENSG00000148843,PDCD11,0.5017883373258694
ENSG00000211941,IGHV3-11,0.5016339467564862
ENSG00000265179,RP11-672L10.2,0.5011774062756151
ENSG00000115091,ACTR3,0.5007874860753471
ENSG00000204165,CXorf65,0.5007269500747564
ENSG00000167123,CERCAM,0.5006813026829114
ENSG00000171865,RNASEH1,0.5006785332462906
ENSG00000069956,MAPK6,0.5006734028120806
ENSG00000008394,MGST1,0.500608992328948
ENSG00000165476,REEP3,0.5005580032014741
ENSG00000256694,RP11-598F7.5,0.500515696714696
ENSG00000115464,USP34,0.5004629384682014
ENSG00000101109,STK4,0.5002272404131918
ENSG00000259823,LYPD8,0.49961794738647103
ENSG00000095002,MSH2,0.49954924717542243
ENSG00000211786,TRAV8-2,0.49917916325677847
ENSG00000144354,CDCA7,0.49893637090255555
ENSG00000124120,TTPAL,0.49886584523271543
ENSG00000211689,TRGC1,0.49867759733276057
ENSG00000179431,FJX1,0.49865172981654365
ENSG00000180776,ZDHHC20,0.49854962670229586
ENSG00000062096,ARSF,0.4975902017280017
ENSG00000166073,GPR176,0.4975488556024405
ENSG00000172292,CERS6,0.496998190808365
ENSG00000258794,DUX4L27,0.4969500007564232
ENSG00000211956,IGHV4-34,0.49693142656456973
ENSG00000148154,UGCG,0.4967189980206281
ENSG00000115415,STAT1,0.4967155713096557
ENSG00000133392,MYH11,0.4964417939328906
ENSG00000251546,IGKV1D-39,0.4955474626639691
ENSG00000151135,TMEM263,0.4954812841510805
ENSG00000122591,FAM126A,0.49546626125825727
ENSG00000143079,CTTNBP2NL,0.4954567068159855
ENSG00000181104,F2R,0.49492686079971615
ENSG00000163872,YEATS2,0.4948368521869267
ENSG00000141424,SLC39A6,0.4947267201529615
ENSG00000145555,MYO10,0.494457942748225
ENSG00000138801,PAPSS1,0.49411785070071446
ENSG00000229246,LINC00377,0.49402859592418485
ENSG00000205642,VCX3B,0.49400156556094865
ENSG00000066382,MPPED2,0.49396223557627555
ENSG00000079150,FKBP7,0.49395733062198854
ENSG00000207926,MIR135A1,0.49372177197412176
ENSG00000055332,EIF2AK2,0.4933063104854135
ENSG00000058804,NDC1,0.4930404281092099
ENSG00000100162,CENPM,0.4928842963728452
ENSG00000119326,CTNNAL1,0.4927953524440765
ENSG00000211951,IGHV2-26,0.49231855886185444
ENSG00000101132,PFDN4,0.49222877300043943
ENSG00000256069,A2MP1,0.49218107715786924
ENSG00000188676,IDO2,0.49155008632199215
ENSG00000035499,DEPDC1B,0.4915109997993067
ENSG00000186174,BCL9L,0.4912653225608862
ENSG00000186074,CD300LF,0.4909024279300732
ENSG00000102900,NUP93,0.49069614678921786
ENSG00000145390,USP53,0.4906951674951298
ENSG00000197965,MPZL1,0.49068226795836317
ENSG00000077942,FBLN1,0.4905449294785674
ENSG00000171320,ESCO2,0.49038995358907256
ENSG00000061676,NCKAP1,0.4901805565275027
ENSG00000265975,CTB-41I6.2,0.48995381032152174
ENSG00000117505,DR1,0.4898515358724864
ENSG00000174442,ZWILCH,0.4898142314716457
ENSG00000087263,OGFOD1,0.4890197532394193
ENSG00000102595,UGGT2,0.48858251715046963
ENSG00000101680,LAMA1,0.4884553914441131
ENSG00000065923,SLC9A7,0.4882245368697276
ENSG00000196611,MMP1,0.4881851112808657
ENSG00000225698,IGHV3-72,0.48780687631150205
ENSG00000099194,SCD,0.4870039196857137
ENSG00000149084,HSD17B12,0.48690292547233827
ENSG00000186160,CYP4Z1,0.48646993232315083
ENSG00000120526,NUDCD1,0.485739850661064
ENSG00000240476,LINC00973,0.48550806260360624
ENSG00000158402,CDC25C,0.4849764710897178
ENSG00000136026,CKAP4,0.48489562253000257
ENSG00000119812,FAM98A,0.4843294573756948
ENSG00000253818,IGLV1-41,0.4843079705938097
ENSG00000260314,MRC1,0.4839401859055453
ENSG00000256540,RP11-598F7.6,0.4837761703821477
ENSG00000089048,ESF1,0.48377228598166794
ENSG00000224796,RPL32P1,0.48371629522336046
ENSG00000074696,HACD3,0.4833659207449787
ENSG00000064313,TAF2,0.48321524218079154
ENSG00000164326,CARTPT,0.4829904566622823
ENSG00000170832,USP32,0.48289662544509293
ENSG00000197102,DYNC1H1,0.48274565097749716
ENSG00000270513,RP11-116B13.1,0.48260285452364377
ENSG00000185736,ADARB2,0.48259529513154276
ENSG00000211654,IGLV5-37,0.4822044733511282
ENSG00000126773,PCNX4,0.4819947144520823
ENSG00000211677,IGLC2,0.48181441966585153
ENSG00000165934,CPSF2,0.4815073792692915
ENSG00000262370,RP11-473M20.9,0.48142329286567537
ENSG00000121807,CCR2,0.48137260038695223
ENSG00000268079,BNIP3P30,0.48135132055923313
ENSG00000253234,IGLV2-5,0.4811482928099322
ENSG00000131355,ADGRE3,0.48110701756253227
ENSG00000166787,SAA3P,0.4808587300714119
ENSG00000145708,CRHBP,0.48022158008780436
ENSG00000196526,AFAP1,0.4797445786638506
ENSG00000211950,IGHV1-24,0.4794823866131195
ENSG00000115963,RND3,0.47933932375757377
ENSG00000211970,IGHV4-61,0.47922892432254277
ENSG00000211962,IGHV1-46,0.4791726559586185
ENSG00000118007,STAG1,0.47884313404833795
ENSG00000147874,HAUS6,0.4786477310896488
ENSG00000189091,SF3B3,0.4783428253852052
ENSG00000075151,EIF4G3,0.4781245790509778
ENSG00000148908,RGS10,0.4778175614470979
ENSG00000102699,PARP4,0.47780248059097435
ENSG00000214652,ZNF727,0.47779594996219515
ENSG00000259710,NUTF2P6,0.4776325711587753
ENSG00000113194,FAF2,0.4769936146247741
ENSG00000123737,EXOSC9,0.47694434664629226
ENSG00000119616,FCF1,0.4768420445971305
ENSG00000134531,EMP1,0.4766166269570109
ENSG00000128595,CALU,0.4764531864354755
ENSG00000224387,RP3-395M20.2,0.475997368523538
ENSG00000107798,LIPA,0.4759223054065277
ENSG00000150048,CLEC1A,0.47541475450581516
ENSG00000122585,NPY,0.47516388225309825
ENSG00000114013,CD86,0.47509809550071824
ENSG00000106809,OGN,0.47485459021199206
ENSG00000234661,CHL1-AS1,0.47482747113260815
ENSG00000116260,QSOX1,0.4746742974303654
ENSG00000101346,POFUT1,0.47459205464697796
ENSG00000025293,PHF20,0.47439719948633063
ENSG00000250254,PTTG2,0.4743289787868085
ENSG00000216863,LY86-AS1,0.47430256090655604
ENSG00000136048,DRAM1,0.47415356332959663
ENSG00000112029,FBXO5,0.4740902988569445
ENSG00000147536,GINS4,0.4740812332109364
ENSG00000224041,IGKV3D-15,0.47396799488772406
ENSG00000160551,TAOK1,0.4731035820282879
ENSG00000250942,ENPP7P11,0.4727224820973463
ENSG00000125676,THOC2,0.47266024853288685
ENSG00000143641,GALNT2,0.4726461430103441
ENSG00000110880,CORO1C,0.4722742903912518
ENSG00000071242,RPS6KA2,0.47208350187564124
