accession,source,role,used_in
GSE186249,NCBI GEO,primary,organoid-tissue fidelity scan (src/geo_fidelity*.py)
GSE208684,NCBI GEO,primary,organoid-tissue fidelity scan (src/geo_fidelity*.py)
GSE212099,NCBI GEO,primary,organoid-tissue fidelity scan (src/geo_fidelity*.py)
GSE214340,NCBI GEO,primary,organoid-tissue fidelity scan (src/geo_fidelity*.py)
GSE216198,NCBI GEO,primary,organoid-tissue fidelity scan (src/geo_fidelity*.py)
GSE217044,NCBI GEO,primary,organoid-tissue fidelity scan (src/geo_fidelity*.py)
GSE229907,NCBI GEO,primary,organoid-tissue fidelity scan (src/geo_fidelity*.py)
GSE230046,NCBI GEO,primary,organoid-tissue fidelity scan (src/geo_fidelity*.py)
GSE236379,NCBI GEO,primary,organoid-tissue fidelity scan (src/geo_fidelity*.py)
GSE246793,NCBI GEO,primary,organoid-tissue fidelity scan (src/geo_fidelity*.py)
GSE248031,NCBI GEO,primary,organoid-tissue fidelity scan (src/geo_fidelity*.py)
GSE248110,NCBI GEO,primary,organoid-tissue fidelity scan (src/geo_fidelity*.py)
GSE248844,NCBI GEO,primary,organoid-tissue fidelity scan (src/geo_fidelity*.py)
GSE252055,NCBI GEO,primary,organoid-tissue fidelity scan (src/geo_fidelity*.py)
GSE252464,NCBI GEO,primary,organoid-tissue fidelity scan (src/geo_fidelity*.py)
GSE261998,NCBI GEO,primary,organoid-tissue fidelity scan (src/geo_fidelity*.py)
GSE263840,NCBI GEO,primary,organoid-tissue fidelity scan (src/geo_fidelity*.py)
GSE265851,NCBI GEO,primary,organoid-tissue fidelity scan (src/geo_fidelity*.py)
GSE266030,NCBI GEO,primary,organoid-tissue fidelity scan (src/geo_fidelity*.py)
GSE266551,NCBI GEO,primary,organoid-tissue fidelity scan (src/geo_fidelity*.py)
GSE269369,NCBI GEO,primary,organoid-tissue fidelity scan (src/geo_fidelity*.py)
GSE269571,NCBI GEO,primary,organoid-tissue fidelity scan (src/geo_fidelity*.py)
GSE269871,NCBI GEO,primary,organoid-tissue fidelity scan (src/geo_fidelity*.py)
GSE271315,NCBI GEO,primary,organoid-tissue fidelity scan (src/geo_fidelity*.py)
GSE271749,NCBI GEO,primary,organoid-tissue fidelity scan (src/geo_fidelity*.py)
GSE274325,NCBI GEO,primary,organoid-tissue fidelity scan (src/geo_fidelity*.py)
GSE274584,NCBI GEO,primary,organoid-tissue fidelity scan (src/geo_fidelity*.py)
GSE276170,NCBI GEO,primary,organoid-tissue fidelity scan (src/geo_fidelity*.py)
GSE276230,NCBI GEO,primary,organoid-tissue fidelity scan (src/geo_fidelity*.py)
GSE277920,NCBI GEO,primary,organoid-tissue fidelity scan (src/geo_fidelity*.py)
GSE278562,NCBI GEO,primary,organoid-tissue fidelity scan (src/geo_fidelity*.py)
GSE278954,NCBI GEO,primary,organoid-tissue fidelity scan (src/geo_fidelity*.py)
GSE280257,NCBI GEO,primary,organoid-tissue fidelity scan (src/geo_fidelity*.py)
GSE280918,NCBI GEO,primary,organoid-tissue fidelity scan (src/geo_fidelity*.py)
GSE281080,NCBI GEO,primary,organoid-tissue fidelity scan (src/geo_fidelity*.py)
GSE282444,NCBI GEO,primary,organoid-tissue fidelity scan (src/geo_fidelity*.py)
GSE282649,NCBI GEO,primary,organoid-tissue fidelity scan (src/geo_fidelity*.py)
GSE284019,NCBI GEO,primary,organoid-tissue fidelity scan (src/geo_fidelity*.py)
GSE284755,NCBI GEO,primary,organoid-tissue fidelity scan (src/geo_fidelity*.py)
GSE284761,NCBI GEO,primary,organoid-tissue fidelity scan (src/geo_fidelity*.py)
GSE285436,NCBI GEO,primary,organoid-tissue fidelity scan (src/geo_fidelity*.py)
GSE285503,NCBI GEO,primary,organoid-tissue fidelity scan (src/geo_fidelity*.py)
GSE285905,NCBI GEO,primary,organoid-tissue fidelity scan (src/geo_fidelity*.py)
GSE286416,NCBI GEO,primary,organoid-tissue fidelity scan (src/geo_fidelity*.py)
GSE286890,NCBI GEO,primary,organoid-tissue fidelity scan (src/geo_fidelity*.py)
GSE287183,NCBI GEO,primary,organoid-tissue fidelity scan (src/geo_fidelity*.py)
GSE287262,NCBI GEO,primary,organoid-tissue fidelity scan (src/geo_fidelity*.py)
GSE287925,NCBI GEO,primary,organoid-tissue fidelity scan (src/geo_fidelity*.py)
GSE288008,NCBI GEO,primary,organoid-tissue fidelity scan (src/geo_fidelity*.py)
GSE288165,NCBI GEO,primary,organoid-tissue fidelity scan (src/geo_fidelity*.py)
GSE288179,NCBI GEO,primary,organoid-tissue fidelity scan (src/geo_fidelity*.py)
GSE288661,NCBI GEO,primary,organoid-tissue fidelity scan (src/geo_fidelity*.py)
GSE288724,NCBI GEO,primary,organoid-tissue fidelity scan (src/geo_fidelity*.py)
GSE289072,NCBI GEO,primary,organoid-tissue fidelity scan (src/geo_fidelity*.py)
GSE289912,NCBI GEO,primary,organoid-tissue fidelity scan (src/geo_fidelity*.py)
GSE290744,NCBI GEO,primary,organoid-tissue fidelity scan (src/geo_fidelity*.py)
GSE291524,NCBI GEO,primary,organoid-tissue fidelity scan (src/geo_fidelity*.py)
GSE291768,NCBI GEO,primary,organoid-tissue fidelity scan (src/geo_fidelity*.py)
GSE292512,NCBI GEO,primary,organoid-tissue fidelity scan (src/geo_fidelity*.py)
GSE292601,NCBI GEO,primary,organoid-tissue fidelity scan (src/geo_fidelity*.py)
GSE292624,NCBI GEO,primary,organoid-tissue fidelity scan (src/geo_fidelity*.py)
GSE293756,NCBI GEO,primary,organoid-tissue fidelity scan (src/geo_fidelity*.py)
GSE294532,NCBI GEO,primary,organoid-tissue fidelity scan (src/geo_fidelity*.py)
GSE296672,NCBI GEO,primary,organoid-tissue fidelity scan (src/geo_fidelity*.py)
GSE297090,NCBI GEO,primary,organoid-tissue fidelity scan (src/geo_fidelity*.py)
GSE298419,NCBI GEO,primary,organoid-tissue fidelity scan (src/geo_fidelity*.py)
GSE298420,NCBI GEO,primary,organoid-tissue fidelity scan (src/geo_fidelity*.py)
GSE298576,NCBI GEO,primary,organoid-tissue fidelity scan (src/geo_fidelity*.py)
GSE298600,NCBI GEO,primary,organoid-tissue fidelity scan (src/geo_fidelity*.py)
GSE298818,NCBI GEO,primary,organoid-tissue fidelity scan (src/geo_fidelity*.py)
GSE298876,NCBI GEO,primary,organoid-tissue fidelity scan (src/geo_fidelity*.py)
GSE298933,NCBI GEO,primary,organoid-tissue fidelity scan (src/geo_fidelity*.py)
GSE299477,NCBI GEO,primary,organoid-tissue fidelity scan (src/geo_fidelity*.py)
GSE299913,NCBI GEO,primary,organoid-tissue fidelity scan (src/geo_fidelity*.py)
GSE300013,NCBI GEO,primary,organoid-tissue fidelity scan (src/geo_fidelity*.py)
GSE300073,NCBI GEO,primary,organoid-tissue fidelity scan (src/geo_fidelity*.py)
GSE300839,NCBI GEO,primary,organoid-tissue fidelity scan (src/geo_fidelity*.py)
GSE301725,NCBI GEO,primary,organoid-tissue fidelity scan (src/geo_fidelity*.py)
GSE301846,NCBI GEO,primary,organoid-tissue fidelity scan (src/geo_fidelity*.py)
GSE302327,NCBI GEO,primary,organoid-tissue fidelity scan (src/geo_fidelity*.py)
GSE302756,NCBI GEO,primary,organoid-tissue fidelity scan (src/geo_fidelity*.py)
GSE303090,NCBI GEO,primary,organoid-tissue fidelity scan (src/geo_fidelity*.py)
GSE303677,NCBI GEO,primary,organoid-tissue fidelity scan (src/geo_fidelity*.py)
GSE303741,NCBI GEO,primary,organoid-tissue fidelity scan (src/geo_fidelity*.py)
GSE303837,NCBI GEO,primary,organoid-tissue fidelity scan (src/geo_fidelity*.py)
GSE303838,NCBI GEO,primary,organoid-tissue fidelity scan (src/geo_fidelity*.py)
GSE304110,NCBI GEO,primary,organoid-tissue fidelity scan (src/geo_fidelity*.py)
GSE304202,NCBI GEO,primary,organoid-tissue fidelity scan (src/geo_fidelity*.py)
GSE304203,NCBI GEO,primary,organoid-tissue fidelity scan (src/geo_fidelity*.py)
GSE304206,NCBI GEO,primary,organoid-tissue fidelity scan (src/geo_fidelity*.py)
GSE304208,NCBI GEO,primary,organoid-tissue fidelity scan (src/geo_fidelity*.py)
GSE304936,NCBI GEO,primary,organoid-tissue fidelity scan (src/geo_fidelity*.py)
GSE305319,NCBI GEO,primary,organoid-tissue fidelity scan (src/geo_fidelity*.py)
GSE305512,NCBI GEO,primary,organoid-tissue fidelity scan (src/geo_fidelity*.py)
GSE305923,NCBI GEO,primary,organoid-tissue fidelity scan (src/geo_fidelity*.py)
GSE305958,NCBI GEO,primary,organoid-tissue fidelity scan (src/geo_fidelity*.py)
GSE306057,NCBI GEO,primary,organoid-tissue fidelity scan (src/geo_fidelity*.py)
GSE306080,NCBI GEO,primary,organoid-tissue fidelity scan (src/geo_fidelity*.py)
GSE306909,NCBI GEO,primary,organoid-tissue fidelity scan (src/geo_fidelity*.py)
GSE306982,NCBI GEO,primary,organoid-tissue fidelity scan (src/geo_fidelity*.py)
GSE307124,NCBI GEO,primary,organoid-tissue fidelity scan (src/geo_fidelity*.py)
GSE307568,NCBI GEO,primary,organoid-tissue fidelity scan (src/geo_fidelity*.py)
GSE308083,NCBI GEO,primary,organoid-tissue fidelity scan (src/geo_fidelity*.py)
GSE309532,NCBI GEO,primary,organoid-tissue fidelity scan (src/geo_fidelity*.py)
GSE309669,NCBI GEO,primary,organoid-tissue fidelity scan (src/geo_fidelity*.py)
GSE309755,NCBI GEO,primary,organoid-tissue fidelity scan (src/geo_fidelity*.py)
GSE309795,NCBI GEO,primary,organoid-tissue fidelity scan (src/geo_fidelity*.py)
GSE309917,NCBI GEO,primary,organoid-tissue fidelity scan (src/geo_fidelity*.py)
GSE310408,NCBI GEO,primary,organoid-tissue fidelity scan (src/geo_fidelity*.py)
GSE310492,NCBI GEO,primary,organoid-tissue fidelity scan (src/geo_fidelity*.py)
GSE310845,NCBI GEO,primary,organoid-tissue fidelity scan (src/geo_fidelity*.py)
GSE310948,NCBI GEO,primary,organoid-tissue fidelity scan (src/geo_fidelity*.py)
GSE311632,NCBI GEO,primary,organoid-tissue fidelity scan (src/geo_fidelity*.py)
GSE311760,NCBI GEO,primary,organoid-tissue fidelity scan (src/geo_fidelity*.py)
GSE312700,NCBI GEO,primary,organoid-tissue fidelity scan (src/geo_fidelity*.py)
GSE312708,NCBI GEO,primary,organoid-tissue fidelity scan (src/geo_fidelity*.py)
GSE312711,NCBI GEO,primary,organoid-tissue fidelity scan (src/geo_fidelity*.py)
GSE312713,NCBI GEO,primary,organoid-tissue fidelity scan (src/geo_fidelity*.py)
GSE313206,NCBI GEO,primary,organoid-tissue fidelity scan (src/geo_fidelity*.py)
GSE314639,NCBI GEO,primary,organoid-tissue fidelity scan (src/geo_fidelity*.py)
GSE314657,NCBI GEO,primary,organoid-tissue fidelity scan (src/geo_fidelity*.py)
GSE315569,NCBI GEO,primary,organoid-tissue fidelity scan (src/geo_fidelity*.py)
GSE316426,NCBI GEO,primary,organoid-tissue fidelity scan (src/geo_fidelity*.py)
GSE316631,NCBI GEO,primary,organoid-tissue fidelity scan (src/geo_fidelity*.py)
GSE316654,NCBI GEO,primary,organoid-tissue fidelity scan (src/geo_fidelity*.py)
GSE316780,NCBI GEO,primary,organoid-tissue fidelity scan (src/geo_fidelity*.py)
GSE317332,NCBI GEO,primary,organoid-tissue fidelity scan (src/geo_fidelity*.py)
GSE319169,NCBI GEO,primary,organoid-tissue fidelity scan (src/geo_fidelity*.py)
GSE319208,NCBI GEO,primary,organoid-tissue fidelity scan (src/geo_fidelity*.py)
GSE319859,NCBI GEO,primary,organoid-tissue fidelity scan (src/geo_fidelity*.py)
GSE319878,NCBI GEO,primary,organoid-tissue fidelity scan (src/geo_fidelity*.py)
GSE320151,NCBI GEO,primary,organoid-tissue fidelity scan (src/geo_fidelity*.py)
GSE322610,NCBI GEO,primary,organoid-tissue fidelity scan (src/geo_fidelity*.py)
GSE323363,NCBI GEO,primary,organoid-tissue fidelity scan (src/geo_fidelity*.py)
GSE325553,NCBI GEO,primary,organoid-tissue fidelity scan (src/geo_fidelity*.py)
GSE329052,NCBI GEO,primary,organoid-tissue fidelity scan (src/geo_fidelity*.py)
GSE330358,NCBI GEO,primary,organoid-tissue fidelity scan (src/geo_fidelity*.py)
GSE330696,NCBI GEO,primary,organoid-tissue fidelity scan (src/geo_fidelity*.py)
GSE331048,NCBI GEO,primary,organoid-tissue fidelity scan (src/geo_fidelity*.py)
GSE331309,NCBI GEO,primary,organoid-tissue fidelity scan (src/geo_fidelity*.py)
GSE331395,NCBI GEO,primary,organoid-tissue fidelity scan (src/geo_fidelity*.py)
GSE334500,NCBI GEO,primary,organoid-tissue fidelity scan (src/geo_fidelity*.py)
GSE335053,NCBI GEO,primary,organoid-tissue fidelity scan (src/geo_fidelity*.py)
GSE335562,NCBI GEO,primary,organoid-tissue fidelity scan (src/geo_fidelity*.py)
GSE335920,NCBI GEO,primary,organoid-tissue fidelity scan (src/geo_fidelity*.py)
GSE336415,NCBI GEO,primary,organoid-tissue fidelity scan (src/geo_fidelity*.py)
GSE338895,NCBI GEO,primary,organoid-tissue fidelity scan (src/geo_fidelity*.py)
GSE341690,NCBI GEO,primary,organoid-tissue fidelity scan (src/geo_fidelity*.py)
GSE343459,NCBI GEO,primary,organoid-tissue fidelity scan (src/geo_fidelity*.py)
GSE346894,NCBI GEO,primary,organoid-tissue fidelity scan (src/geo_fidelity*.py)
GSE347768,NCBI GEO,primary,organoid-tissue fidelity scan (src/geo_fidelity*.py)
E-MTAB-9044,EBI ArrayExpress/BioStudies,primary,pre-registered replication (src/ae_replication.py)
E-MTAB-12822,EBI ArrayExpress/BioStudies,primary,pre-registered replication (src/ae_replication.py)
E-MTAB-9807,EBI ArrayExpress/BioStudies,primary,pre-registered replication (src/ae_replication.py)
E-MTAB-11221,EBI ArrayExpress/BioStudies,primary,pre-registered replication (src/ae_replication.py)
E-MTAB-9134,EBI ArrayExpress/BioStudies,primary,pre-registered replication (src/ae_replication.py)
E-MTAB-11297,EBI ArrayExpress/BioStudies,primary,pre-registered replication (src/ae_replication.py)
E-MTAB-13901,EBI ArrayExpress/BioStudies,primary,pre-registered replication (src/ae_replication.py)
E-MTAB-6017,EBI ArrayExpress/BioStudies,primary,pre-registered replication (src/ae_replication.py)
E-MTAB-13578,EBI ArrayExpress/BioStudies,primary,pre-registered replication (src/ae_replication.py)
E-MTAB-17066,EBI ArrayExpress/BioStudies,primary,pre-registered replication (src/ae_replication.py)
E-MTAB-10037,EBI ArrayExpress/BioStudies,primary,pre-registered replication (src/ae_replication.py)
zenodo:10610438,Zenodo (OrgaSegment DIS/FIS),primary,size-attenuation analysis
zenodo:10278229,Zenodo (OrgaSegment images),primary,U-Net segmentation benchmark
GTEx v8 median TPM (dbGaP phs000424),GTEx portal,reference,tissue reference for fidelity
HPA single-cell type enhancement,Human Protein Atlas API,reference,purity gene sets
MSigDB Hallmark v2023.2,MSigDB,reference,culture gene sets
HGNC locus groups,HGNC,reference,protein-coding filter
