gse,n_gsm,frac_organoid,frac_non_organoid,status
GSE343459,6,0.0,1.0,ok
GSE329052,12,1.0,0.0,ok
GSE341690,18,1.0,0.0,ok
GSE331309,16,1.0,0.0,ok
GSE330696,24,1.0,0.0,ok
GSE335920,48,1.0,0.0,ok
GSE313206,14,0.7857142857142857,0.21428571428571427,ok
GSE338895,42,1.0,0.0,ok
GSE301846,31,1.0,0.0,ok
GSE304208,12,1.0,0.0,ok
GSE304206,5,1.0,0.0,ok
GSE304203,8,1.0,0.0,ok
GSE304202,12,1.0,0.0,ok
GSE277920,12,0.0,1.0,ok
GSE323363,12,0.0,1.0,ok
GSE314639,7,1.0,0.0,ok
GSE335562,3,0.0,1.0,ok
GSE310948,14,0.0,1.0,ok
GSE331395,24,0.0,1.0,ok
GSE312713,6,1.0,0.0,ok
GSE312711,12,0.0,1.0,ok
GSE312708,6,0.0,1.0,ok
GSE298420,12,0.0,1.0,ok
GSE298419,15,0.0,1.0,ok
GSE261999,8,0.0,1.0,ok
GSE261998,10,0.0,1.0,ok
GSE298933,6,0.0,1.0,ok
GSE330358,36,0.0,1.0,ok
GSE319208,6,0.0,1.0,ok
GSE309917,12,1.0,0.0,ok
GSE276230,8,0.0,1.0,ok
GSE289072,24,1.0,0.0,ok
GSE331048,18,0.0,1.0,ok
GSE312700,6,0.0,1.0,ok
GSE303838,48,0.0,1.0,ok
GSE316631,3,0.0,1.0,ok
GSE309669,8,0.0,1.0,ok
GSE319859,28,1.0,0.0,ok
GSE278562,18,1.0,0.0,ok
GSE269571,24,0.0,1.0,ok
GSE319878,171,0.0,1.0,ok
GSE288724,20,1.0,0.0,ok
GSE299913,6,1.0,0.0,ok
GSE322610,12,0.0,1.0,ok
GSE304936,9,0.8888888888888888,0.1111111111111111,ok
GSE282444,56,1.0,0.0,ok
GSE302756,4,0.0,1.0,ok
GSE292624,13,1.0,0.0,ok
GSE316426,15,0.0,1.0,ok
GSE298876,15,0.0,1.0,ok
GSE307568,189,1.0,0.0,ok
GSE263840,9,0.0,1.0,ok
GSE303090,12,1.0,0.0,ok
GSE317332,21,1.0,0.0,ok
GSE316780,32,1.0,0.0,ok
GSE302327,29,1.0,0.0,ok
GSE310408,12,0.0,1.0,ok
GSE285905,9,0.0,1.0,ok
GSE310492,13,0.6153846153846154,0.38461538461538464,ok
GSE230046,21,0.0,1.0,ok
GSE284761,29,1.0,0.0,ok
GSE284755,30,1.0,0.0,ok
GSE309755,66,1.0,0.0,ok
GSE288008,12,0.0,1.0,ok
GSE311760,18,1.0,0.0,ok
GSE306057,12,0.0,1.0,ok
GSE310845,20,0.0,1.0,ok
GSE309795,72,0.2916666666666667,0.7083333333333334,ok
GSE300073,18,0.0,1.0,ok
GSE298600,9,0.0,1.0,ok
GSE306909,19,0.0,1.0,ok
GSE280918,9,0.0,1.0,ok
GSE217044,14,1.0,0.0,ok
GSE248844,12,0.0,1.0,ok
GSE297090,40,1.0,0.0,ok
GSE285503,4,0.0,1.0,ok
GSE216198,8,1.0,0.0,ok
GSE294532,63,0.0,1.0,ok
GSE186249,11,1.0,0.0,ok
GSE309532,8,0.0,1.0,ok
GSE292512,18,0.6666666666666666,0.3333333333333333,ok
GSE288179,105,1.0,0.0,ok
GSE308083,6,0.0,1.0,ok
GSE214340,6,0.0,1.0,ok
GSE266551,23,1.0,0.0,ok
GSE276170,48,1.0,0.0,ok
GSE282649,15,0.0,1.0,ok
GSE307124,3,1.0,0.0,ok
GSE300013,13,1.0,0.0,ok
GSE305958,14,0.0,1.0,ok
GSE212099,27,0.0,1.0,ok
GSE305923,72,0.08333333333333333,0.9166666666666666,ok
GSE301725,13,1.0,0.0,ok
GSE300839,30,0.0,1.0,ok
GSE236379,12,1.0,0.0,ok
GSE304110,11,0.0,1.0,ok
GSE303741,9,0.0,0.0,ok
GSE265851,30,0.0,1.0,ok
GSE246793,18,0.0,1.0,ok
GSE288661,6,1.0,0.0,ok
GSE281080,24,1.0,0.0,ok
GSE298576,24,0.875,0.0,ok
GSE271315,22,0.7272727272727273,0.2727272727272727,ok
GSE208684,81,1.0,0.0,ok
GSE271749,9,0.0,1.0,ok
GSE280257,6,0.0,1.0,ok
GSE289912,32,1.0,0.0,ok
GSE288165,14,0.0,1.0,ok
GSE285436,4,0.0,1.0,ok
GSE248110,30,0.8,0.2,ok
GSE252055,83,0.927710843373494,0.07228915662650602,ok
GSE291768,18,0.0,1.0,ok
GSE293756,6,0.0,1.0,ok
GSE287925,24,0.0,1.0,ok
