gse,status
GSE335477,no_usable_matrix
GSE307013,no_usable_matrix
GSE278954,ok
GSE347768,ok
GSE342684,no_usable_matrix
GSE317981,no_usable_matrix
GSE343459,ok
GSE347528,no_usable_matrix
GSE329052,ok
GSE346894,ok
GSE325111,no_usable_matrix
GSE311792,no_usable_matrix
GSE341690,ok
GSE331309,ok
GSE330696,ok
GSE335920,ok
GSE344683,no_usable_matrix
GSE343714,no_usable_matrix
GSE332970,no_usable_matrix
GSE313206,ok
GSE307787,no_usable_matrix
GSE305943,no_usable_matrix
GSE325828,no_usable_matrix
GSE303837,ok
GSE312429,no_usable_matrix
GSE338895,ok
GSE333837,no_usable_matrix
GSE327308,no_usable_matrix
GSE344256,no_usable_matrix
GSE305512,ok
GSE305319,ok
GSE343131,no_usable_matrix
GSE335470,no_usable_matrix
GSE294920,no_usable_matrix
GSE304710,no_usable_matrix
GSE301846,ok
GSE304208,ok
GSE304206,ok
GSE304203,ok
GSE304202,ok
GSE304575,no_usable_matrix
GSE277920,ok
GSE339404,no_usable_matrix
GSE316654,ok
GSE310993,no_usable_matrix
GSE336415,ok
GSE336319,no_usable_matrix
GSE335053,ok
GSE337888,no_usable_matrix
GSE333276,no_usable_matrix
GSE323363,ok
GSE329325,no_usable_matrix
GSE303509,no_usable_matrix
GSE301790,no_usable_matrix
GSE336733,no_usable_matrix
GSE294255,no_usable_matrix
GSE311632,ok
GSE299214,no_usable_matrix
GSE292601,ok
GSE307112,no_usable_matrix
GSE291018,no_usable_matrix
GSE314639,ok
GSE314657,ok
GSE335562,ok
GSE318601,no_usable_matrix
GSE310948,ok
GSE331395,ok
GSE245825,no_usable_matrix
GSE328362,no_usable_matrix
GSE334500,ok
GSE312713,ok
GSE312711,ok
GSE312708,ok
GSE298420,ok
GSE298419,ok
GSE262166,no_usable_matrix
GSE261999,ok
GSE261998,ok
GSE261997,no_usable_matrix
GSE299260,no_usable_matrix
GSE296811,no_usable_matrix
GSE296808,no_usable_matrix
GSE312195,parse:ParserError
GSE312194,parse:ParserError
GSE298933,ok
GSE248031,ok
GSE330358,ok
GSE319208,ok
GSE309917,ok
GSE290744,ok
GSE276230,ok
GSE289072,ok
GSE331048,ok
GSE297066,no_usable_matrix
GSE292560,no_usable_matrix
GSE330233,parse:ParserError
GSE294811,no_usable_matrix
GSE312700,ok
GSE298027,no_usable_matrix
GSE303838,ok
GSE320151,ok
GSE316631,ok
GSE309739,no_usable_matrix
GSE309669,ok
GSE319859,ok
GSE278562,ok
GSE269571,ok
GSE229907,ok
GSE319878,ok
GSE319169,ok
GSE288724,ok
GSE299913,ok
GSE320583,no_usable_matrix
GSE301179,no_usable_matrix
GSE313826,parse:ParserError
GSE288172,no_usable_matrix
GSE197050,no_usable_matrix
GSE325553,ok
GSE325515,parse:UnicodeDecodeError
GSE249826,no_usable_matrix
GSE319077,no_usable_matrix
GSE304228,no_usable_matrix
GSE322610,ok
GSE316118,no_usable_matrix
GSE304936,ok
GSE282444,ok
GSE306080,ok
GSE302756,ok
GSE292624,ok
GSE316426,ok
GSE308548,no_usable_matrix
GSE298876,ok
GSE289682,no_usable_matrix
GSE289679,no_usable_matrix
GSE289678,no_usable_matrix
GSE289676,no_usable_matrix
GSE307568,ok
GSE286416,ok
GSE263840,ok
GSE318347,no_usable_matrix
GSE318346,no_usable_matrix
GSE308455,no_usable_matrix
GSE309847,no_usable_matrix
GSE299477,ok
GSE280050,no_usable_matrix
GSE303090,ok
GSE317332,ok
GSE316780,ok
GSE313170,no_usable_matrix
GSE287429,no_usable_matrix
GSE302327,ok
GSE310408,ok
GSE300603,no_usable_matrix
GSE300602,no_usable_matrix
GSE230051,parse:ValueError
GSE315569,ok
GSE285905,ok
GSE296099,no_usable_matrix
GSE303677,ok
GSE310492,ok
GSE312098,parse:UnicodeDecodeError
GSE311016,parse:UnicodeDecodeError
GSE230046,ok
GSE292020,no_usable_matrix
GSE284761,ok
GSE284755,ok
GSE304935,no_usable_matrix
GSE246298,no_usable_matrix
GSE309755,ok
GSE288008,ok
GSE311760,ok
GSE306057,ok
GSE274326,no_usable_matrix
GSE274325,ok
GSE310845,ok
GSE298927,no_usable_matrix
GSE293211,no_usable_matrix
GSE311252,parse:ParserError
GSE308529,parse:ParserError
GSE248505,no_usable_matrix
GSE282845,no_usable_matrix
GSE309795,ok
GSE300073,ok
GSE298600,ok
GSE291524,ok
GSE288422,no_usable_matrix
GSE306909,ok
GSE287262,ok
GSE280918,ok
GSE217044,ok
GSE248844,ok
GSE297090,ok
GSE285503,ok
GSE216198,ok
GSE294532,ok
GSE286890,ok
GSE186249,ok
GSE309532,ok
GSE292512,ok
GSE288179,ok
GSE308083,ok
GSE306982,ok
GSE294823,no_usable_matrix
GSE266030,ok
GSE256142,no_usable_matrix
GSE254558,no_usable_matrix
GSE214340,ok
GSE308670,no_usable_matrix
GSE284019,ok
GSE266551,ok
GSE237625,no_usable_matrix
GSE237624,no_usable_matrix
GSE237623,no_usable_matrix
GSE276170,ok
GSE282649,ok
GSE269316,no_usable_matrix
GSE307124,ok
GSE300013,ok
GSE303918,no_usable_matrix
GSE303453,no_usable_matrix
GSE303979,no_usable_matrix
GSE212501,no_usable_matrix
GSE272014,no_usable_matrix
GSE305958,ok
GSE212099,ok
GSE305923,ok
GSE301725,ok
GSE300839,ok
GSE241360,no_usable_matrix
GSE242426,no_usable_matrix
GSE236379,ok
GSE294276,no_usable_matrix
GSE305186,no_usable_matrix
GSE304110,ok
GSE303741,ok
GSE283868,parse:ParserError
GSE265851,ok
GSE264217,no_usable_matrix
GSE246793,ok
GSE272860,no_usable_matrix
GSE288661,ok
GSE281080,ok
GSE287183,ok
GSE302054,no_usable_matrix
GSE298576,ok
GSE271315,ok
GSE250482,no_usable_matrix
GSE267990,no_usable_matrix
GSE267510,no_usable_matrix
GSE208684,ok
GSE285923,no_usable_matrix
GSE274584,ok
GSE287566,no_usable_matrix
GSE271749,ok
GSE301276,no_usable_matrix
GSE292959,no_usable_matrix
GSE269871,ok
GSE296672,ok
GSE280257,ok
GSE283597,no_usable_matrix
GSE289912,ok
GSE285272,no_usable_matrix
GSE297770,no_usable_matrix
GSE281963,no_usable_matrix
GSE271264,no_usable_matrix
GSE271148,no_usable_matrix
GSE264201,no_usable_matrix
GSE298818,ok
GSE299171,no_usable_matrix
GSE269369,ok
GSE298715,no_usable_matrix
GSE220784,parse:ValueError
GSE296173,no_usable_matrix
GSE283265,no_usable_matrix
GSE226196,no_usable_matrix
GSE226195,no_usable_matrix
GSE282290,no_usable_matrix
GSE288165,ok
GSE285436,ok
GSE248110,ok
GSE247960,no_usable_matrix
GSE290442,parse:ParserError
GSE252464,ok
GSE252055,ok
GSE295767,no_usable_matrix
GSE289746,parse:UnicodeDecodeError
GSE288560,parse:UnicodeDecodeError
GSE291768,ok
GSE293756,ok
GSE262517,no_usable_matrix
GSE287925,ok
GSE217649,no_usable_matrix
GSE276745,no_usable_matrix
