gse,title,organ,file,n_samples,n_genes,rho_match,best_tissue,rho_best,rank_match,z_match,pdat
GSE278954,Liver Disease Reveals KIF12 as a Critical Regulator of Organelle Localization,Liver,GSE278954_raw_counts.txt.gz,10,56088,0.36013444225742375,Pancreas,0.4887611524679756,29,-0.03314997927451661,2026/09/23
GSE347768,Reprogramming tumor-colonizing bacteria into modular immune cell engagers,Colon - Transverse,GSE347768_gene_count.txt.gz,15,55849,0.38092059937988293,Cells - EBV-transformed lymphocytes,0.5552721630902492,7,0.8028387844857879,2026/09/22
GSE343459,IFNAR1-dependent transcriptomic changes in fibroblasts upon skin organoid development,Skin - Sun Exposed (Lower leg),GSE343459_Cas9HSE_IFNAR1HSE_expression_expected_count.txt.gz,6,23200,0.6389977933160566,Cells - Cultured fibroblasts,0.8161324113502203,7,0.8779612607372327,2026/09/18
GSE329052,MEK inhibition induces persistent growth arrest through Wnt hyperactivation in KRAS wild-type colorectal cancer,Colon - Transverse,GSE329052_all.normalised_counts.tsv.gz,12,28018,0.4330893901901979,Colon - Transverse,0.4330893901901979,1,1.8197334095903073,2026/09/16
GSE346894,Longitudinal Analysis of Matched Patient Biospecimens Reveals Neural Reprogramming of Cancer-Associated Fibroblasts Following Chemotherapy in Pancreatic Cancer,Pancreas,GSE346894_gene_info.csv.gz,1,54629,0.05408485749013136,Brain - Cerebellar Hemisphere,0.28215075059973416,39,-0.6959231883552307,2026/09/11
GSE341690,mTORC1 activation drives astrocyte reactivity in cortical tubers and brain organoid models of TSC [Bulk RNA-seq],Brain - Cortex,GSE341690_gene_counts_matrix.csv.gz,18,34412,0.725354136576421,Brain - Anterior cingulate cortex (BA24),0.725354136576421,1,1.6900393699610001,2026/09/05
GSE331309,Transcriptional profiling of necroptotic signalling in IFNγ/TNF-treated human colonocyte organoids with BCL2-mediated apoptosis blockade,Colon - Transverse,GSE331309_Counts_for_GEO.txt.gz,17,36374,0.4267641246597964,Pancreas,0.5094469997463775,10,1.0571942551957931,2026/09/03
GSE330696,Bulk RNA-seq of human colonic organoids treated with IFNγ and TNF,Colon - Transverse,GSE330696_Counts_for_GEO.txt.gz,25,36374,0.4086904236088944,Pancreas,0.47941860721956153,11,1.161243979199849,2026/09/03
GSE335920,Effects of therapeutic acetaminophen exposure on human cortical organoid development [RNA-seq],Brain - Cortex,GSE335920_raw_counts_BulkRNAseq_APAP_organoids.csv.gz,48,55484,0.6452811780361435,Brain - Hypothalamus,0.6452811780361435,1,1.6033915507440493,2026/09/02
GSE313206,β-Hydroxybutyrate promotes dopaminergic induction via H3K27ac remodeling in human midbrain organoids [RNA-seq],Brain - Cortex,GSE313206_raw_counts_mbo.tsv.gz,14,55598,0.5887938978066015,Brain - Hypothalamus,0.5887938978066015,1,1.5211201412307827,2026/08/31
GSE303837,Therapeutic efficacy of sup-tRNA in CFTR-mutated human bronchial epithelial (HBE) cells,Lung,GSE303837_count_data.csv.gz,9,54629,0.3613626912190905,Cells - Cultured fibroblasts,0.5419037038675955,20,0.29213196867186814,2026/08/27
GSE338895,Epigenetic Reprogramming Alters Human Intestinal Stem Cell Fate in Pouchitis,Colon - Transverse,GSE338895_RNAseq_gene_counts.csv.gz,12,29834,nan,Pancreas,nan,20,nan,2026/08/25
GSE305512,Self-organizing human dual neural organoids model sensory ganglion-spinal cord co-development and region-specific disease defects [BulkRNA_PRDM12_KO],Brain - Cortex,GSE305512_counts_PRDM12_KO.csv.gz,6,34418,0.6418388253032351,Brain - Hypothalamus,0.6418388253032351,1,1.5661177855668231,2026/08/24
GSE305319,Self-organizing human dual neural organoids model sensory ganglion-spinal cord co-development and region-specific disease defects [BulkRNA_GFP],Brain - Cortex,GSE305319_counts_final_GFP.csv.gz,4,34418,0.508644134484749,Cells - Cultured fibroblasts,0.5519479581832107,6,0.9326630539152478,2026/08/24
GSE301846,co-cultures of mesenchymal cells with epithelial organoids promote fusion into bioengineered liver tissues by ECM remodeling,Liver,GSE301846_raw.counts.txt.gz,31,51488,0.4631598779161864,Cells - Cultured fibroblasts,0.6232935395964802,21,0.4493294479054504,2026/08/05
GSE304208,Patient-derived airway organoids from BAL fluid model injury and therapy responses in neonatal bronchopulmonary dysplasia [Oxygen Sex Comparisons],Lung,GSE304208_normalized_counts.csv.gz,12,15859,0.3825250321895148,Esophagus - Mucosa,0.6481061038182708,12,0.785413108009158,2026/07/31
GSE304206,Patient-derived airway organoids from BAL fluid model injury and therapy responses in neonatal bronchopulmonary dysplasia [NGFR],Lung,GSE304206_normalized_counts.csv.gz,5,15741,0.3604681732354899,Esophagus - Mucosa,0.6357595561940296,12,0.6841502644662218,2026/07/31
GSE304203,Patient-derived airway organoids from BAL fluid model injury and therapy responses in neonatal bronchopulmonary dysplasia [Oxygen vs Room Air],Lung,GSE304203_normalized_counts.csv.gz,8,14943,0.35465700991861676,Esophagus - Mucosa,0.6572985070999552,14,0.6448671212518178,2026/07/31
GSE304202,Patient-derived airway organoids from BAL fluid model injury and therapy responses in neonatal bronchopulmonary dysplasia [Dexamethasone],Lung,GSE304202_normalized_counts.csv.gz,12,15027,0.34690922197399454,Esophagus - Mucosa,0.6430563550619721,15,0.650019911412461,2026/07/31
GSE277920,Chromatin Accessibility Analysis Reveals Regulatory Dynamics in hESC-Derived Kidney Organoids [RNA-seq],Kidney - Cortex,GSE277920_RNA-seq_EiKOs_tpm.csv.gz,12,32061,0.5129672185814615,Cells - Cultured fibroblasts,0.6107927013108303,19,0.6417892280989796,2026/07/27
GSE316654,Microbiota-Derived Isovalerate Ameliorates Sex-Specific Gut Barrier Dysfunction in Malnutrition,Colon - Transverse,GSE316654_featureCounts-genes-submission.csv.gz,16,55849,0.4464623045197773,Pancreas,0.4992397757194576,7,1.340323466073873,2026/07/24
GSE336415,ZFP36L2 orchestrates stress-adaptive plasticity in intestinal regeneration and colorectal cancer metastasis (ActDseq),Colon - Transverse,GSE336415_decay_MSK107LI_all.csv.gz,4,5129,0.5489392417644106,Cells - Cultured fibroblasts,0.6191363150456656,4,1.5501220212828137,2026/07/20
GSE335053,Fibroblast-derived Spondin-2 promotes dysplastic transition in metaplastic gastric epithelial cells,Stomach,GSE335053_DESeq2_Report.txt.gz,2,16311,0.5182260480540086,Stomach,0.5182260480540086,1,2.0221149948639026,2026/07/20
GSE323363,Inhibition of SIRT7 Overcomes Radioresistance in Pancreatic Neuroendocrine Tumors by Reactivating MEN1 Expression,Pancreas,GSE323363_Processed_data_files_1.txt.gz,6,55849,0.4088129797377537,Pituitary,0.4999498306120617,2,1.5702475127411426,2026/07/15
GSE311632,Peristaltic forces drive tumor cell invasion in colorectal cancer [bulk RNA-seq],Colon - Transverse,GSE311632_bulk_RNA_normalized_counts.csv.gz,10,34870,0.4284816108333395,Pancreas,0.4973312928316425,12,1.0698622375022808,2026/06/30
GSE292601,Epithelial interferon-stimulated gene programs modulate chemotherapy sensitivity in colorectal cancer via EPSTI1,Colon - Transverse,GSE292601_raw_counts_pdtos.txt.gz,62,33464,0.4323837480425499,Pancreas,0.5059826988068308,10,1.1129533339703266,2026/06/30
GSE314639,Oxygenated perfusion enhances hepatocyte function in human iPSC-liver tissue,Liver,GSE314639_230602_processed_RPM.txt.gz,7,18825,0.604361810729302,Liver,0.604361810729302,1,1.3006106553893653,2026/06/23
GSE314657,Two translocation mechanisms drive neural stem cell dissemination into the human fetal cortex,Brain - Cortex,GSE314657_bulk_counts_ensembl_GBM_only.txt.gz,9,55655,0.53833058076724,Cells - Cultured fibroblasts,0.6177883471298861,3,1.0581331275555166,2026/06/21
GSE335562,Glutamate Ionotropic Kainate Receptors as Therapeutic Targets in Enzalutamide-Resistant and Neuroendocrine Prostate Cancer,Prostate,GSE335562_gene_count.txt.gz,6,55849,0.3856727427260263,Prostate,0.3856727427260263,1,2.5022997120471864,2026/06/20
GSE310948,Rewiring Oncogenic Transcriptional Complexes with Domain-ALTeration Chimeras (DALTACs) in Prostate Cancer [RNA-seq],Prostate,GSE310948_CPM_Values_DaltacUpload.csv.gz,14,34532,0.3464980705489368,Pituitary,0.44053145080279754,14,1.0113777856677124,2026/06/18
GSE331395,Replicative senescence in neural progenitors induces senescence-associated markers in midbrain organoids,Brain - Cortex,GSE331395_gene_counts.tsv.gz,24,33585,0.6036218391051063,Brain - Hypothalamus,0.6036218391051063,1,1.5942878283820525,2026/06/17
GSE334500,Psychotropic-drug and neurotransmitter perturbation RNA-seq of human iPSC-derived cardiac and retinal organoids (ToxiPred),Heart - Left Ventricle,GSE334500_DGE_final_Pool1.txt.gz,43,18639,0.5900299118481692,Heart - Left Ventricle,0.5900299118481692,1,2.511580633058616,2026/06/09
GSE312713,Assessment of the effect of CLDN1 knockdown in cholangiocarcinoma patient-derived organoids,Liver,GSE312713_gene_count.tsv.gz,9,55849,0.3217652960060368,Pancreas,0.4621556607621772,19,0.35419383553448364,2026/06/08
GSE312711,Assessment of the effect of CLDN1 knockout in cholangiocarcinoma cells in vivo,Liver,GSE312711_gene_count.tsv.gz,15,55849,0.26056954803184507,Esophagus - Mucosa,0.5670132953424227,34,-0.04304737083789149,2026/06/08
GSE312708,Assessment of the effect of CLDN1 knockout in cholangiocarcinoma cells in vitro,Liver,GSE312708_gene_count.tsv.gz,9,55849,0.24872579684555307,Cells - Cultured fibroblasts,0.5053680898941566,39,-0.36013832582000743,2026/06/08
GSE298420,Treatment of cholangiocarcinoma using humanized monoclonal antibodies targeting Claudin-1 (RNA-Seq of HuCC-A1 CDX tumors short treatment),Liver,GSE298420_gene_counts.tsv.gz,12,55849,0.302546503387025,Skin - Not Sun Exposed (Suprapubic),0.5646591246101792,34,0.023005263312690566,2026/06/08
GSE298419,Characterization of cholangiocarcinoma cell line-derived xenograft (CDX) tumors,Liver,GSE298419_gene_counts.tsv.gz,15,55849,0.3239372041676976,Skin - Not Sun Exposed (Suprapubic),0.5989245804794813,29,0.08078999621476687,2026/06/08
GSE261999,Treatment of cholangiocarcinoma using humanized monoclonal antibodies targeting Claudin-1(PDX tumors),Liver,GSE261999_raw_counts.tsv.gz,7,20475,0.26711703827109295,Pituitary,0.4859962681522111,41,-0.5088070858321909,2026/06/08
GSE261998,Treatment of cholangiocarcinoma using humanized monoclonal antibodies targeting Claudin-1(HuCC-A1 CDX tumors),Liver,GSE261998_gene_counts.tsv.gz,11,55655,0.33378567508572654,Skin - Sun Exposed (Lower leg),0.6277526325894152,38,-0.1478313574768616,2026/06/08
GSE298933,Translational biomarkers of hypoxic brain injury uncovered in CSF secreting human choroid plexus organoids,Brain - Cortex,GSE298933_GMB_HE.txt.gz,3,18825,0.34270992002968015,Pituitary,0.4482984703540286,21,0.17915288977116445,2026/06/01
GSE248031,IGF2BP3 promotes tumour cells survival in organoid pancreatic adenocarcinoma model,Pancreas,GSE248031_counts.csv.gz,24,55558,0.496326486355269,Cells - Cultured fibroblasts,0.5688188633918054,5,1.250319101229296,2026/05/31
GSE330358,CDK4-selective inhibitor AU2-94 for the treatment of advanced and therapy-resistant prostate cancer,Prostate,GSE330358_all_normalised_counts.tsv.gz,36,26359,0.4219515949413243,Prostate,0.4219515949413243,1,2.3273721360899775,2026/05/28
GSE319208,GDPD5-CD55-EGFR Competitive Binding Axis Regulates Radioresistance and Lipid Accumulation in Rectal Cancer,Colon - Transverse,GSE319208_gene.counts.matrix.txt.gz,6,54642,0.3484031885681286,Cells - Cultured fibroblasts,0.4916320753912251,23,0.21478162260971947,2026/05/27
GSE309917,Inducible POU2F3 expression in human intestinal organoids as a model of human tuft cells,Colon - Transverse,GSE309917_featureCounts-genes-submission.csv.gz,12,55849,0.4410808494988758,Pancreas,0.5127007184425222,8,1.262464387522101,2026/05/27
GSE290744,KLF4 promotes a KRT13+ hillock-like state in squamous lung cancer [BEAS_RNA-seq],Lung,GSE290744_BEAS_TRE_Raw_Normalized_Counts_Genes_DESeq2_HTSEQ.csv.gz,4,55926,0.42893227124117234,Cells - Cultured fibroblasts,0.6386667191206206,23,0.3987558560339758,2026/05/27
GSE276230,Transcriptomes of Biliary Atresia patients and healthy controls,Liver,GSE276230_raw_counts_rnaseq_human_BA.txt.gz,8,24154,0.43044266718366575,Stomach,0.5360135104416648,12,0.9230400454930779,2026/05/27
GSE289072,Differential expression in colon epithelial organoids post proinflammatory cocktail stimulation,Colon - Transverse,GSE289072_gene_counts.tsv.gz,24,55254,0.4177492714414123,Skin - Not Sun Exposed (Suprapubic),0.5017526420098085,11,1.0185927970468043,2026/05/26
GSE331048,A Ligandable PNT-Domain Establishes ERG as a Directly Targetable Oncogenic Driver in Prostate Cancer,Prostate,GSE331048_counts.csv.gz,18,21661,0.35035322980277195,Pituitary,0.40046113696380875,3,1.9868892642726659,2026/05/15
GSE312700,Transcriptional profile of primary human lung organoid-derived air-liquid interface (ALI) cultures,Lung,GSE312700_RNA-seq_UMIcounts_exonic_HBE3_HSE4.txt.gz,6,28081,0.42074446549590544,Minor Salivary Gland,0.6037376179576643,9,0.9419527740523916,2026/05/05
GSE303838,MECP2 Mutations Rewire Human ESC Fate and Bias Cortical Lineage Commitment [RNA-Seq],Brain - Cortex,GSE303838_TPM_values.csv.gz,48,34492,0.5692938375292788,Pituitary,0.5958677841678556,2,1.48964336963032,2026/04/23
GSE320151,Transcriptomic profiling reveals substrate- and shear stress_x0002_dependent maturation of human small intestinal epithelial cells,Colon - Transverse,GSE320151_processedfile.txt.gz,61,55849,0.43772658030037737,Pancreas,0.5070920562521253,6,1.2924085658881532,2026/04/22
GSE316631,Spatially resolved subtype progression reveals metabolic vulnerabilities in pancreatic ductal adenocarcinoma.,Pancreas,GSE316631_RNAseq_3PDXs_untreated.txt.gz,3,42766,-0.006437544445228031,Small Intestine - Terminal Ileum,0.05321112961891237,29,0.21474242386255674,2026/04/22
GSE309669,Spatially resolved subtype progression reveals metabolic vulnerabilities in pancreatic ductal adenocarcinoma,Pancreas,GSE309669_RNAseq_8PDOs_untreated.txt.gz,8,17020,0.4946646405507353,Minor Salivary Gland,0.5411910154454606,4,1.518142158059887,2026/04/22
GSE319859,RNA-seq profiling of cerebral organoids derived from CBP mutant iPSCs,Brain - Cortex,GSE319859_htseq_count.txt.gz,28,55849,0.5655496287929713,Brain - Hypothalamus,0.5655496287929713,1,1.487041611906695,2026/04/21
GSE278562,Hypoxic injury triggers maladaptive repair in human kidney organoids,Kidney - Cortex,GSE278562_raw-counts.csv.gz,24,16875,0.4728556640336086,Cells - Cultured fibroblasts,0.4978030005883133,2,1.2537640476698264,2026/04/20
GSE269571,Generation of Stable Chambered Cardioids from human Pluripotent Stem Cells [bulk RNA-seq],Heart - Left Ventricle,GSE269571_FPKM.csv.gz,24,36321,0.5720144961435863,Heart - Atrial Appendage,0.5720144961435863,1,1.6161412661810286,2026/04/14
GSE229907,Mesenchymal WNT2B is required for the maintenance of the human small intestinal epithelium,Colon - Transverse,GSE229907_log2_count_data_enteroid.csv.gz,6,14126,0.5043771621656631,Minor Salivary Gland,0.5571046343350703,5,1.5487221432642473,2026/04/13
GSE319878,Interrogating the mechanistic link between neighborhood deprivation and colorectal cancer risk through gene expression analysis of normal colorectal biopsies,Colon - Transverse,GSE319878_countsNDI.csv.gz,171,34213,0.786530067535985,Colon - Transverse,0.786530067535985,1,1.8336340874810053,2026/04/10
GSE319169,Evaluation of epithelial growth from colon organoids in Transwell systems and the impact of growth factors,Colon - Transverse,GSE319169_RAW_COUNTS1.csv.gz,2,56088,0.43716238228112464,Pancreas,0.49462252010355334,9,1.256301468285169,2026/04/10
GSE288724,Network analysis of normal colon organoids exposed to metformin reveals likely regulatory role for colorectal cancer genome-wide association study candidate genes,Colon - Transverse,GSE288724_counts.csv.gz,20,55442,0.43633100641186634,Pancreas,0.5159209786302148,11,1.1062785048627555,2026/04/10
GSE299913,SNCA triplication disrupts proteostasis and extracellular architecture prior to neurodegeneration in human midbrain organoids [RNA-seq],Brain - Cortex,GSE299913_RNA_seq_Norm_Counts.txt.gz,6,34417,0.6057521833325318,Brain - Hypothalamus,0.6057521833325318,1,1.21754887522641,2026/04/09
GSE325553,Comparative transcriptomic profiling of human 3D endometrial stromal organoids under distinct decidualization stimuli,Uterus,GSE325553_rawCounts_all.csv.gz,20,16454,0.6812238642257691,Cells - Cultured fibroblasts,0.7917835901824531,4,1.2638770310058505,2026/03/25
GSE322610,transcriptional analysis of unfrozen and cryopreserved liver organoids,Liver,GSE322610_merged_gene_counts_clean.txt.gz,12,54642,0.6288619780071265,Liver,0.6288619780071265,1,2.431730116202052,2026/03/06
GSE304936,Glucocorticoid and mineralocorticoid receptors jointly promote vascular development in kidney  organoids,Kidney - Cortex,GSE304936_cjohnson_001.GEO_upload.counts.tsv.gz,8,54642,0.42361786555532316,Cells - Cultured fibroblasts,0.6388868943975554,31,-0.09369679512080058,2026/03/01
GSE282444,Epigenetic Memory of Intestinal Epithelial Cells in Inflammatory Bowel Disease [RNA-seq],Colon - Transverse,GSE282444_gene_counts.txt.gz,59,55180,0.43593961658138236,Pancreas,0.5159645150529527,12,1.0810930940072387,2026/02/28
GSE306080,Extracellular Vesicle Cargo from Lipofibroblasts Mitigates COPD by Alveolar Type II Cell Restoration,Lung,GSE306080_AT2_counts.csv.gz,6,22687,0.4445515509865769,Esophagus - Mucosa,0.5535569252589883,12,0.9580056285874717,2026/02/25
GSE302756,Human Kidney Tubuloids Model of Repeated Cisplatin-induced Cellular Senescence and Fibrosis for Drug Screening,Kidney - Cortex,GSE302756_gene_counts.txt.gz,4,55094,0.6047565417548345,Kidney - Medulla,0.6047565417548345,1,2.042814106148458,2026/02/25
GSE292624,Dissociated human cerebral organoids on micro-electrode arrays develop neuronal networks,Brain - Cortex,GSE292624_DESeq2_normalized_counts.csv.gz,13,18186,0.6916112030373455,Brain - Anterior cingulate cortex (BA24),0.6916112030373455,1,1.6690181966418363,2026/02/23
GSE316426,MondoA mediates transcriptional coordination between the MYC network and the integrated stress response in pancreatic ductal adenocarcinoma [RNA-Seq],Pancreas,GSE316426_PSN1_RNASeq_SBI477.txt.gz,7,23808,0.4486276836688107,Cells - Cultured fibroblasts,0.6231959973719383,30,0.47289836724606094,2026/02/19
GSE298876,LMO2 regulates epithelial-mesenchymal plasticity of mammary epithelial cells,Breast - Mammary Tissue,GSE298876_run1_gene_count.csv.gz,9,55849,0.4196757338540541,Cells - Cultured fibroblasts,0.5575718350110273,7,0.9216008384795943,2026/02/19
GSE307568,Patient-derived organoid – immune cell co-culture platform for therapeutics discovery in high-grade endometrial cancer,Uterus,GSE307568_Endometrium_PDOs_Ensembl_hg38.113_raw_counts.txt.gz,189,54642,0.5062988042015445,Prostate,0.5853245341147465,14,0.7251159437130636,2026/02/14
GSE286416,Multiscale profiling of tyrosine kinase inhibitor cardiotoxicity reveals mechanosensitive ion channel PIEZO1 as cardioprotective,Heart - Left Ventricle,GSE286416_TKI.csv.gz,12,55469,nan,Pancreas,nan,5,nan,2026/02/14
GSE263840,Profiling Immune-Independent Response to Immune Checkpoint Inhibitors on Stem Cell-derived Cardiac Organoids,Heart - Left Ventricle,GSE263840_CheckPoint_TPM_02252024.csv.gz,9,53207,0.6855879720766649,Heart - Atrial Appendage,0.6855879720766649,1,2.1361746766977796,2026/02/09
GSE299477,Biopsy-derived colonoid air-liquid interface monolayers reveal persistent mucosal defects in ulcerative colitis patients,Colon - Transverse,GSE299477_salmon.merged.gene_counts_length_scaled_v2.tsv.gz,7,55442,0.4618628757131041,Pancreas,0.5430479135530407,4,1.5211063050419367,2026/01/29
GSE303090,Mature Polarized Hepatocyte Organoids Derived from Human Embryonic Stem Cells for Modeling the Pathogenesis and Progression of Metabolic Dysfunction-Associated Steatotic Liver Disease and Therapeutic Drug Screening,Liver,GSE303090_Day10_counts_matrix.txt.gz,6,30564,0.46742354139745956,Small Intestine - Terminal Ileum,0.5052617257732365,5,1.4623047057905059,2026/01/28
GSE317332,A fully defined protocol and PEG-based platform for probing transcriptional responses to matrix cues in human iPSC-derived intestinal organoids,Colon - Transverse,GSE317332_raw_counts_epithelial.csv.gz,9,7775,0.5694091256817801,Pancreas,0.620393805745673,5,1.342374401146984,2026/01/23
GSE316780,"Human liver-derived organoids recapitulate Oropouche virus infection and manifestation, enabling antiviral drug discovery",Liver,GSE316780_gene_count.txt.gz,35,55849,0.37414822953094196,Pancreas,0.5103555041252933,17,0.6387949475355096,2026/01/21
GSE302327,HIF-1alpha activity affects stem cell fate in patient-derived ileum organoids,Colon - Transverse,GSE302327_hypoxia_filtered_counts.csv.gz,29,18186,0.5465945340261743,Small Intestine - Terminal Ileum,0.5465945340261743,1,2.0972614464241466,2026/01/14
GSE310408,Gene expression profiles of intestinal organoids under collagen/Matrigel culture and 5-fluorouracil treatment in human,Colon - Transverse,GSE310408_Human_5FU_gene_expression.txt.gz,24,55558,0.4448083972609509,Pancreas,0.5476850828145198,11,1.018999366569705,2026/01/09
GSE315569,Aptamer-modified 5-fluorouracil encapsulated metal-organic framework nanodrugs for enhanced therapy of colorectal cancer via peroxidative induced cell death,Colon - Transverse,GSE315569_count_symbol.txt.gz,9,36610,0.37725803746700143,Cells - Cultured fibroblasts,0.49187489242177806,18,0.37477158313148967,2026/01/06
GSE285905,"Cellular stress, inflammation and barrier damage in gut epithelial cells caused by aspartame",Colon - Transverse,GSE285905_raw_counts.tsv.gz,9,55352,0.3935845069276665,Pancreas,0.4830644769503453,12,0.8503363087993693,2026/01/01
GSE303677,Differential Epithelial Responses to GII.3 HuNoV Infection in Jejunal Human Intestinal Organoids (HIOs),Colon - Transverse,GSE303677_featureCounts-genes-submission.csv.gz,12,55849,0.411515167497453,Pancreas,0.49220862738994847,9,1.2280358127015132,2025/12/30
GSE310492,ADH1C downregulation is a key hypoxia response in colon epithelium,Colon - Transverse,GSE310492_RNA_Seq_Ischemic_Colitis_normalized_counts.csv.gz,6,20300,0.5770400448805827,Colon - Transverse,0.5770400448805827,1,1.9909125056227468,2025/12/22
GSE230046,Transcriptome of Hepato-Hematopoietic Lineages in Fetal Liver Organoids from Human Pluripotent Stem Cells,Liver,GSE230046_counts-hFLOs.csv.gz,21,34472,0.5217651320328276,Whole Blood,0.5391035401214519,3,1.0726676650034679,2025/12/18
GSE284761,Compromised Intestinal Barrier Resilience to Disruption in People with HIV [ileum],Colon - Transverse,GSE284761_IL_Raw_counts_RSEM.txt.gz,29,49117,0.4507224848413179,Pancreas,0.5147031518830617,9,1.196533093219923,2025/12/17
GSE284755,Compromised Intestinal Barrier Resilience to Disruption in People with HIV [colon],Colon - Transverse,GSE284755_CL_Raw_counts_RSEM.txt.gz,30,49117,0.4450514063879175,Pancreas,0.5140827867204556,9,1.166492300164669,2025/12/17
GSE309755,RNA sequencing of human brain organoids to evaluate sex-specific and opto-FGFR-mediated responses to Simplified 5 Ion GCR Simulation,Brain - Cortex,GSE309755_ERa052522-SUB-Processed.txt.gz,18,34467,0.6049671196694969,Brain - Hypothalamus,0.6049671196694969,1,1.423961025434522,2025/12/08
GSE288008,Intra and Inter Tumoral Heterogeneity In Von Hippel-Lindau related Renal Cancer,Kidney - Cortex,GSE288008_all.counts.txt.gz,13,34611,0.5875989099017784,Kidney - Medulla,0.5875989099017784,1,1.670963103994158,2025/12/04
GSE311760,"IL-22 induces Paneth cell metaplasia in the colonic epithelium of ulcerative colitis, promoting wound healing via REG3A",Colon - Transverse,GSE311760_Normalized_counts.csv.gz,18,16879,0.5694698253285586,Colon - Transverse,0.5694698253285586,1,2.205909939630779,2025/12/02
GSE306057,ALKBH5-IGF2BP2 Axis Mediates Prostate Cancer Progression and Docetaxel Resistance via m6A-Stabilized CLSPN RNA,Prostate,GSE306057_mRNA_Expression_Profiling.txt.gz,6,19115,0.48278033927336683,Prostate,0.48278033927336683,1,2.047404131467637,2025/12/02
GSE274325,IKKa modulates colorectal cancer metastasis by preventing tight junction stabilization and collective cell migration [RNA-seq Tumoroid],Colon - Transverse,GSE274325_RNAseq_NormCounts_PD05_Ikka_KO_CTL.txt.gz,4,19819,0.4677598732534752,Esophagus - Mucosa,0.49097380749790187,4,1.5803813738610697,2025/12/02
GSE310845,Intestinal Stem and Progenitor Cells Exhibit Distinct Adaptive Responses to Inflammatory Stress in IBD,Colon - Transverse,GSE310845_raw_counts_PDO.txt.gz,20,22050,0.45217903348638194,Colon - Transverse,0.45217903348638194,1,1.8591311907163406,2025/12/01
GSE309795,Multiscale profiling of tyrosine kinase inhibitor cardiotoxicity reveals mechanosensitive ion channel PIEZO1 as cardioprotective [bulk RNA-seq],Heart - Left Ventricle,GSE309795_TPM_1stSets.csv.gz,42,53207,0.6847662333864585,Cells - Cultured fibroblasts,0.7679867059452627,3,1.2943090823411716,2025/11/19
GSE300073,Filovirus Infection Disrupts Epithelial Barrier Function and Ion Transport in Human iPSC-Derived Gut Organoids,Colon - Transverse,GSE300073_counts.csv.gz,18,32782,0.46186442044777276,Pancreas,0.5093769571454243,4,1.665813476812475,2025/11/10
GSE298600,Filovirus Infection Disrupts Epithelial Barrier Function and Ion Transport in Human iPSC-Derived Gut Organoids,Colon - Transverse,GSE298600_counts.csv.gz,9,32782,0.5026528783157962,Pancreas,0.5550209877029153,6,1.3353945212565546,2025/11/10
GSE291524,"ColoStem, a core transcriptional signature that identifies poor prognosis fetal-type colorectal tumors",Colon - Transverse,GSE291524_RNAseq_NormCounts_RNAseq_PDOs_dataset.txt.gz,18,29549,0.5092911112267331,Minor Salivary Gland,0.5135092517125518,2,1.5602020107103447,2025/11/06
GSE306909,Enhancer Remodeling-Driven Mevalonate Pathway Confers Resistance to KRAS Inhibitor in Colorectal Cancer,Colon - Transverse,GSE306909_DLD1_RNAseq_counts.csv.gz,7,34558,0.35882946523151404,Cells - Cultured fibroblasts,0.44482882831222104,15,0.656038055891972,2025/11/01
GSE287262,Mpox virus replicates in lung organoids without significantly affecting their cellular function,Lung,GSE287262_TPM_For_GEO_upload.txt.gz,12,33423,0.3498096493925015,Cells - Cultured fibroblasts,0.5274299544178782,34,-0.2107907151406675,2025/11/01
GSE280918,Loss of METTL3 potentiates transposable element expression and drives inflammation-induced cell plasticity in the mammary epithelium [RNA-seq],Breast - Mammary Tissue,GSE280918_STAR_Gene_Counts.csv.gz,18,18685,0.463077843133036,Esophagus - Mucosa,0.5952823167641604,8,0.905859611686968,2025/11/01
GSE217044,Wnt2b Deficiency Causes Abnormal Intestinal Epithelial Development in Humans and Diminished Lgr5+ Stem Cells and Proliferation and in Humans and Mice,Colon - Transverse,GSE217044_normalized_counts.csv.gz,14,55849,0.5430313021201919,Cells - Cultured fibroblasts,0.6027382003990274,8,0.9142382434402672,2025/11/01
GSE248844,ERRγ impedes neuroendocrine prostate cancer development [RNA-Seq],Prostate,GSE248844_fpkm_RNAseq_DU145_xenograft.txt.gz,12,51301,0.4705951442190028,Cells - Cultured fibroblasts,0.5716319947845088,5,1.2890584416920658,2025/10/29
GSE297090,Distinct Molecular Responses of Human Intestinal Organoids to Proton and Photon Radiation ,Colon - Transverse,GSE297090_bulkRNAseq_featureCounts-genes.csv.gz,40,55849,0.44557006729180226,Pancreas,0.5421104181419889,9,1.1344037475255893,2025/10/28
GSE285503,Fibroblast-Derived Thrombospondin 2 Shapes the Immune-Exclusionary Environment at Invasive Fronts in Colorectal Cancer [RNA-seq_Human_CRC],Colon - Transverse,GSE285503_Tumor19202426_counts.csv.gz,4,55598,0.8285007806672945,Colon - Transverse,0.8285007806672945,1,1.1449442551974733,2025/10/28
GSE216198,Gene expression profile of human gastroesophageal junction (GEJ) organoids TP53/CDKN2A KO,Esophagus - Mucosa,GSE216198_fpkm_genename.txt.gz,11,51301,0.4931222776717783,Pancreas,0.5080489661362189,3,1.5584224317612727,2025/10/20
GSE294532,"Multi-layer stratified oncology platform utilizing transcriptomics, prostate cancer organoids, and modeling of drug response",Prostate,GSE294532_Processed.counts.csv.gz,63,55484,0.7983238852868111,Prostate,0.7983238852868111,1,1.5777315978902684,2025/10/16
GSE286890,Activated Glucocorticoid Receptor is an Estrogen Receptor Silencer in ERα+ metastatic breast cancer [RNA-seq],Breast - Mammary Tissue,GSE286890_raw_counts_RNAseq.csv.gz,24,55617,0.35790184073680936,Skin - Sun Exposed (Lower leg),0.4678601729355696,13,0.7168758206573398,2025/10/15
GSE186249,Role of Wnt signalling in the self-renewal and differentiation capacities of primary hepatoblast organoids.,Liver,GSE186249_normalized.csv.gz,11,11915,0.5814835785162829,Liver,0.5814835785162829,1,3.786126348657334,2025/10/14
GSE309532,SPOCK1 activates Wnt/β-Catenin signaling to drive colorectal cancer stemness and progression,Colon - Transverse,GSE309532_counts.csv.gz,11,55849,0.3614904212803348,Cells - Cultured fibroblasts,0.4728554437457568,15,0.6889856487929213,2025/10/10
GSE292512,Loss of NF2 drives malignant transformation of human pancreatic acinar cells and enhances cell fitness under nutrient deprivation and therapeutical stress [bulk_RNAseq],Pancreas,GSE292512_Bulk_RNA_human_tumor_raw_reads_50bp.txt.gz,6,23808,0.5636593628332532,Minor Salivary Gland,0.6255787890350959,4,1.2250549088618696,2025/10/07
GSE288179,Differential response of patient-derived intestinal organoids to site-specific mucosal bacteria in pediatric inflammatory bowel disease,Colon - Transverse,GSE288179_gene_counts_IBD_orgs.txt.gz,37,55849,0.47315889983385756,Pancreas,0.5564782054277264,6,1.1769603260606607,2025/10/01
GSE308083,OSBPL3 Drives Colorectal Cancer Progression via Hippo-YAP Signaling and Modulates MEK Inhibitor Sensitivity,Colon - Transverse,GSE308083_count.csv.gz,6,15916,0.4756819265839765,Stomach,0.49226591922819823,5,1.3928439407761428,2025/09/30
GSE306982,Intestinal epigenomic alterations are associated with a dysregulated nutrient absorption phenotype in obesity [RNA-Seq],Colon - Transverse,GSE306982_merged_gene_count.tsv.gz,12,55180,0.4054342455291347,Pancreas,0.45195487595272776,5,1.2921108556348004,2025/09/30
GSE266030,The chromatin remodeler CHD1L controls human cortical neurogenesis and contributes to distal 1q21.1 deletion/duplication syndrome [RNA-seq],Brain - Cortex,GSE266030_S19290_read_counts.tsv.gz,9,55670,0.5499011359879441,Brain - Hypothalamus,0.5499011359879441,1,1.4383496363191772,2025/09/25
GSE214340,Genomewide analysis of S6K1-depleted human dorsal forebrain organoids [RNA-seq],Brain - Cortex,GSE214340_RNAseq_counts.txt.gz,6,36444,0.4538699208339173,Pituitary,0.4919981714375013,2,1.1955131130825734,2025/09/25
GSE284019,Differentially Expressed Genes Between High-Metastatic LOVO-HM and Wild-Type LOVO Colorectal Cancer Cell Lines,Colon - Transverse,GSE284019_All_gene_fpkm.txt.gz,6,19294,0.43805760219888895,Cells - Cultured fibroblasts,0.4751939276503351,8,1.176963860126616,2025/09/24
GSE266551,Understanding Aquaporin-5 (Aqp5) functions in human gastric cancer organoids,Stomach,GSE266551_featurecounts_output_matrix.txt.gz,24,55507,0.3741428117303953,Pancreas,0.4439666521866551,8,1.2418058949727127,2025/09/23
GSE276170,Transcriptomic profiles of biopsy-derived colon epithelial organoids from pediatric patients with ulcerative colitis,Colon - Transverse,GSE276170_raw_count.txt.gz,48,23808,0.5569819585930911,Colon - Transverse,0.5569819585930911,1,1.709863054784885,2025/09/19
GSE282649,RNA-seq analysis of human iPSC derived hepatocyte and stellate cell surround organoids (iHSOs),Liver,GSE282649_Processed_data_Read_counts.csv.gz,15,22993,0.43935068723712817,Cells - Cultured fibroblasts,0.5738497943990485,33,0.04715522505339711,2025/09/18
GSE307124,Microglia-containing neural organoids as brain microphysiological systems for long-term culture,Brain - Cortex,GSE307124_counts.csv.gz,3,55123,0.6772652400989005,Brain - Hypothalamus,0.6772652400989005,1,1.6877151185616914,2025/09/10
GSE300013,DERIVATION OF HUMAN FETAL KIDNEY ORGANOIDS MIMICKING NOTCH-DEPENDENT EPITHELIAL MATURATION AND TUBULE DEVELOPMENT [bulk RNA-Seq],Kidney - Cortex,GSE300013_FO2_Counts.csv.gz,13,34346,0.6003762940497432,Cells - Cultured fibroblasts,0.6272826242187648,2,1.538056997255917,2025/09/10
GSE305958,CRISPR Screens Identify the ATPase VCP as a Druggable Therapeutic Vulnerability in Cholangiocarcinoma,Liver,GSE305958_rawcounts_HUCCT1.csv.gz,7,55469,0.33859335651051403,Cells - Cultured fibroblasts,0.5557930102510011,38,0.08008774243655187,2025/08/27
GSE212099,Hepatotoxicity evaluation of co-exposure of microplastics and TBBPA by 3D biofabricated multicellular organoids,Liver,GSE212099_microplastics_and_TBBPA_FPKM.txt.gz,30,55849,0.5514311008266758,Cells - Cultured fibroblasts,0.6809212580620072,4,0.9139762628513401,2025/08/26
GSE305923,"exoWNT3A/RSPO1 improves HE to LPC differentiation, hepatic organoids growth, and different acute and chronic liver injuries.",Liver,GSE305923_raw_count_HE_Chir_vs_WR_vs_W+R.csv.gz,8,18289,0.43317518594425963,Pancreas,0.46411338762650595,2,1.7145863096578922,2025/08/20
GSE301725,Human Neural Organoid Microphysiological Systems Show the Building Blocks Necessary for Basic Learning and Memory,Brain - Cortex,GSE301725_counts.csv.gz,13,55442,0.7699875000462667,Brain - Anterior cingulate cortex (BA24),0.7699875000462667,1,1.7481946248595106,2025/08/20
GSE300839,Lean breast adipocytes secrete an oxylipin that suppresses breast cancer via ferroptosis,Breast - Mammary Tissue,GSE300839_19870R_raw_counts.txt.gz,12,55545,0.3923150244852328,Skin - Sun Exposed (Lower leg),0.481735463832026,12,0.952662074982957,2025/08/20
GSE236379,Hypoxia Triggers Signatures of Maladaptive Repair in Human Kidney Organoids [bulk RNA-seq],Kidney - Cortex,GSE236379_Gene_Expression_Count.txt.gz,12,34732,0.5830195977119087,Cells - Cultured fibroblasts,0.5926140646442145,2,1.5554787145790254,2025/08/15
GSE304110,Stress-Survival Pathway Profiling Reveals MCM10 as a Candidate Biomarker of Hispanic Colorectal Cancer Disparities,Colon - Transverse,GSE304110_gene_count.txt.gz,14,55849,0.3771986738017701,Cells - Cultured fibroblasts,0.48622076305694883,17,0.5501695405325383,2025/08/06
GSE303741,Endometrial gland secretome maintains the homeostasis of decidualization,Uterus,GSE303741_Counts_raw.txt.gz,9,18291,0.6886478740752705,Cells - Cultured fibroblasts,0.8058395410529648,4,1.3330208666795802,2025/08/05
GSE265851,LAM cell mTOR dysregulation induces IL6 and paracrine AT2 cell senescence impeding lung repair in lymphangioleiomyomatosis.,Lung,GSE265851_01-counts-LAM.txt.gz,30,55179,0.8071778899917893,Lung,0.8071778899917893,1,1.4548556998486342,2025/08/05
GSE246793,TRIM24 as therapeutic target in endocrine treatment resistant breast cancer (RNA-Seq),Breast - Mammary Tissue,GSE246793_MCF7_TRIM24KO_vs_NT_genecounts.txt.gz,14,55616,0.3408545750547261,Prostate,0.41702444374461056,12,0.8394023262214485,2025/08/01
GSE288661,Local growth hormone facilitates aging of the colon epithelial microenvironment,Colon - Transverse,GSE288661_matrix_TPM.csv.gz,6,33376,0.43786765317372717,Kidney - Medulla,0.5462638538994812,14,0.6280549228762614,2025/07/30
GSE281080,Transcriptomic profiling of prolonged-culture iPSC-derived kidney organoids and X-linked Alport syndrome organoid models carrying COL4A5 deep-intronic variants,Kidney - Cortex,GSE281080_DataCount.txt.gz,24,55481,0.552086122824781,Cells - Cultured fibroblasts,0.567537302107315,5,1.234209745006652,2025/07/29
GSE287183,Epigenetic de-repression of drivers of neuroendocrine prostate cancer [RNA-seq],Prostate,GSE287183_c42_prox1_oe_gene_counts.tsv.gz,6,23210,0.45101361405434337,Prostate,0.45101361405434337,1,2.4415300646837013,2025/07/25
GSE298576,Mass generation and long-term expansion of hepatocyte organoids from adult primary hepatocytes,Liver,GSE298576_deseq2_normalized_counts.csv.gz,22,15021,0.7104074412916299,Liver,0.7104074412916299,1,3.7265551226939646,2025/07/23
GSE271315,Human fetal kidney organoids model early human nephrogenesis and notch-driven cell fate,Kidney - Cortex,GSE271315_FO_NormData.csv.gz,22,13016,0.6953559462646607,Kidney - Medulla,0.6953559462646607,1,2.371279626327276,2025/07/22
GSE208684,SARS-COV2 in intestinal organoids,Colon - Transverse,GSE208684_gene_counts_replicates_clean.csv.gz,81,55849,0.43725976208372913,Pancreas,0.5232186496685078,10,1.1054128528933855,2025/07/13
GSE274584,Enhancing Non-Small Cell Lung Cancer Treatment Utilizing Natural Killer Cell-Derived Extracellular Vesicles (NKEVS) As A Novel Adoptive Cellular Therapeutic [EV RNA],Lung,GSE274584_countTable.txt.gz,21,37080,0.35709500936204636,Cells - EBV-transformed lymphocytes,0.5263108960301786,21,0.39269999481582046,2025/07/09
GSE271749,Transient splicing inhibition causes persistent DNA damage and enhances chemotherapy vulnerability in homologous recombination proficient triple-negative breast cancer,Breast - Mammary Tissue,GSE271749_featureCounts_read_counts.txt.gz,9,55581,0.4931751894319326,Cells - Cultured fibroblasts,0.6494290244304463,6,0.8409390898222766,2025/07/04
GSE269871,Effect of hFWE KO on gene expression in mature epidermal organoids,Skin - Sun Exposed (Lower leg),GSE269871_all.vst.tsv.gz,14,21623,0.7069088284343935,Skin - Not Sun Exposed (Suprapubic),0.7069088284343935,1,2.9731415752662214,2025/06/26
GSE296672,Canonical Hedgehog Signaling Controls Astral Microtubules and Mitotic Spindle Orientation in Neural Progenitors and iPSCs,Kidney - Cortex,GSE296672_RSEM_gene_FPKM.txt.gz,13,55692,0.38526962953888505,Pituitary,0.5224777362529593,23,0.23637084085500007,2025/06/25
GSE280257,Large-Scale CRISPR Screening in Primary Human 3D Gastric Organoids Enables Comprehensive Dissection of Gene-Drug Interactions [RNA-seq],Stomach,GSE280257_RNA_TAF6L-GFP_RNA_Control_gene_fpkm.txt.gz,5,55849,0.43376439966475216,Pancreas,0.46704220086621734,2,1.5960816312597528,2025/06/23
GSE289912,APOE4 impacts cortical neurodevelopment and alters network formation in human brain organoids,Brain - Cortex,GSE289912_Master_Countdata.csv.gz,32,24647,0.7425239921932955,Brain - Anterior cingulate cortex (BA24),0.7425239921932955,1,1.7046011540347468,2025/06/19
GSE298818,DDR1 regulates RUNX1-CBFβ to control breast stem cell differentiation,Breast - Mammary Tissue,GSE298818_Normalized_patient_gene_counts_geneID_all.csv.gz,9,12186,0.628808143790688,Skin - Not Sun Exposed (Suprapubic),0.7496321088377691,8,0.9198083859620139,2025/06/09
GSE269369,LIN28B-mediated activation of the PI3K/AKT pathway promotes metastasis and unravels a new therapeutic vulnerability in colorectal cancer,Colon - Transverse,GSE269369_GEO_RNAseq_TPM.csv.gz,18,55507,0.4212161746727923,Skin - Not Sun Exposed (Suprapubic),0.515293305093031,15,0.7847756903339788,2025/06/07
GSE288165,"Multi-Region Brain Organoid - Fusion Organoid with cerebral, Endothelial and Mid-Hindbrain Components",Brain - Cortex,GSE288165_deseq2_star_salmon_length_scaled_counts.tsv.gz,5,23936,0.46878576887288154,Cells - Cultured fibroblasts,0.5978358869155036,22,0.19810263256496952,2025/05/20
GSE285436,RNA-seq analysis of grape-like organoids and others in iPSC derived Hepatocyte organoids (iHOs),Liver,GSE285436_C18_iHO_gene_count.csv.gz,4,55236,0.5350629993057066,Pancreas,0.5595584303631502,2,1.8187991491676607,2025/05/13
GSE248110,"RNA-seq analysis of human iPSC derived Hepatocyte organoids (iHOs), 2D-iPS-Heps, iPS-HPCs, iPSCs, and other iPSC derived organoids cultured in woBA medium and fetal organoid medium",Liver,GSE248110_iho_rawcounts.csv.gz,30,52743,0.43573290419115596,Pancreas,0.4895204371545183,4,1.3977542803802427,2025/05/13
GSE252464,Fibrosis Like Phenotype in TP53KO Hepatic Organoids within a Pro Carcinogenic Tumor Microenvironment (pc-TME),Liver,GSE252464_count_filtered.csv.gz,6,15802,0.33801852638458185,Colon - Transverse,0.42408047806647114,7,1.1565969246583783,2025/05/06
GSE252055,Comparative analysis of human kidney organoid and tubuloid models,Kidney - Cortex,GSE252055_Nephrectomy-Tub.csv.gz,12,13866,0.5274283754456288,Kidney - Medulla,0.5274283754456288,1,2.0650151377322,2025/04/30
GSE291768,KRIT1 heterozygous mutations are sufficient to induce a pathological phenotype in patient-derived iPSC models of Cerebral Cavernous Malformation,Brain - Cortex,GSE291768_salmon.merged.gene_counts.tsv.gz,18,55475,0.46801872020233143,Cells - Cultured fibroblasts,0.6396484604513744,27,0.0957326265853648,2025/04/15
GSE293756,PANCREATIC DUCTAL ADENOCARCINOMAS RESISTANT TO KRAS INHIBITION ARE DRUGGABLE WITH AN ANTI-MUC1-C ADC,Pancreas,GSE293756_STAR_Gene_Counts.csv.gz,6,24272,0.4360284406858108,Cells - Cultured fibroblasts,0.49088860821787006,11,0.8845098116689085,2025/04/08
GSE287925,Disrupting the interaction between androgen receptor and its coregulator WDR77 delays the growth of treatment-resistant prostate cancer,Prostate,GSE287925_RawCounts.csv.gz,24,55581,0.43397997888768103,Prostate,0.43397997888768103,1,2.5960212982894086,2025/03/24
