donor,genotype,n_trikafta,n_dmso,eff_small,eff_large,attenuation,overall
PDIO_01,A46D/A46D,174,187,0.537,0.759,0.221,0.698
PDIO_03,"R1066H/CFTRdele2,3",468,458,0.1,0.49,0.39,0.289
PDIO_04,F508del/X,223,42,0.462,0.834,0.371,0.805
PDIO_05,F508del/X,772,653,0.386,0.784,0.398,0.596
PDIO_06,F508del/X,761,495,0.334,0.699,0.365,0.541
PDIO_09,F508del/F508del,316,361,0.685,0.749,0.064,0.769
PDIO_10,F508del/F508del,169,144,0.742,0.892,0.15,0.883
PDIO_11,F508del/F508del,166,209,0.367,0.86,0.493,0.705
PDIO_12,F508del/S1251N,195,218,0.512,0.8,0.288,0.643
PDIO_13,F508del/S1251N,204,175,0.249,0.508,0.259,0.497
PDIO_14,F508del/S1251N,207,162,0.395,0.749,0.354,0.616
PDIO_15,F508del/R117H,170,210,0.28,0.497,0.217,0.32
PDIO_16,F508del/R117H,256,236,0.089,0.082,-0.007,0.115
PDIO_17,X/X,201,81,0.57,0.463,-0.107,0.512
PDIO_18,X/X,234,64,0.436,0.677,0.241,0.462
PDIO_19,X/X,198,33,0.606,0.273,-0.333,0.44
PDOI_02,N1303K/c.3035A>C,270,82,0.202,0.354,0.152,0.33
