organ,ens,symbol,delta,frac_series_delta_gt1,n_series
Brain - Cortex,ENSG00000244734,HBB,2.6268694290692673,1.0,9
Brain - Cortex,ENSG00000163220,S100A9,2.1466257224305023,1.0,9
Brain - Cortex,ENSG00000135426,TESPA1,2.1366315033299235,1.0,9
Brain - Cortex,ENSG00000165643,SOHLH1,2.0832052041871347,1.0,9
Brain - Cortex,ENSG00000205364,MT1M,2.0463497414359417,1.0,9
Brain - Cortex,ENSG00000188536,HBA2,1.995022771535223,1.0,9
Brain - Cortex,ENSG00000197430,OPALIN,1.9854501675523528,1.0,9
Brain - Cortex,ENSG00000161281,COX7A1,1.9759500083297619,1.0,9
Brain - Cortex,ENSG00000131097,HIGD1B,1.9375960790194589,1.0,9
Brain - Cortex,ENSG00000179144,GIMAP7,1.9341809868862774,0.8888888888888888,9
Brain - Cortex,ENSG00000281991,TMEM265,1.8926560943402468,0.8888888888888888,9
Brain - Cortex,ENSG00000277494,GPIHBP1,1.849213271680058,0.8888888888888888,9
Brain - Cortex,ENSG00000173369,C1QB,1.790536662261431,0.8888888888888888,9
Brain - Cortex,ENSG00000129824,RPS4Y1,1.7685062596190848,0.7777777777777778,9
Brain - Cortex,ENSG00000105695,MAG,1.7395578379510093,0.7777777777777778,9
Brain - Cortex,ENSG00000143546,S100A8,1.699712817355533,0.7777777777777778,9
Brain - Cortex,ENSG00000011600,TYROBP,1.6965969113542987,0.8888888888888888,9
Brain - Cortex,ENSG00000159189,C1QC,1.6744846886086817,0.8888888888888888,9
Brain - Cortex,ENSG00000169006,NTSR2,1.6664997438724172,0.8888888888888888,9
Brain - Cortex,ENSG00000163221,S100A12,1.651023878372699,1.0,9
Brain - Cortex,ENSG00000204655,MOG,1.6485483921670165,0.8888888888888888,9
Brain - Cortex,ENSG00000121742,GJB6,1.6320667715103478,1.0,9
Brain - Cortex,ENSG00000169715,MT1E,1.628442024091567,0.8888888888888888,9
Brain - Cortex,ENSG00000243509,TNFRSF6B,1.6275734443840169,0.7777777777777778,9
Brain - Cortex,ENSG00000185290,NUPR2,1.6251761561592535,0.7777777777777778,9
Brain - Cortex,ENSG00000187094,CCK,1.618677731544707,0.8888888888888888,9
Brain - Cortex,ENSG00000168539,CHRM1,1.5936407130490513,1.0,9
Brain - Cortex,ENSG00000146469,VIP,1.5932753632597765,0.8888888888888888,9
Brain - Cortex,ENSG00000129538,RNASE1,1.590337884912812,0.8888888888888888,9
Brain - Cortex,ENSG00000168314,MOBP,1.573485795282298,0.8888888888888888,9
Brain - Cortex,ENSG00000125144,MT1G,1.5531977874470084,0.7777777777777778,9
Brain - Cortex,ENSG00000054803,CBLN4,1.5139454583349334,0.8888888888888888,9
Brain - Cortex,ENSG00000164089,ETNPPL,1.4964214970014433,0.8888888888888888,9
Brain - Cortex,ENSG00000010282,HHATL,1.4889029486025631,1.0,9
Brain - Cortex,ENSG00000173372,C1QA,1.477117833639423,0.7777777777777778,9
Brain - Cortex,ENSG00000172005,MAL,1.476538451111505,0.6666666666666666,9
Brain - Cortex,ENSG00000012817,KDM5D,1.4615268044009222,0.5555555555555556,9
Brain - Cortex,ENSG00000118194,TNNT2,1.460347461913119,0.7777777777777778,9
Brain - Cortex,ENSG00000196329,GIMAP5,1.448337876341749,0.7777777777777778,9
Brain - Cortex,ENSG00000010438,PRSS3,1.4404786810320143,0.8888888888888888,9
Brain - Cortex,ENSG00000126861,OMG,1.4223610907235613,0.7777777777777778,9
Brain - Cortex,ENSG00000122862,SRGN,1.4194302223218562,0.8888888888888888,9
Brain - Cortex,ENSG00000169035,KLK7,1.415924365596948,0.7777777777777778,9
Brain - Cortex,ENSG00000204071,TCEAL6,1.4133928744809876,0.8888888888888888,9
Brain - Cortex,ENSG00000198930,CSAG1,1.405785758290827,0.6666666666666666,9
Brain - Cortex,ENSG00000100362,PVALB,1.3986732645721764,0.8888888888888888,9
Brain - Cortex,ENSG00000095970,TREM2,1.395937564459575,0.7777777777777778,9
Brain - Cortex,ENSG00000165553,NGB,1.3811111131524645,0.7777777777777778,9
Brain - Cortex,ENSG00000100884,CPNE6,1.3749453203253283,0.7777777777777778,9
Brain - Cortex,ENSG00000204653,ASPDH,1.3734626538417594,0.8888888888888888,9
Brain - Cortex,ENSG00000266964,FXYD1,1.370170729767977,0.6666666666666666,9
Brain - Cortex,ENSG00000272573,MUSTN1,1.3700559154322836,0.6666666666666666,9
Brain - Cortex,ENSG00000011083,SLC6A7,1.3675460911617872,0.7777777777777778,9
Brain - Cortex,ENSG00000164326,CARTPT,1.3631255370765958,0.6666666666666666,9
Brain - Cortex,ENSG00000137825,ITPKA,1.3624187064008073,0.7777777777777778,9
Brain - Cortex,ENSG00000187730,GABRD,1.3462225765274736,0.7777777777777778,9
Brain - Cortex,ENSG00000152595,MEPE,1.3392344047005564,0.5555555555555556,9
Brain - Cortex,ENSG00000213689,TREX1,1.3224469436476136,0.3333333333333333,9
Brain - Cortex,ENSG00000189058,APOD,1.322400219308633,0.7777777777777778,9
Brain - Cortex,ENSG00000165092,ALDH1A1,1.3122900083883964,0.5555555555555556,9
Brain - Cortex,ENSG00000006116,CACNG3,1.3081510611181635,0.7777777777777778,9
Brain - Cortex,ENSG00000136541,ERMN,1.3075849140339384,0.5555555555555556,9
Brain - Cortex,ENSG00000198944,SOWAHA,1.3016814372469865,0.7777777777777778,9
Brain - Cortex,ENSG00000163563,MNDA,1.2981861412753186,0.6666666666666666,9
Brain - Cortex,ENSG00000137491,SLCO2B1,1.296859344874426,0.7777777777777778,9
Brain - Cortex,ENSG00000141469,SLC14A1,1.2962200825936543,0.6666666666666666,9
Brain - Cortex,ENSG00000206172,HBA1,1.2875571311514076,0.6666666666666666,9
Brain - Cortex,ENSG00000171772,SYCE1,1.2846706956620546,0.7777777777777778,9
Brain - Cortex,ENSG00000267673,FDX2,1.283683968842911,0.4444444444444444,9
Brain - Cortex,ENSG00000111245,MYL2,1.2819336075995322,0.6666666666666666,9
Brain - Cortex,ENSG00000145945,FAM50B,1.2778002711479617,0.4444444444444444,9
Brain - Cortex,ENSG00000064787,BCAS1,1.2774750611705956,0.7777777777777778,9
Brain - Cortex,ENSG00000133048,CHI3L1,1.2720352691238386,0.7777777777777778,9
Brain - Cortex,ENSG00000249751,ECSCR,1.2686269374815713,0.5555555555555556,9
Brain - Cortex,ENSG00000132329,RAMP1,1.2675962926383701,0.7777777777777778,9
Brain - Cortex,ENSG00000204287,HLA-DRA,1.2666703116337397,0.7777777777777778,9
Brain - Cortex,ENSG00000016602,CLCA4,1.2606265665342,0.6666666666666666,9
Brain - Cortex,ENSG00000112799,LY86,1.2598293880071163,0.6666666666666666,9
Brain - Cortex,ENSG00000155659,VSIG4,1.2597492503115182,0.5555555555555556,9
Brain - Cortex,ENSG00000166091,CMTM5,1.2522160534107245,0.5555555555555556,9
Brain - Cortex,ENSG00000149564,ESAM,1.2490530899250039,0.6666666666666666,9
Brain - Cortex,ENSG00000122304,PRM2,1.2472449787561426,0.6666666666666666,9
Brain - Cortex,ENSG00000156076,WIF1,1.2378242676570066,0.7777777777777778,9
Brain - Cortex,ENSG00000172508,CARNS1,1.2352950670680864,0.6666666666666666,9
Brain - Cortex,ENSG00000168481,LGI3,1.2286045578066922,0.6666666666666666,9
Brain - Cortex,ENSG00000167755,KLK6,1.2230702771095388,0.4444444444444444,9
Brain - Cortex,ENSG00000102760,RGCC,1.2229222015145997,0.6666666666666666,9
Brain - Cortex,ENSG00000187664,HAPLN4,1.2223720893280767,0.5555555555555556,9
Brain - Cortex,ENSG00000078596,ITM2A,1.2197778036317415,0.5555555555555556,9
Brain - Cortex,ENSG00000189181,OR14I1,1.2149900467026358,0.5555555555555556,9
Brain - Cortex,ENSG00000183773,AIFM3,1.2109882005254944,0.5555555555555556,9
Brain - Cortex,ENSG00000127588,GNG13,1.2106535880927118,0.5555555555555556,9
Brain - Cortex,ENSG00000236279,CLEC2L,1.2105323945671904,0.6666666666666666,9
Brain - Cortex,ENSG00000157782,CABP1,1.2088873219336667,0.6666666666666666,9
Brain - Cortex,ENSG00000267206,LCN6,1.2082792394737907,0.6666666666666666,9
Brain - Cortex,ENSG00000132702,HAPLN2,1.2073261394168315,0.7777777777777778,9
Brain - Cortex,ENSG00000133574,GIMAP4,1.2072955804415502,0.5555555555555556,9
Brain - Cortex,ENSG00000198300,PEG3,1.202884841465825,0.5555555555555556,9
Brain - Cortex,ENSG00000239697,TNFSF12,1.2006593768789335,0.7777777777777778,9
Brain - Cortex,ENSG00000259823,LYPD8,1.2004593041826772,0.7777777777777778,9
Colon - Transverse,ENSG00000124491,F13A1,1.8908101580893815,0.8421052631578947,19
Colon - Transverse,ENSG00000131477,RAMP2,1.8684105396170776,0.8947368421052632,19
Colon - Transverse,ENSG00000107562,CXCL12,1.7912724757992666,0.8421052631578947,19
Colon - Transverse,ENSG00000136235,GPNMB,1.783402179881595,0.8421052631578947,19
Colon - Transverse,ENSG00000104435,STMN2,1.744369530044879,0.8421052631578947,19
Colon - Transverse,ENSG00000039987,BEST2,1.6975631531823216,0.9473684210526315,19
Colon - Transverse,ENSG00000111341,MGP,1.6793309243109436,0.8421052631578947,19
Colon - Transverse,ENSG00000095110,NXPE1,1.5010757123327036,0.5263157894736842,19
Colon - Transverse,ENSG00000110799,VWF,1.491245635389484,0.6842105263157895,19
Colon - Transverse,ENSG00000016490,CLCA1,1.4648626765912682,0.6842105263157895,19
Colon - Transverse,ENSG00000049540,ELN,1.4151870681313234,0.8947368421052632,19
Colon - Transverse,ENSG00000071203,MS4A12,1.3744606113271773,0.5789473684210527,19
Colon - Transverse,ENSG00000121361,KCNJ8,1.3692828071595942,0.6842105263157895,19
Colon - Transverse,ENSG00000101336,HCK,1.3328194592515759,0.631578947368421,19
Colon - Transverse,ENSG00000079308,TNS1,1.3230170951408557,0.47368421052631576,19
Colon - Transverse,ENSG00000113721,PDGFRB,1.292927722444968,0.7368421052631579,19
Colon - Transverse,ENSG00000103375,AQP8,1.2855861375831048,0.5789473684210527,19
Colon - Transverse,ENSG00000103175,WFDC1,1.2832040478992064,0.8421052631578947,19
Colon - Transverse,ENSG00000121577,POPDC2,1.2808184673943723,0.631578947368421,19
Colon - Transverse,ENSG00000048540,LMO3,1.2691084991272839,0.631578947368421,19
Colon - Transverse,ENSG00000105583,WDR83OS,1.2627695000516173,0.42105263157894735,19
Colon - Transverse,ENSG00000079689,SCGN,1.2167598949180993,0.5789473684210527,19
Colon - Transverse,ENSG00000103710,RASL12,1.2037173250385402,0.42105263157894735,19
Colon - Transverse,ENSG00000130303,BST2,1.1974264393569902,0.42105263157894735,19
Colon - Transverse,ENSG00000112936,C7,1.1721542646243774,0.5789473684210527,19
Colon - Transverse,ENSG00000116774,OLFML3,1.1700544296686126,0.631578947368421,19
Colon - Transverse,ENSG00000136960,ENPP2,1.1614384511025924,0.631578947368421,19
Colon - Transverse,ENSG00000059915,PSD,1.1559053657889258,0.47368421052631576,19
Colon - Transverse,ENSG00000095303,PTGS1,1.1545566359928663,0.42105263157894735,19
Colon - Transverse,ENSG00000073712,FERMT2,1.1363078814440692,0.47368421052631576,19
Colon - Transverse,ENSG00000020181,ADGRA2,1.1287080583320135,0.6842105263157895,19
Colon - Transverse,ENSG00000105369,CD79A,1.1161488256826806,0.5263157894736842,19
Colon - Transverse,ENSG00000105270,CLIP3,1.1013699508113333,0.3684210526315789,19
Colon - Transverse,ENSG00000104368,PLAT,1.0967305908625538,0.42105263157894735,19
Colon - Transverse,ENSG00000130203,APOE,1.0818279167236473,0.3684210526315789,19
Colon - Transverse,ENSG00000024422,EHD2,1.0782807411169877,0.3157894736842105,19
Colon - Transverse,ENSG00000127951,FGL2,1.0738788910190022,0.3684210526315789,19
Colon - Transverse,ENSG00000132386,SERPINF1,1.0660635491995678,0.3684210526315789,19
Colon - Transverse,ENSG00000137507,LRRC32,1.0618077278418347,0.3684210526315789,19
Colon - Transverse,ENSG00000087258,GNAO1,1.0591971368362263,0.47368421052631576,19
Colon - Transverse,ENSG00000116962,NID1,1.0586081031230088,0.3684210526315789,19
Colon - Transverse,ENSG00000136167,LCP1,1.056359067469688,0.3157894736842105,19
Colon - Transverse,ENSG00000077942,FBLN1,1.049814094538917,0.42105263157894735,19
Colon - Transverse,ENSG00000064300,NGFR,1.049252556883262,0.2631578947368421,19
Colon - Transverse,ENSG00000128591,FLNC,1.046283500431356,0.3684210526315789,19
Colon - Transverse,ENSG00000109099,PMP22,1.0426465462641272,0.3684210526315789,19
Colon - Transverse,ENSG00000107796,ACTA2,1.0375268383688028,0.3684210526315789,19
Colon - Transverse,ENSG00000111077,TNS2,1.0372909338775884,0.42105263157894735,19
Colon - Transverse,ENSG00000122694,GLIPR2,1.0368396150675312,0.3684210526315789,19
Colon - Transverse,ENSG00000102760,RGCC,1.0360064234555033,0.2631578947368421,19
Colon - Transverse,ENSG00000125730,C3,1.0328666438151308,0.3157894736842105,19
Colon - Transverse,ENSG00000100365,NCF4,1.0327983616283365,0.3684210526315789,19
Colon - Transverse,ENSG00000106538,RARRES2,1.0289070008321524,0.3157894736842105,19
Colon - Transverse,ENSG00000121898,CPXM2,1.0280849973718065,0.3684210526315789,19
Colon - Transverse,ENSG00000072195,SPEG,1.0213888084520488,0.3684210526315789,19
Colon - Transverse,ENSG00000105137,SYDE1,1.0211779952097024,0.3157894736842105,19
Colon - Transverse,ENSG00000101335,MYL9,1.0210368221890471,0.2631578947368421,19
Colon - Transverse,ENSG00000090539,CHRD,1.017349875435754,0.3157894736842105,19
Colon - Transverse,ENSG00000005073,HOXA11,1.006971330321037,0.3157894736842105,19
Colon - Transverse,ENSG00000117020,AKT3,0.9972559389290185,0.3684210526315789,19
Colon - Transverse,ENSG00000044012,GUCA2B,0.9893667434658736,0.3684210526315789,19
Colon - Transverse,ENSG00000135406,PRPH,0.9865432420447566,0.47368421052631576,19
Colon - Transverse,ENSG00000103196,CRISPLD2,0.9843921792420834,0.2631578947368421,19
Colon - Transverse,ENSG00000130226,DPP6,0.9821123881656398,0.2631578947368421,19
Colon - Transverse,ENSG00000010295,IFFO1,0.9771893983912189,0.2631578947368421,19
Colon - Transverse,ENSG00000111348,ARHGDIB,0.9689201259195028,0.3157894736842105,19
Colon - Transverse,ENSG00000110446,SLC15A3,0.966418790425796,0.3157894736842105,19
Colon - Transverse,ENSG00000135333,EPHA7,0.9620847860896493,0.2631578947368421,19
Colon - Transverse,ENSG00000115414,FN1,0.9529095850529489,0.3157894736842105,19
Colon - Transverse,ENSG00000099260,PALMD,0.9503098033900499,0.42105263157894735,19
Colon - Transverse,ENSG00000115593,SMYD1,0.9497685852704214,0.3684210526315789,19
Colon - Transverse,ENSG00000134072,CAMK1,0.9378024130846438,0.3157894736842105,19
Colon - Transverse,ENSG00000135424,ITGA7,0.935100874507179,0.2631578947368421,19
Colon - Transverse,ENSG00000131831,RAI2,0.9347612559623819,0.3157894736842105,19
Colon - Transverse,ENSG00000110324,IL10RA,0.9347496375034032,0.3157894736842105,19
Colon - Transverse,ENSG00000062582,MRPS24,0.9284186988168928,0.47368421052631576,19
Colon - Transverse,ENSG00000067840,PDZD4,0.9241236053592158,0.21052631578947367,19
Colon - Transverse,ENSG00000133107,TRPC4,0.923058447992535,0.42105263157894735,19
Colon - Transverse,ENSG00000132965,ALOX5AP,0.9164514676951945,0.2631578947368421,19
Colon - Transverse,ENSG00000110025,SNX15,0.9160304552004079,0.2631578947368421,19
Colon - Transverse,ENSG00000108821,COL1A1,0.9117309458200721,0.2631578947368421,19
Colon - Transverse,ENSG00000129226,CD68,0.9031222091330046,0.3684210526315789,19
Colon - Transverse,ENSG00000004799,PDK4,0.898927199716499,0.2631578947368421,19
Colon - Transverse,ENSG00000121440,PDZRN3,0.8955072894950759,0.2631578947368421,19
Colon - Transverse,ENSG00000099864,PALM,0.8951526147962799,0.3157894736842105,19
Colon - Transverse,ENSG00000124785,NRN1,0.8889893373519361,0.42105263157894735,19
Colon - Transverse,ENSG00000088881,EBF4,0.8886411943556388,0.21052631578947367,19
Colon - Transverse,ENSG00000100288,CHKB,0.8863215293736024,0.2631578947368421,19
Colon - Transverse,ENSG00000092529,CAPN3,0.8827342766570394,0.3157894736842105,19
Colon - Transverse,ENSG00000121716,PILRB,0.8765831789055293,0.21052631578947367,19
Colon - Transverse,ENSG00000100307,CBX7,0.8759199162909143,0.2631578947368421,19
Colon - Transverse,ENSG00000100604,CHGA,0.8755875183202888,0.47368421052631576,19
Colon - Transverse,ENSG00000100234,TIMP3,0.8663598628740379,0.3684210526315789,19
Colon - Transverse,ENSG00000129675,ARHGEF6,0.8576327453288226,0.2631578947368421,19
Colon - Transverse,ENSG00000125144,MT1G,0.8559397435708785,0.3157894736842105,19
Colon - Transverse,ENSG00000133083,DCLK1,0.8548281146327927,0.3157894736842105,19
Colon - Transverse,ENSG00000127528,KLF2,0.8512737318920813,0.21052631578947367,19
Colon - Transverse,ENSG00000115556,PLCD4,0.8484437701647166,0.2631578947368421,19
Colon - Transverse,ENSG00000102032,RENBP,0.8460461309561835,0.3157894736842105,19
Colon - Transverse,ENSG00000107130,NCS1,0.8454988188406288,0.21052631578947367,19
Kidney - Cortex,ENSG00000151418,ATP6V1G3,2.492509081348456,1.0,4
Kidney - Cortex,ENSG00000150201,FXYD4,2.3819033021484395,1.0,4
Kidney - Cortex,ENSG00000173372,C1QA,2.376810415509556,1.0,4
Kidney - Cortex,ENSG00000122679,RAMP3,2.1013271048597604,1.0,4
Kidney - Cortex,ENSG00000173369,C1QB,2.0770650111589783,1.0,4
Kidney - Cortex,ENSG00000147614,ATP6V0D2,2.074210831118226,1.0,4
Kidney - Cortex,ENSG00000122862,SRGN,2.054629196493807,1.0,4
Kidney - Cortex,ENSG00000136872,ALDOB,2.0517151466708077,1.0,4
Kidney - Cortex,ENSG00000167580,AQP2,2.0334170529950377,1.0,4
Kidney - Cortex,ENSG00000159189,C1QC,2.0221893940309172,1.0,4
Kidney - Cortex,ENSG00000124564,SLC17A3,1.9436303609389876,1.0,4
Kidney - Cortex,ENSG00000163631,ALB,1.9018590936471775,1.0,4
Kidney - Cortex,ENSG00000137204,SLC22A7,1.88630112679837,1.0,4
Kidney - Cortex,ENSG00000113492,AGXT2,1.8789807309936157,1.0,4
Kidney - Cortex,ENSG00000100253,MIOX,1.8681061002557464,1.0,4
Kidney - Cortex,ENSG00000211677,IGLC2,1.8310230854713243,1.0,4
Kidney - Cortex,ENSG00000113889,KNG1,1.827723248116879,1.0,4
Kidney - Cortex,ENSG00000229391,HLA-DRB6,1.8103499797197333,1.0,4
Kidney - Cortex,ENSG00000116039,ATP6V1B1,1.790067070422365,1.0,4
Kidney - Cortex,ENSG00000240409,MTATP8P1,1.7717604232610438,0.75,4
Kidney - Cortex,ENSG00000132744,ACY3,1.7594852175377793,1.0,4
Kidney - Cortex,ENSG00000204287,HLA-DRA,1.758148217788587,0.75,4
Kidney - Cortex,ENSG00000148942,SLC5A12,1.7491094311607878,0.75,4
Kidney - Cortex,ENSG00000132840,BHMT2,1.7240465046698359,1.0,4
Kidney - Cortex,ENSG00000180638,SLC47A2,1.723932902102034,1.0,4
Kidney - Cortex,ENSG00000143839,REN,1.7231469110543491,1.0,4
Kidney - Cortex,ENSG00000166828,SCNN1G,1.7198045185196502,1.0,4
Kidney - Cortex,ENSG00000213373,LINC00671,1.6927986483571842,1.0,4
Kidney - Cortex,ENSG00000198502,HLA-DRB5,1.6865036235100201,1.0,4
Kidney - Cortex,ENSG00000104327,CALB1,1.6794946921116611,0.75,4
Kidney - Cortex,ENSG00000263647,BPTFP1,1.675534345968083,0.75,4
Kidney - Cortex,ENSG00000116882,HAO2,1.6730721227573675,0.75,4
Kidney - Cortex,ENSG00000243955,GSTA1,1.6710970036654589,1.0,4
Kidney - Cortex,ENSG00000186529,CYP4F3,1.667370681826068,0.75,4
Kidney - Cortex,ENSG00000243509,TNFRSF6B,1.6672507694439629,0.5,4
Kidney - Cortex,ENSG00000138356,AOX1,1.6662985907242809,1.0,4
Kidney - Cortex,ENSG00000231389,HLA-DPA1,1.6657464858122748,0.75,4
Kidney - Cortex,ENSG00000185862,EVI2B,1.6621493877786175,1.0,4
Kidney - Cortex,ENSG00000124568,SLC17A1,1.6604710710266042,0.75,4
Kidney - Cortex,ENSG00000189058,APOD,1.6567765874180047,1.0,4
Kidney - Cortex,ENSG00000135220,UGT2A3,1.6497951739792107,0.75,4
Kidney - Cortex,ENSG00000004939,SLC4A1,1.6336750409403262,1.0,4
Kidney - Cortex,ENSG00000149124,GLYAT,1.632765562204702,0.75,4
Kidney - Cortex,ENSG00000243988,RPS24P17,1.6263516849655217,1.0,4
Kidney - Cortex,ENSG00000139194,RBP5,1.6253148661872923,0.75,4
Kidney - Cortex,ENSG00000156222,SLC28A1,1.6239762254309995,1.0,4
Kidney - Cortex,ENSG00000196735,HLA-DQA1,1.6194300355829574,1.0,4
Kidney - Cortex,ENSG00000156284,CLDN8,1.615143767873552,1.0,4
Kidney - Cortex,ENSG00000162482,AKR7A3,1.6034048438065216,1.0,4
Kidney - Cortex,ENSG00000100362,PVALB,1.6018043508663795,1.0,4
Kidney - Cortex,ENSG00000240583,AQP1,1.5909516954733978,0.75,4
Kidney - Cortex,ENSG00000122121,XPNPEP2,1.5881922137181643,0.75,4
Kidney - Cortex,ENSG00000203896,LIME1,1.5690224537228472,0.75,4
Kidney - Cortex,ENSG00000271303,SRXN1,1.567452684020452,0.5,4
Kidney - Cortex,ENSG00000129151,BBOX1,1.5668053858051243,1.0,4
Kidney - Cortex,ENSG00000124107,SLPI,1.5573273601147977,0.75,4
Kidney - Cortex,ENSG00000196136,SERPINA3,1.5449752254037457,0.75,4
Kidney - Cortex,ENSG00000213658,LAT,1.5437349000146323,0.5,4
Kidney - Cortex,ENSG00000155659,VSIG4,1.5330069152286827,0.75,4
Kidney - Cortex,ENSG00000153086,ACMSD,1.5321847658487344,0.75,4
Kidney - Cortex,ENSG00000011600,TYROBP,1.5309033083933428,1.0,4
Kidney - Cortex,ENSG00000205307,SAP25,1.527962467847599,0.5,4
Kidney - Cortex,ENSG00000164325,TMEM174,1.5254841926463436,0.75,4
Kidney - Cortex,ENSG00000281991,TMEM265,1.5153843550925126,0.5,4
Kidney - Cortex,ENSG00000163586,FABP1,1.509828960782884,1.0,4
Kidney - Cortex,ENSG00000157873,TNFRSF14,1.5077487482531597,0.5,4
Kidney - Cortex,ENSG00000203747,FCGR3A,1.5073663381101878,0.75,4
Kidney - Cortex,ENSG00000162366,PDZK1IP1,1.5067291305232016,0.75,4
Kidney - Cortex,ENSG00000165810,BTNL9,1.5057726644321785,1.0,4
Kidney - Cortex,ENSG00000010327,STAB1,1.4991286971450943,0.75,4
Kidney - Cortex,ENSG00000107317,PTGDS,1.4975828951461228,0.75,4
Kidney - Cortex,ENSG00000019186,CYP24A1,1.4961511842957345,0.5,4
Kidney - Cortex,ENSG00000166816,LDHD,1.4904150549872424,0.5,4
Kidney - Cortex,ENSG00000181778,TMEM252,1.4868469381235485,0.75,4
Kidney - Cortex,ENSG00000124253,PCK1,1.4821986878676183,0.75,4
Kidney - Cortex,ENSG00000160862,AZGP1,1.4780604115188718,0.75,4
Kidney - Cortex,ENSG00000249948,GBA3,1.477658991378108,1.0,4
Kidney - Cortex,ENSG00000274012,RN7SL2,1.4690160453121892,0.75,4
Kidney - Cortex,ENSG00000119138,KLF9,1.4631111896111422,0.75,4
Kidney - Cortex,ENSG00000012223,LTF,1.4609176784861473,0.75,4
Kidney - Cortex,ENSG00000170458,CD14,1.458906163167517,0.75,4
Kidney - Cortex,ENSG00000168065,SLC22A11,1.4576968175776992,0.75,4
Kidney - Cortex,ENSG00000109610,SOD3,1.4528976302492966,0.5,4
Kidney - Cortex,ENSG00000143119,CD53,1.4470245541003819,0.75,4
Kidney - Cortex,ENSG00000165140,FBP1,1.446313259823417,0.75,4
Kidney - Cortex,ENSG00000205364,MT1M,1.444368910514482,0.75,4
Kidney - Cortex,ENSG00000102878,HSF4,1.4411396155985927,0.5,4
Kidney - Cortex,ENSG00000135638,EMX1,1.4395683368610717,0.75,4
Kidney - Cortex,ENSG00000240065,PSMB9,1.4391836572882724,0.75,4
Kidney - Cortex,ENSG00000204511,MCCD1,1.4377886208129307,1.0,4
Kidney - Cortex,ENSG00000144908,ALDH1L1,1.4377615172727356,0.75,4
Kidney - Cortex,ENSG00000132677,RHBG,1.437582693040572,0.75,4
Kidney - Cortex,ENSG00000204642,HLA-F,1.4359605653051113,0.5,4
Kidney - Cortex,ENSG00000160282,FTCD,1.4341382854743845,0.75,4
Kidney - Cortex,ENSG00000056736,IL17RB,1.433456515336172,0.75,4
Kidney - Cortex,ENSG00000211452,DIO1,1.4297791306112821,0.75,4
Kidney - Cortex,ENSG00000134240,HMGCS2,1.4283639753434734,0.75,4
Kidney - Cortex,ENSG00000188175,HEPACAM2,1.428308393013288,1.0,4
Kidney - Cortex,ENSG00000186510,CLCNKA,1.4282943233966954,0.75,4
Kidney - Cortex,ENSG00000066813,ACSM2B,1.4250028284437501,0.75,4
Liver,ENSG00000112337,SLC17A2,2.401740290869624,1.0,6
Liver,ENSG00000175336,APOF,2.370885801306852,1.0,6
Liver,ENSG00000162365,CYP4A22,2.119603234418628,1.0,6
Liver,ENSG00000137204,SLC22A7,2.0860027932431513,1.0,6
Liver,ENSG00000055955,ITIH4,2.0820431864119953,1.0,6
Liver,ENSG00000100024,UPB1,2.0730599416056763,1.0,6
Liver,ENSG00000109758,HGFAC,2.025613928656916,0.8333333333333334,6
Liver,ENSG00000234906,APOC2,2.019898817052702,0.8333333333333334,6
Liver,ENSG00000159650,UROC1,1.9976423320594539,1.0,6
Liver,ENSG00000123454,DBH,1.9511121052878464,1.0,6
Liver,ENSG00000010610,CD4,1.9428047884000403,0.8333333333333334,6
Liver,ENSG00000010379,SLC6A13,1.9259630025490158,1.0,6
Liver,ENSG00000139547,RDH16,1.8951212551785641,1.0,6
Liver,ENSG00000140107,SLC25A47,1.8361585492125136,1.0,6
Liver,ENSG00000132840,BHMT2,1.816821727752816,0.8333333333333334,6
Liver,ENSG00000184999,SLC22A10,1.7948845959380153,1.0,6
Liver,ENSG00000121361,KCNJ8,1.7932356649830592,0.8333333333333334,6
Liver,ENSG00000186115,CYP4F2,1.7913462250424603,0.6666666666666666,6
Liver,ENSG00000255974,CYP2A6,1.7750529033131741,0.8333333333333334,6
Liver,ENSG00000123561,SERPINA7,1.7745739203085478,0.8333333333333334,6
Liver,ENSG00000175189,INHBC,1.7692031863306452,1.0,6
Liver,ENSG00000180432,CYP8B1,1.7594281986999236,1.0,6
Liver,ENSG00000255198,SNHG9,1.7380095807666915,0.6666666666666666,6
Liver,ENSG00000172497,ACOT12,1.7263966334542966,1.0,6
Liver,ENSG00000110243,APOA5,1.7230913848145246,1.0,6
Liver,ENSG00000113492,AGXT2,1.7137958265505524,0.6666666666666666,6
Liver,ENSG00000183747,ACSM2A,1.7079616880743964,0.8333333333333334,6
Liver,ENSG00000215644,GCGR,1.7046949797426956,1.0,6
Liver,ENSG00000204472,AIF1,1.6916560704249959,0.8333333333333334,6
Liver,ENSG00000009724,MASP2,1.690141026939506,0.8333333333333334,6
Liver,ENSG00000186732,MPPED1,1.6865295159194345,1.0,6
Liver,ENSG00000129988,LBP,1.6546635286850144,0.6666666666666666,6
Liver,ENSG00000248098,BCKDHA,1.6449176963178143,0.8333333333333334,6
Liver,ENSG00000143257,NR1I3,1.6442790053042569,1.0,6
Liver,ENSG00000187048,CYP4A11,1.6356877484912993,0.8333333333333334,6
Liver,ENSG00000139269,INHBE,1.6046966372171674,0.8333333333333334,6
Liver,ENSG00000127774,EMC6,1.60340776706739,0.6666666666666666,6
Liver,ENSG00000021852,C8B,1.5851125045509151,1.0,6
Liver,ENSG00000036473,OTC,1.5850749384889022,0.6666666666666666,6
Liver,ENSG00000132514,CLEC10A,1.5775255436746205,0.6666666666666666,6
Liver,ENSG00000138075,ABCG5,1.5749462155949068,1.0,6
Liver,ENSG00000182492,BGN,1.5627204756175281,0.8333333333333334,6
Liver,ENSG00000066813,ACSM2B,1.557571534139439,0.8333333333333334,6
Liver,ENSG00000145692,BHMT,1.5566952363815247,0.8333333333333334,6
Liver,ENSG00000261701,HPR,1.554859839102939,1.0,6
Liver,ENSG00000108551,RASD1,1.548239233364938,0.6666666666666666,6
Liver,ENSG00000204653,ASPDH,1.538701238054731,0.8333333333333334,6
Liver,ENSG00000198650,TAT,1.5319115876289329,1.0,6
Liver,ENSG00000171840,NINJ2,1.5296817800188565,0.6666666666666666,6
Liver,ENSG00000157087,ATP2B2,1.5275293871285944,0.6666666666666666,6
Liver,ENSG00000124568,SLC17A1,1.5187802229823941,0.6666666666666666,6
Liver,ENSG00000147647,DPYS,1.5174777690241763,0.8333333333333334,6
Liver,ENSG00000113905,HRG,1.4983910497731212,0.8333333333333334,6
Liver,ENSG00000120054,CPN1,1.4859912676841105,0.8333333333333334,6
Liver,ENSG00000213996,TM6SF2,1.4724731827247293,0.5,6
Liver,ENSG00000106327,TFR2,1.471709034631597,1.0,6
Liver,ENSG00000105852,PON3,1.4716608647667861,0.5,6
Liver,ENSG00000204099,NEU4,1.470346451921633,0.6666666666666666,6
Liver,ENSG00000158104,HPD,1.4697301042640047,0.8333333333333334,6
Liver,ENSG00000182196,ARL6IP4,1.465602428992866,0.6666666666666666,6
Liver,ENSG00000100197,CYP2D6,1.460401818166688,0.6666666666666666,6
Liver,ENSG00000099974,DDTL,1.45843951385011,0.5,6
Liver,ENSG00000105398,SULT2A1,1.4522788956528545,0.6666666666666666,6
Liver,ENSG00000182902,SLC25A18,1.4514892620069058,1.0,6
Liver,ENSG00000131482,G6PC,1.4502269079613666,0.8333333333333334,6
Liver,ENSG00000203896,LIME1,1.4408690157233046,0.6666666666666666,6
Liver,ENSG00000160862,AZGP1,1.4267646659460047,0.5,6
Liver,ENSG00000162460,TMEM82,1.4215344574384965,0.6666666666666666,6
Liver,ENSG00000147573,TRIM55,1.4164087012395505,0.6666666666666666,6
Liver,ENSG00000170458,CD14,1.4145350418417209,0.5,6
Liver,ENSG00000172482,AGXT,1.4052027391005375,0.8333333333333334,6
Liver,ENSG00000178772,CPN2,1.4023508041847403,0.8333333333333334,6
Liver,ENSG00000229314,ORM1,1.3970944813312867,0.6666666666666666,6
Liver,ENSG00000132837,DMGDH,1.397090136081488,0.8333333333333334,6
Liver,ENSG00000165471,MBL2,1.3963322903284048,0.8333333333333334,6
Liver,ENSG00000166391,MOGAT2,1.394766586211535,0.6666666666666666,6
Liver,ENSG00000167676,PLIN4,1.394095097289678,0.5,6
Liver,ENSG00000189233,NUGGC,1.3875498947549583,0.8333333333333334,6
Liver,ENSG00000039537,C6,1.3854897514676114,0.8333333333333334,6
Liver,ENSG00000134463,ECHDC3,1.3773401001610504,0.6666666666666666,6
Liver,ENSG00000130222,GADD45G,1.3727735157035472,0.8333333333333334,6
Liver,ENSG00000060566,CREB3L3,1.3701046283282465,0.6666666666666666,6
Liver,ENSG00000176046,NUPR1,1.369209268942601,0.6666666666666666,6
Liver,ENSG00000158869,FCER1G,1.3659767407052676,0.6666666666666666,6
Liver,ENSG00000214456,PLIN5,1.3654683266761145,0.6666666666666666,6
Liver,ENSG00000130427,EPO,1.364511106385349,0.8333333333333334,6
Liver,ENSG00000120341,SEC16B,1.3492960303196186,0.6666666666666666,6
Liver,ENSG00000137880,GCHFR,1.3479877666393223,0.8333333333333334,6
Liver,ENSG00000088926,F11,1.345698359795712,0.6666666666666666,6
Liver,ENSG00000250506,CDK3,1.341917470813068,0.6666666666666666,6
Liver,ENSG00000197444,OGDHL,1.336509305537179,0.6666666666666666,6
Liver,ENSG00000167799,NUDT8,1.3263088786128858,0.3333333333333333,6
Liver,ENSG00000123843,C4BPB,1.324571730093944,0.5,6
Liver,ENSG00000143921,ABCG8,1.3245624549447903,0.8333333333333334,6
Liver,ENSG00000083807,SLC27A5,1.324169880973515,0.6666666666666666,6
Liver,ENSG00000167701,GPT,1.3146472994370748,0.3333333333333333,6
Liver,ENSG00000112964,GHR,1.312235197484548,0.6666666666666666,6
Liver,ENSG00000213780,GTF2H4,1.3101318009290939,0.5,6
Liver,ENSG00000215218,UBE2QL1,1.3063358177426545,0.5,6
Liver,ENSG00000198937,CCDC167,1.303297071502924,0.5,6
Lung,ENSG00000182326,C1S,3.1343608575327724,1.0,4
Lung,ENSG00000131400,NAPSA,3.130010882675298,1.0,4
Lung,ENSG00000106991,ENG,3.1066991532940382,1.0,4
Lung,ENSG00000130208,APOC1,3.095023762327944,1.0,4
Lung,ENSG00000138080,EMILIN1,3.077572782202735,1.0,4
Lung,ENSG00000135929,CYP27A1,3.0174958209990725,1.0,4
Lung,ENSG00000116962,NID1,2.9307570671193384,1.0,4
Lung,ENSG00000196126,HLA-DRB1,2.9096526476569364,1.0,4
Lung,ENSG00000266820,KPNA2P3,2.9006779466547985,1.0,4
Lung,ENSG00000101955,SRPX,2.8671564841098673,1.0,4
Lung,ENSG00000185201,IFITM2,2.8444258551920396,1.0,4
Lung,ENSG00000004799,PDK4,2.838728352819329,1.0,4
Lung,ENSG00000130303,BST2,2.829029014195191,1.0,4
Lung,ENSG00000140092,FBLN5,2.8152043494286687,1.0,4
Lung,ENSG00000106333,PCOLCE,2.809747841718589,1.0,4
Lung,ENSG00000204287,HLA-DRA,2.8087563119020307,1.0,4
Lung,ENSG00000106538,RARRES2,2.8077413051937397,1.0,4
Lung,ENSG00000184489,PTP4A3,2.778036473342344,1.0,4
Lung,ENSG00000204305,AGER,2.7638010024812525,1.0,4
Lung,ENSG00000149781,FERMT3,2.757984036685011,1.0,4
Lung,ENSG00000206341,HLA-H,2.756159089398869,1.0,4
Lung,ENSG00000110446,SLC15A3,2.7490834123870247,1.0,4
Lung,ENSG00000087245,MMP2,2.737541095902089,1.0,4
Lung,ENSG00000160867,FGFR4,2.737308864861369,1.0,4
Lung,ENSG00000142347,MYO1F,2.7192362134707824,1.0,4
Lung,ENSG00000205307,SAP25,2.712717850437657,1.0,4
Lung,ENSG00000243679,RP11-274B21.3,2.702629377987371,1.0,4
Lung,ENSG00000187498,COL4A1,2.6953214795119216,1.0,4
Lung,ENSG00000229415,SFTA3,2.692638879808596,1.0,4
Lung,ENSG00000012779,ALOX5,2.6753876906080842,1.0,4
Lung,ENSG00000132688,NES,2.67415346793768,1.0,4
Lung,ENSG00000149591,TAGLN,2.657626119036311,1.0,4
Lung,ENSG00000090382,LYZ,2.657277835031585,1.0,4
Lung,ENSG00000197405,C5AR1,2.644664654594372,1.0,4
Lung,ENSG00000130830,MPP1,2.6402213724921673,1.0,4
Lung,ENSG00000101335,MYL9,2.6400755847605977,1.0,4
Lung,ENSG00000130203,APOE,2.629953029244951,1.0,4
Lung,ENSG00000089820,ARHGAP4,2.6251302512368833,1.0,4
Lung,ENSG00000176971,FIBIN,2.607190228564357,1.0,4
Lung,ENSG00000100060,MFNG,2.6052957147135425,1.0,4
Lung,ENSG00000147257,GPC3,2.604433498550129,1.0,4
Lung,ENSG00000197043,ANXA6,2.597513905384485,1.0,4
Lung,ENSG00000243302,RP11-274B21.2,2.593549614665558,1.0,4
Lung,ENSG00000266714,MYO15B,2.59092163913443,1.0,4
Lung,ENSG00000213949,ITGA1,2.5894436586738605,1.0,4
Lung,ENSG00000159403,C1R,2.585785366605761,1.0,4
Lung,ENSG00000142156,COL6A1,2.5781230251680736,1.0,4
Lung,ENSG00000170458,CD14,2.5764925200864948,1.0,4
Lung,ENSG00000099994,SUSD2,2.5727979031778014,1.0,4
Lung,ENSG00000242574,HLA-DMB,2.5695661623197767,1.0,4
Lung,ENSG00000239697,TNFSF12,2.568885621272723,1.0,4
Lung,ENSG00000163221,S100A12,2.5633054370572577,1.0,4
Lung,ENSG00000129946,SHC2,2.560795954972172,1.0,4
Lung,ENSG00000143248,RGS5,2.5568336600628285,1.0,4
Lung,ENSG00000119138,KLF9,2.551806217261882,1.0,4
Lung,ENSG00000010610,CD4,2.551428819572684,1.0,4
Lung,ENSG00000198832,SELENOM,2.548816377071912,1.0,4
Lung,ENSG00000243056,EIF4EBP3,2.543958177155956,1.0,4
Lung,ENSG00000103196,CRISPLD2,2.543204809926534,1.0,4
Lung,ENSG00000145147,SLIT2,2.519254894814754,1.0,4
Lung,ENSG00000169439,SDC2,2.5057022491048118,1.0,4
Lung,ENSG00000129538,RNASE1,2.4951631288479703,1.0,4
Lung,ENSG00000153446,C16orf89,2.4925938926255853,1.0,4
Lung,ENSG00000204257,HLA-DMA,2.4884486080490174,1.0,4
Lung,ENSG00000225383,SFTA1P,2.487503515492369,1.0,4
Lung,ENSG00000225630,MTND2P28,2.4866608114208266,1.0,4
Lung,ENSG00000172638,EFEMP2,2.486478779230093,1.0,4
Lung,ENSG00000079308,TNS1,2.485415226309895,1.0,4
Lung,ENSG00000197766,CFD,2.4853433894096124,1.0,4
Lung,ENSG00000154175,ABI3BP,2.4833657292240923,1.0,4
Lung,ENSG00000173467,AGR3,2.4745579221992466,1.0,4
Lung,ENSG00000184922,FMNL1,2.4744340838507313,1.0,4
Lung,ENSG00000164949,GEM,2.4739179421602975,1.0,4
Lung,ENSG00000229152,ANKRD10-IT1,2.4662617292490103,1.0,4
Lung,ENSG00000128284,APOL3,2.4642978445932844,1.0,4
Lung,ENSG00000073712,FERMT2,2.4531745246482255,1.0,4
Lung,ENSG00000189058,APOD,2.448857482947045,1.0,4
Lung,ENSG00000159640,ACE,2.4476099057462815,1.0,4
Lung,ENSG00000166592,RRAD,2.4439995405964146,1.0,4
Lung,ENSG00000204301,NOTCH4,2.439307480967563,1.0,4
Lung,ENSG00000131459,GFPT2,2.4388625392558243,1.0,4
Lung,ENSG00000022267,FHL1,2.431495155575047,1.0,4
Lung,ENSG00000185885,IFITM1,2.4263548033903755,1.0,4
Lung,ENSG00000127528,KLF2,2.418358121013804,1.0,4
Lung,ENSG00000154146,NRGN,2.4182606781135907,1.0,4
Lung,ENSG00000115414,FN1,2.4125476802943155,1.0,4
Lung,ENSG00000135111,TBX3,2.410554850048905,1.0,4
Lung,ENSG00000172889,EGFL7,2.39678547943982,1.0,4
Lung,ENSG00000258818,RNASE4,2.390781800292822,1.0,4
Lung,ENSG00000167972,ABCA3,2.386579546545666,1.0,4
Lung,ENSG00000130222,GADD45G,2.3863167928403124,1.0,4
Lung,ENSG00000163909,HEYL,2.3839322966983625,1.0,4
Lung,ENSG00000142227,EMP3,2.3734753054777284,1.0,4
Lung,ENSG00000142102,PGGHG,2.368937327348672,1.0,4
Lung,ENSG00000162551,ALPL,2.3633062883611613,1.0,4
Lung,ENSG00000165072,MAMDC2,2.361468266583774,1.0,4
Lung,ENSG00000064989,CALCRL,2.355289659878,1.0,4
Lung,ENSG00000086289,EPDR1,2.343320673799111,1.0,4
Lung,ENSG00000110876,SELPLG,2.342551672944939,1.0,4
Lung,ENSG00000114812,VIPR1,2.341508965294723,1.0,4
