organ,term,NES,p,fdr
Brain - Cortex,HALLMARK_G2M_CHECKPOINT,-2.82058193639189,0.0,0.0
Brain - Cortex,HALLMARK_OXIDATIVE_PHOSPHORYLATION,2.633766388895626,0.0,0.0
Brain - Cortex,HALLMARK_E2F_TARGETS,-2.4985697839803183,0.0,0.0
Brain - Cortex,HALLMARK_MITOTIC_SPINDLE,-2.188217546932229,0.0,0.0
Brain - Cortex,HALLMARK_INTERFERON_ALPHA_RESPONSE,2.1538048137263437,0.0,0.0
Brain - Cortex,HALLMARK_INTERFERON_GAMMA_RESPONSE,1.952131748687419,0.0,0.001544034681394382
Brain - Cortex,HALLMARK_REACTIVE_OXYGEN_SPECIES_PATHWAY,1.795586857618804,0.00423728813559322,0.0023160520220915732
Brain - Cortex,HALLMARK_FATTY_ACID_METABOLISM,1.7728595831177951,0.0,0.002316052022091573
Brain - Cortex,HALLMARK_EPITHELIAL_MESENCHYMAL_TRANSITION,-1.7462407004078913,0.0,0.002613619863510963
Brain - Cortex,HALLMARK_ADIPOGENESIS,1.699555269238536,0.0,0.004632104044183146
Brain - Cortex,HALLMARK_MYOGENESIS,1.69505054032458,0.0,0.003970374895014125
Brain - Cortex,HALLMARK_ALLOGRAFT_REJECTION,1.6712677353332803,0.0,0.004053091038660253
Brain - Cortex,HALLMARK_XENOBIOTIC_METABOLISM,1.6640362451062012,0.0,0.003602747589920225
Brain - Cortex,HALLMARK_COMPLEMENT,1.6063166337860535,0.0,0.007411366470693034
Brain - Cortex,HALLMARK_GLYCOLYSIS,-1.5778620410355124,0.0,0.016030201829533904
Brain - Cortex,HALLMARK_PROTEIN_SECRETION,-1.54627406241329,0.0035460992907801418,0.019747350079860608
Brain - Cortex,HALLMARK_UV_RESPONSE_DN,-1.5285956285596976,0.0,0.019415461843224294
Brain - Cortex,HALLMARK_HEDGEHOG_SIGNALING,-1.5281811975221338,0.02877697841726619,0.01720633076811384
Brain - Cortex,HALLMARK_PANCREAS_BETA_CELLS,-1.5174597467710889,0.02181818181818182,0.017036929480664053
Brain - Cortex,HALLMARK_INFLAMMATORY_RESPONSE,1.493029111510416,0.004524886877828055,0.020002267463518134
Brain - Cortex,HALLMARK_KRAS_SIGNALING_UP,1.4387896132201208,0.0,0.028564641605796064
Brain - Cortex,HALLMARK_KRAS_SIGNALING_DN,1.346211490916074,0.022321428571428572,0.06574024585783003
Brain - Cortex,HALLMARK_DNA_REPAIR,1.3382748515684848,0.012552301255230125,0.06551118576773307
Brain - Cortex,HALLMARK_TGF_BETA_SIGNALING,-1.3233863311563072,0.07196969696969698,0.10123420937999128
Brain - Cortex,HALLMARK_ANDROGEN_RESPONSE,-1.314681429926325,0.0706713780918728,0.0999511596288132
Brain - Cortex,HALLMARK_HEME_METABOLISM,1.311511209205542,0.023148148148148147,0.07781934794227686
Brain - Cortex,HALLMARK_IL6_JAK_STAT3_SIGNALING,1.3023156722563929,0.046218487394957986,0.08077231427044361
Brain - Cortex,HALLMARK_COAGULATION,1.298507184167258,0.049019607843137254,0.07942696052231689
Brain - Cortex,HALLMARK_BILE_ACID_METABOLISM,1.2394557419947216,0.0823045267489712,0.12313676584120198
Brain - Cortex,HALLMARK_MTORC1_SIGNALING,-1.236849803742669,0.06909090909090909,0.1826629882387106
Brain - Cortex,HALLMARK_NOTCH_SIGNALING,-1.2193880712252207,0.18726591760299627,0.19582044208151367
Brain - Cortex,HALLMARK_WNT_BETA_CATENIN_SIGNALING,-1.2121954931408274,0.1815068493150685,0.19129208239125473
Brain - Cortex,HALLMARK_APICAL_SURFACE,-1.1982577628289877,0.17842323651452283,0.1989835922753013
Brain - Cortex,HALLMARK_UV_RESPONSE_UP,1.1717777524165394,0.14349775784753363,0.19686442187778375
Brain - Cortex,HALLMARK_SPERMATOGENESIS,-1.1654345127331662,0.17028985507246377,0.2399085233047771
Brain - Cortex,HALLMARK_HYPOXIA,-1.0865649338613808,0.23591549295774647,0.38374089290137425
Brain - Cortex,HALLMARK_ESTROGEN_RESPONSE_LATE,1.068317868120232,0.2651162790697674,0.3903705683235346
Brain - Cortex,HALLMARK_ANGIOGENESIS,-1.0552576918654362,0.3902439024390244,0.43579691205653165
Brain - Cortex,HALLMARK_TNFA_SIGNALING_VIA_NFKB,1.0543251861429719,0.29955947136563876,0.40431651014227177
Brain - Cortex,HALLMARK_PI3K_AKT_MTOR_SIGNALING,-1.0371259001631157,0.38721804511278196,0.4574293290944801
Brain - Cortex,HALLMARK_UNFOLDED_PROTEIN_RESPONSE,-1.0085691861475636,0.4275092936802974,0.5069551328590097
Brain - Cortex,HALLMARK_APICAL_JUNCTION,-0.986828150379328,0.4623287671232877,0.5457072330892572
Brain - Cortex,HALLMARK_P53_PATHWAY,0.9541442599590106,0.5851528384279476,0.6664966069028068
Brain - Cortex,HALLMARK_APOPTOSIS,0.9467232510862037,0.5871559633027523,0.6641027428562576
Brain - Cortex,HALLMARK_MYC_TARGETS_V2,0.9427429829422981,0.5420560747663551,0.6478190510125305
Brain - Cortex,HALLMARK_ESTROGEN_RESPONSE_EARLY,-0.9255500894769362,0.6408450704225352,0.6970444975381813
Brain - Cortex,HALLMARK_IL2_STAT5_SIGNALING,0.91018792413686,0.7168949771689498,0.7164012114733653
Brain - Cortex,HALLMARK_PEROXISOME,0.8850072132620831,0.7400881057268722,0.7526278282558346
Brain - Cortex,HALLMARK_MYC_TARGETS_V1,-0.8266950700963108,0.9150326797385621,0.911736668329114
Brain - Cortex,HALLMARK_CHOLESTEROL_HOMEOSTASIS,-0.8117389488425886,0.8161764705882353,0.8984318280818934
Colon - Transverse,HALLMARK_EPITHELIAL_MESENCHYMAL_TRANSITION,2.620963516824064,0.0,0.0
Colon - Transverse,HALLMARK_G2M_CHECKPOINT,-2.3364869992377884,0.0,0.0
Colon - Transverse,HALLMARK_MYOGENESIS,2.1936593413919496,0.0,0.0
Colon - Transverse,HALLMARK_E2F_TARGETS,-1.9728995627306307,0.0,0.000667779632721202
Colon - Transverse,HALLMARK_INTERFERON_GAMMA_RESPONSE,1.8669221448596205,0.0,0.007175925925925927
Colon - Transverse,HALLMARK_MITOTIC_SPINDLE,-1.8527908213700857,0.0,0.0017807456872565386
Colon - Transverse,HALLMARK_OXIDATIVE_PHOSPHORYLATION,1.8238189499832438,0.0,0.006727430555555555
Colon - Transverse,HALLMARK_CHOLESTEROL_HOMEOSTASIS,-1.7396744159428355,0.003861003861003861,0.004674457429048414
Colon - Transverse,HALLMARK_GLYCOLYSIS,-1.736982504334743,0.0,0.0037395659432387313
Colon - Transverse,HALLMARK_XENOBIOTIC_METABOLISM,1.6838256597954462,0.0,0.028524305555555556
Colon - Transverse,HALLMARK_ADIPOGENESIS,1.6167644455917425,0.00398406374501992,0.0408130787037037
Colon - Transverse,HALLMARK_COAGULATION,1.5759945012697871,0.020161290322580645,0.046899801587301594
Colon - Transverse,HALLMARK_SPERMATOGENESIS,-1.5719867832564653,0.011904761904761904,0.025153032832498607
Colon - Transverse,HALLMARK_PANCREAS_BETA_CELLS,1.5204862440716485,0.05405405405405406,0.06424696180555556
Colon - Transverse,HALLMARK_KRAS_SIGNALING_UP,1.5154957690572266,0.012658227848101266,0.059500385802469136
Colon - Transverse,HALLMARK_APOPTOSIS,1.504053958851685,0.015209125475285171,0.05866319444444444
Colon - Transverse,HALLMARK_IL6_JAK_STAT3_SIGNALING,1.4818879525496007,0.0375,0.06287089646464647
Colon - Transverse,HALLMARK_IL2_STAT5_SIGNALING,1.4777529593341685,0.020161290322580645,0.05920138888888889
Colon - Transverse,HALLMARK_APICAL_JUNCTION,1.4512949232146204,0.01937984496124031,0.06768830128205128
Colon - Transverse,HALLMARK_UV_RESPONSE_DN,1.4249162011173466,0.029411764705882353,0.07650049603174604
Colon - Transverse,HALLMARK_MTORC1_SIGNALING,-1.3732745161129705,0.033582089552238806,0.11714762699737657
Colon - Transverse,HALLMARK_PROTEIN_SECRETION,-1.3115108171331122,0.09055118110236221,0.16193656093489148
Colon - Transverse,HALLMARK_INTERFERON_ALPHA_RESPONSE,1.3088558943470352,0.1067193675889328,0.17078703703703701
Colon - Transverse,HALLMARK_TNFA_SIGNALING_VIA_NFKB,1.2817245818408336,0.0984251968503937,0.18988172743055556
Colon - Transverse,HALLMARK_ALLOGRAFT_REJECTION,1.2772025806585836,0.09913793103448276,0.18346098856209153
Colon - Transverse,HALLMARK_COMPLEMENT,1.2170029295276703,0.14173228346456693,0.25653935185185184
Colon - Transverse,HALLMARK_UV_RESPONSE_UP,1.1895284546410736,0.12955465587044535,0.2831186038011696
Colon - Transverse,HALLMARK_TGF_BETA_SIGNALING,1.1764720850276686,0.24793388429752067,0.2896831597222222
Colon - Transverse,HALLMARK_ANDROGEN_RESPONSE,-1.174080380391433,0.20676691729323307,0.3325542570951586
Colon - Transverse,HALLMARK_HEME_METABOLISM,1.1517004659880343,0.15725806451612903,0.322275958994709
Colon - Transverse,HALLMARK_FATTY_ACID_METABOLISM,1.1405242427670454,0.23193916349809887,0.32732007575757577
Colon - Transverse,HALLMARK_INFLAMMATORY_RESPONSE,-1.1178919100575344,0.24806201550387597,0.4097495826377296
Colon - Transverse,HALLMARK_ESTROGEN_RESPONSE_LATE,1.115765543759663,0.2283464566929134,0.3549743357487922
Colon - Transverse,HALLMARK_ESTROGEN_RESPONSE_EARLY,-1.1121620484614996,0.23790322580645162,0.3836697526179997
Colon - Transverse,HALLMARK_WNT_BETA_CATENIN_SIGNALING,-1.0958957937841518,0.32592592592592595,0.3847523650528659
Colon - Transverse,HALLMARK_DNA_REPAIR,1.0665561789254152,0.3424124513618677,0.43447989004629634
Colon - Transverse,HALLMARK_BILE_ACID_METABOLISM,-1.0004414910060129,0.4385245901639344,0.5520996532682676
Colon - Transverse,HALLMARK_MYC_TARGETS_V2,0.9948869543142866,0.47520661157024796,0.5741458333333334
Colon - Transverse,HALLMARK_NOTCH_SIGNALING,0.9805676166857101,0.4844961240310077,0.584251469017094
Colon - Transverse,HALLMARK_HYPOXIA,0.8597746458493178,0.8025210084033614,0.8435699588477367
Colon - Transverse,HALLMARK_P53_PATHWAY,0.8525544027887063,0.7685589519650655,0.8285311259920636
Colon - Transverse,HALLMARK_UNFOLDED_PROTEIN_RESPONSE,-0.8454873170310087,0.7769516728624535,0.8791795850226568
Colon - Transverse,HALLMARK_REACTIVE_OXYGEN_SPECIES_PATHWAY,0.8299176209414972,0.7021276595744681,0.8459859913793104
Colon - Transverse,HALLMARK_PEROXISOME,-0.8140899286444065,0.8047808764940239,0.8829827490261547
Colon - Transverse,HALLMARK_PI3K_AKT_MTOR_SIGNALING,-0.7808215260369487,0.8911290322580645,0.8728714524207012
Colon - Transverse,HALLMARK_KRAS_SIGNALING_DN,0.7422963802632858,0.885593220338983,0.9482986111111111
Colon - Transverse,HALLMARK_MYC_TARGETS_V1,0.6033477045493983,1.0,0.9896701388888889
Kidney - Cortex,HALLMARK_E2F_TARGETS,-2.806811934110565,0.0,0.0
Kidney - Cortex,HALLMARK_G2M_CHECKPOINT,-2.7507515005995797,0.0,0.0
Kidney - Cortex,HALLMARK_TNFA_SIGNALING_VIA_NFKB,2.565447979534297,0.0,0.0
Kidney - Cortex,HALLMARK_INTERFERON_GAMMA_RESPONSE,2.562353206950193,0.0,0.0
Kidney - Cortex,HALLMARK_INTERFERON_ALPHA_RESPONSE,2.548172418682197,0.0,0.0
Kidney - Cortex,HALLMARK_COAGULATION,2.374751522949098,0.0,0.0
Kidney - Cortex,HALLMARK_XENOBIOTIC_METABOLISM,2.3177165638148653,0.0,0.0
Kidney - Cortex,HALLMARK_COMPLEMENT,2.237509612392373,0.0,0.0
Kidney - Cortex,HALLMARK_IL6_JAK_STAT3_SIGNALING,2.185716050671253,0.0,0.0
Kidney - Cortex,HALLMARK_MITOTIC_SPINDLE,-2.0921787328319845,0.0,0.0
Kidney - Cortex,HALLMARK_REACTIVE_OXYGEN_SPECIES_PATHWAY,2.061363990234081,0.0,0.0
Kidney - Cortex,HALLMARK_FATTY_ACID_METABOLISM,2.041435980748274,0.0,0.0
Kidney - Cortex,HALLMARK_INFLAMMATORY_RESPONSE,2.036875826307216,0.0,0.0
Kidney - Cortex,HALLMARK_ALLOGRAFT_REJECTION,2.0366880223054,0.0,0.0
Kidney - Cortex,HALLMARK_BILE_ACID_METABOLISM,2.018126393929248,0.0,0.0
Kidney - Cortex,HALLMARK_SPERMATOGENESIS,-1.9739093233222589,0.0,0.0
Kidney - Cortex,HALLMARK_KRAS_SIGNALING_UP,1.9215835237010097,0.0,0.0006908631602453611
Kidney - Cortex,HALLMARK_IL2_STAT5_SIGNALING,1.8780903887146256,0.0,0.0006415157916564067
Kidney - Cortex,HALLMARK_ADIPOGENESIS,1.876052866877455,0.0,0.0005987480722126463
Kidney - Cortex,HALLMARK_OXIDATIVE_PHOSPHORYLATION,1.8593397035869912,0.0,0.0005613263176993559
Kidney - Cortex,HALLMARK_PANCREAS_BETA_CELLS,-1.8351008189470976,0.0,0.000729770336982185
Kidney - Cortex,HALLMARK_P53_PATHWAY,1.7959666338985585,0.0,0.0015849213676217108
Kidney - Cortex,HALLMARK_HEME_METABOLISM,1.765027837808396,0.0,0.0014968701805316159
Kidney - Cortex,HALLMARK_UV_RESPONSE_UP,1.6851716141463917,0.0,0.0022059139502571177
Kidney - Cortex,HALLMARK_ESTROGEN_RESPONSE_LATE,1.6759840699461508,0.0,0.002394992288850585
Kidney - Cortex,HALLMARK_ESTROGEN_RESPONSE_EARLY,1.673173538973119,0.0,0.002423504101813092
Kidney - Cortex,HALLMARK_HYPOXIA,1.615396371429215,0.0,0.003810215004989567
Kidney - Cortex,HALLMARK_PEROXISOME,1.568248973601409,0.004310344827586207,0.0053366676001561945
Kidney - Cortex,HALLMARK_APOPTOSIS,1.5617386673016627,0.0,0.005738002358704527
Kidney - Cortex,HALLMARK_ANGIOGENESIS,1.4040052365021112,0.06198347107438017,0.02885965708064955
Kidney - Cortex,HALLMARK_CHOLESTEROL_HOMEOSTASIS,1.289182995633023,0.08520179372197309,0.07518894060670347
Kidney - Cortex,HALLMARK_UV_RESPONSE_DN,-1.2572795247678683,0.08076923076923077,0.23656721757172497
Kidney - Cortex,HALLMARK_MYC_TARGETS_V1,-1.245287880183831,0.06037735849056604,0.21910485593679416
Kidney - Cortex,HALLMARK_EPITHELIAL_MESENCHYMAL_TRANSITION,-1.2097189447964334,0.0738255033557047,0.2508585533376261
Kidney - Cortex,HALLMARK_WNT_BETA_CATENIN_SIGNALING,-1.2079176796236255,0.17293233082706766,0.22460709260451694
Kidney - Cortex,HALLMARK_MYOGENESIS,1.1732460253219377,0.12093023255813953,0.17962442166379386
Kidney - Cortex,HALLMARK_TGF_BETA_SIGNALING,1.1479989011127802,0.22746781115879827,0.20838571298972278
Kidney - Cortex,HALLMARK_APICAL_SURFACE,1.1082834461573492,0.2692307692307692,0.2592166222975784
Kidney - Cortex,HALLMARK_HEDGEHOG_SIGNALING,-1.1045189817643248,0.3155893536121673,0.41438792301638405
Kidney - Cortex,HALLMARK_KRAS_SIGNALING_DN,-1.0577188748134745,0.3404255319148936,0.5096229519925592
Kidney - Cortex,HALLMARK_APICAL_JUNCTION,1.0214471219497876,0.4095238095238095,0.4339925610087998
Kidney - Cortex,HALLMARK_ANDROGEN_RESPONSE,0.9960720148594596,0.4675324675324675,0.4826682040191622
Kidney - Cortex,HALLMARK_MTORC1_SIGNALING,-0.9814118970721047,0.5176056338028169,0.7028093773103431
Kidney - Cortex,HALLMARK_PI3K_AKT_MTOR_SIGNALING,-0.9137871322744984,0.6476868327402135,0.8688009422072527
Kidney - Cortex,HALLMARK_DNA_REPAIR,-0.8712558673250365,0.8076923076923077,0.9321947280736721
Kidney - Cortex,HALLMARK_MYC_TARGETS_V2,-0.8532230680846444,0.7283464566929134,0.9134292051227016
Kidney - Cortex,HALLMARK_GLYCOLYSIS,-0.8516934626474325,0.8281786941580757,0.8598366960005723
Kidney - Cortex,HALLMARK_NOTCH_SIGNALING,0.7903644007633956,0.8073394495412844,0.955938719042003
Kidney - Cortex,HALLMARK_UNFOLDED_PROTEIN_RESPONSE,0.6616230122068916,1.0,0.9916538147509752
Kidney - Cortex,HALLMARK_PROTEIN_SECRETION,-0.4646595723718635,1.0,0.9997853616655935
Liver,HALLMARK_MITOTIC_SPINDLE,-2.5241379934585457,0.0,0.0
Liver,HALLMARK_XENOBIOTIC_METABOLISM,2.288712261663176,0.0,0.0
Liver,HALLMARK_COAGULATION,2.24892452248867,0.0,0.0
Liver,HALLMARK_FATTY_ACID_METABOLISM,2.1453933975556656,0.0,0.0
Liver,HALLMARK_OXIDATIVE_PHOSPHORYLATION,2.1355183737267733,0.0,0.0
Liver,HALLMARK_G2M_CHECKPOINT,-2.1010837216830622,0.0,0.0
Liver,HALLMARK_BILE_ACID_METABOLISM,2.0904008199895623,0.0,0.0
Liver,HALLMARK_UV_RESPONSE_DN,-2.045906148529834,0.0,0.0
Liver,HALLMARK_INTERFERON_GAMMA_RESPONSE,1.7777923024316293,0.0,0.0019048590914502441
Liver,HALLMARK_INTERFERON_ALPHA_RESPONSE,1.7303824755987942,0.0,0.003877748864737997
Liver,HALLMARK_ADIPOGENESIS,1.7070894744654956,0.0,0.00464309403540997
Liver,HALLMARK_PROTEIN_SECRETION,-1.696781791929335,0.0,0.016293279022403257
Liver,HALLMARK_SPERMATOGENESIS,-1.5702778806170998,0.018633540372670808,0.039103869653767824
Liver,HALLMARK_E2F_TARGETS,-1.5451883424383661,0.0,0.04005431093007468
Liver,HALLMARK_PANCREAS_BETA_CELLS,1.5279744567222935,0.040880503144654086,0.034922416676587804
Liver,HALLMARK_APICAL_JUNCTION,-1.4698441893192171,0.0,0.06400931044515566
Liver,HALLMARK_IL6_JAK_STAT3_SIGNALING,1.4420628282330192,0.035326086956521736,0.07114648706566662
Liver,HALLMARK_PEROXISOME,1.4140803704520455,0.03667481662591687,0.08467964506537903
Liver,HALLMARK_KRAS_SIGNALING_DN,1.3984591746549297,0.052054794520547946,0.08833784036600507
Liver,HALLMARK_DNA_REPAIR,1.3747045056646743,0.028639618138424822,0.09934572800025118
Liver,HALLMARK_ALLOGRAFT_REJECTION,1.3626764183787166,0.05804749340369393,0.10041328639216286
Liver,HALLMARK_COMPLEMENT,1.3262320140537507,0.051094890510948905,0.12591118594486114
Liver,HALLMARK_APICAL_SURFACE,-1.3159229072695342,0.13227513227513227,0.159877800407332
Liver,HALLMARK_TGF_BETA_SIGNALING,-1.3018087523275856,0.1095890410958904,0.15569133288074224
Liver,HALLMARK_ANDROGEN_RESPONSE,-1.240201277142229,0.09243697478991597,0.21873727087576375
Liver,HALLMARK_HEDGEHOG_SIGNALING,-1.2319887462778114,0.16167664670658682,0.21070172190335124
Liver,HALLMARK_MYC_TARGETS_V2,1.214019265224502,0.1820580474934037,0.26215623246083986
Liver,HALLMARK_KRAS_SIGNALING_UP,-1.210689727191724,0.09090909090909091,0.22742701968771217
Liver,HALLMARK_ANGIOGENESIS,-1.1936731243782277,0.2046783625730994,0.23311922293592352
Liver,HALLMARK_UV_RESPONSE_UP,1.1900869084556733,0.1625615763546798,0.28942653136564594
Liver,HALLMARK_IL2_STAT5_SIGNALING,-1.1887735688037249,0.06896551724137931,0.2231597323247018
Liver,HALLMARK_REACTIVE_OXYGEN_SPECIES_PATHWAY,1.1676542067603195,0.23728813559322035,0.3120794144825983
Liver,HALLMARK_APOPTOSIS,1.1640431211141753,0.19656019656019655,0.3014439512220011
Liver,HALLMARK_HYPOXIA,1.1426055279608682,0.20924574209245742,0.3231593448645339
Liver,HALLMARK_MYOGENESIS,1.1360279075024005,0.2518703241895262,0.320016327363641
Liver,HALLMARK_INFLAMMATORY_RESPONSE,-1.1310009037538882,0.19827586206896552,0.30441276306856757
Liver,HALLMARK_ESTROGEN_RESPONSE_EARLY,-1.0938881344036222,0.21739130434782608,0.3625254582484725
Liver,HALLMARK_MTORC1_SIGNALING,-1.0732576377797853,0.2037037037037037,0.3833712711153708
Liver,HALLMARK_P53_PATHWAY,1.045686976411583,0.37708830548926014,0.48840154182263473
Liver,HALLMARK_EPITHELIAL_MESENCHYMAL_TRANSITION,-1.0358982208912573,0.37209302325581395,0.4485177642000452
Liver,HALLMARK_WNT_BETA_CATENIN_SIGNALING,-1.0197710808009663,0.39520958083832336,0.46328652588701896
Liver,HALLMARK_TNFA_SIGNALING_VIA_NFKB,0.9986523530091326,0.486284289276808,0.570588117849846
Liver,HALLMARK_PI3K_AKT_MTOR_SIGNALING,-0.9973042088803035,0.43119266055045874,0.49287169042769857
Liver,HALLMARK_ESTROGEN_RESPONSE_LATE,0.9863912672432228,0.5060240963855421,0.5758031872374442
Liver,HALLMARK_NOTCH_SIGNALING,-0.9801155404517528,0.4685714285714286,0.5122684511686548
Liver,HALLMARK_HEME_METABOLISM,0.9574119597023203,0.5847665847665847,0.6136884534925251
Liver,HALLMARK_GLYCOLYSIS,-0.9334925322714275,0.7402597402597403,0.6134049250138863
Liver,HALLMARK_UNFOLDED_PROTEIN_RESPONSE,0.8828631014128472,0.7077294685990339,0.7461919171700283
Liver,HALLMARK_CHOLESTEROL_HOMEOSTASIS,0.8468117387113389,0.7253333333333334,0.7851194221927422
Liver,HALLMARK_MYC_TARGETS_V1,0.7940843491323277,0.91324200913242,0.8438185621715394
Lung,HALLMARK_G2M_CHECKPOINT,-2.671933677063431,0.0,0.0
Lung,HALLMARK_INTERFERON_GAMMA_RESPONSE,2.561396478129578,0.0,0.0
Lung,HALLMARK_INTERFERON_ALPHA_RESPONSE,2.5599155552285437,0.0,0.0
Lung,HALLMARK_E2F_TARGETS,-2.506131435303608,0.0,0.0
Lung,HALLMARK_EPITHELIAL_MESENCHYMAL_TRANSITION,2.407238590537384,0.0,0.0
Lung,HALLMARK_COAGULATION,2.1725954690660436,0.0,0.0
Lung,HALLMARK_MITOTIC_SPINDLE,-2.1107092997916044,0.0,0.0
Lung,HALLMARK_MYOGENESIS,1.996938360286102,0.0,0.0
Lung,HALLMARK_SPERMATOGENESIS,-1.9831660898767822,0.0,0.0
Lung,HALLMARK_KRAS_SIGNALING_DN,-1.9441476783356335,0.0,0.0
Lung,HALLMARK_TNFA_SIGNALING_VIA_NFKB,1.9185315969869947,0.0,0.0004478280340349306
Lung,HALLMARK_COMPLEMENT,1.9022250826359604,0.0,0.00038385260060136905
Lung,HALLMARK_IL6_JAK_STAT3_SIGNALING,1.8976280154175234,0.0,0.0003358710255261979
Lung,HALLMARK_IL2_STAT5_SIGNALING,1.8663029713830577,0.0,0.0008956560680698612
Lung,HALLMARK_HYPOXIA,1.8575760769515102,0.0,0.0008060904612628751
Lung,HALLMARK_GLYCOLYSIS,-1.7759849972664579,0.0,0.000712410948631421
Lung,HALLMARK_ALLOGRAFT_REJECTION,1.7365058437567775,0.0,0.0021984285307169323
Lung,HALLMARK_UV_RESPONSE_UP,1.7286752095804796,0.0,0.0022391401701746527
Lung,HALLMARK_INFLAMMATORY_RESPONSE,1.6538051423153903,0.0,0.004133797237245513
Lung,HALLMARK_ESTROGEN_RESPONSE_LATE,-1.613413031137653,0.0,0.006920563500990948
Lung,HALLMARK_MTORC1_SIGNALING,-1.57833813820078,0.0,0.008727034120734908
Lung,HALLMARK_ESTROGEN_RESPONSE_EARLY,-1.5573721860017624,0.0,0.009973753280839895
Lung,HALLMARK_APICAL_SURFACE,-1.5468513149383112,0.03488372093023256,0.010543682039745034
Lung,HALLMARK_XENOBIOTIC_METABOLISM,1.5067588230826134,0.0,0.017849145927963665
Lung,HALLMARK_TGF_BETA_SIGNALING,1.4901918921563544,0.02608695652173913,0.019525302283922973
Lung,HALLMARK_PROTEIN_SECRETION,-1.4863909060948097,0.011406844106463879,0.018004567610866825
Lung,HALLMARK_ANDROGEN_RESPONSE,-1.462673408795536,0.030303030303030304,0.02113485814273216
Lung,HALLMARK_ADIPOGENESIS,1.4383218710280143,0.0,0.03123600537393641
Lung,HALLMARK_KRAS_SIGNALING_UP,1.4344480363049685,0.0,0.03097916282500461
Lung,HALLMARK_ANGIOGENESIS,1.4117750115251404,0.055793991416309016,0.03478131064337961
Lung,HALLMARK_PI3K_AKT_MTOR_SIGNALING,-1.3806752524802552,0.028268551236749116,0.04153903838943209
Lung,HALLMARK_UV_RESPONSE_DN,1.3631186684610843,0.017857142857142856,0.050769557121644236
Lung,HALLMARK_HEDGEHOG_SIGNALING,-1.3560713739169443,0.09689922480620156,0.048342171514275
Lung,HALLMARK_APICAL_JUNCTION,1.3227377832934164,0.018433179723502304,0.0716077026421854
Lung,HALLMARK_PEROXISOME,-1.2890169162820777,0.09386281588447654,0.08092988376452943
Lung,HALLMARK_MYC_TARGETS_V1,-1.2720102413338417,0.02456140350877193,0.08727034120734908
Lung,HALLMARK_APOPTOSIS,1.1944575458319255,0.12605042016806722,0.18514490435672704
Lung,HALLMARK_OXIDATIVE_PHOSPHORYLATION,1.1648549109984696,0.12552301255230125,0.221919146684037
Lung,HALLMARK_DNA_REPAIR,1.0821665313329185,0.22362869198312235,0.36309118168188625
Lung,HALLMARK_P53_PATHWAY,-1.0788015338742911,0.2824427480916031,0.32854716689825536
Lung,HALLMARK_MYC_TARGETS_V2,-1.0352868937664834,0.39776951672862454,0.39649627129942094
Lung,HALLMARK_NOTCH_SIGNALING,1.0063057745465038,0.461864406779661,0.5465741155396328
Lung,HALLMARK_HEME_METABOLISM,0.9317473902728476,0.6265560165975104,0.7409583519928348
Lung,HALLMARK_CHOLESTEROL_HOMEOSTASIS,0.903466749239665,0.6182572614107884,0.797822866788384
Lung,HALLMARK_BILE_ACID_METABOLISM,-0.8467532133912901,0.7794117647058824,0.8162729658792651
Lung,HALLMARK_FATTY_ACID_METABOLISM,0.8019042068234117,0.9357798165137615,0.9982584465343085
Lung,HALLMARK_UNFOLDED_PROTEIN_RESPONSE,0.775894290823671,0.9466666666666667,0.995617682809801
Lung,HALLMARK_WNT_BETA_CATENIN_SIGNALING,0.6963577407600069,0.9383259911894273,1.0
Lung,HALLMARK_REACTIVE_OXYGEN_SPECIES_PATHWAY,0.667857701455592,0.9721115537848606,0.9890729959695477
