gse,psc_hits,adult_hits,derivation,status
GSE329052,0,25,adult,ok
GSE341690,55,0,PSC,ok
GSE331309,0,17,adult,ok
GSE330696,0,24,adult,ok
GSE335920,1,0,PSC,ok
GSE338895,0,0,unclear,ok
GSE301846,0,0,unclear,ok
GSE304208,0,2,adult,ok
GSE304206,0,2,adult,ok
GSE304203,0,2,adult,ok
GSE304202,0,2,adult,ok
GSE314639,22,7,PSC,ok
GSE312713,0,15,adult,ok
GSE309917,0,12,adult,ok
GSE289072,0,26,adult,ok
GSE319859,1,0,PSC,ok
GSE278562,0,0,unclear,ok
GSE288724,0,220,adult,ok
GSE299913,8,0,PSC,ok
GSE282444,0,1,adult,ok
GSE292624,6,0,PSC,ok
GSE307568,0,381,adult,ok
GSE303090,15,0,PSC,ok
GSE317332,67,0,PSC,ok
GSE316780,0,0,unclear,ok
GSE302327,0,6,adult,ok
GSE284761,0,1,adult,ok
GSE284755,0,1,adult,ok
GSE309755,148,0,PSC,ok
GSE311760,0,1,adult,ok
GSE217044,0,1,adult,ok
GSE297090,0,22,adult,ok
GSE216198,0,0,unclear,ok
GSE186249,0,0,unclear,ok
GSE288179,0,213,adult,ok
GSE266551,0,0,unclear,ok
GSE276170,0,49,adult,ok
GSE307124,3,0,PSC,ok
GSE300013,39,0,PSC,ok
GSE301725,1,0,PSC,ok
GSE236379,1,0,PSC,ok
GSE288661,6,0,PSC,ok
GSE281080,123,0,PSC,ok
GSE208684,0,243,adult,ok
GSE289912,6,0,PSC,ok
