organ,source,term,fdr,n_genes,genes
Brain - Cortex,STRING:Process,Cellular zinc ion homeostasis,0.0086,5,"MT1E,S100A8,S100A9,MT1G,MT1M"
Brain - Cortex,STRING:Process,Humoral immune response,0.0086,10,"C1QB,PRSS3,VIP,S100A12,S100A9,TREM2,C1QC,C1QA,VSIG4,RGCC"
Brain - Cortex,STRING:Process,Positive regulation of immune response,0.0086,13,"TYROBP,C1QB,MNDA,TREM2,C1QC,C1QA,VSIG4,MOG,RGCC,HLA-DRA,TESPA1,KLK7,TREX1"
Brain - Cortex,STRING:Process,Detoxification,0.0086,8,"HBA2,ALDH1A1,HBA1,MT1E,S100A9,MT1G,MT1M,HBB"
Brain - Cortex,STRING:Process,Synapse pruning,0.0086,4,"C1QB,TREM2,C1QC,C1QA"
Brain - Cortex,STRING:Process,Nitric oxide transport,0.012,3,"HBA2,HBA1,HBB"
Brain - Cortex,STRING:Process,Activation of immune response,0.0163,9,"TYROBP,C1QB,MNDA,C1QC,C1QA,VSIG4,MOG,RGCC,TREX1"
Brain - Cortex,STRING:Process,One-carbon compound transport,0.0163,4,"HBA2,HBA1,SLC14A1,HBB"
Brain - Cortex,STRING:Process,Complement activation,0.0233,5,"C1QB,C1QC,C1QA,VSIG4,RGCC"
Brain - Cortex,STRING:Process,Immune effector process,0.0282,10,"TYROBP,C1QB,KDM5D,TREM2,ITM2A,C1QC,C1QA,VSIG4,RGCC,TREX1"
Brain - Cortex,STRING:Process,Glial cell development,0.0321,6,"MAL,S100A8,S100A9,TREM2,C1QA,MAG"
Brain - Cortex,STRING:Process,Positive regulation of cell death,0.0449,12,"HBA2,TYROBP,TNFSF12,MAL,HBA1,MNDA,S100A8,S100A9,C1QA,RGCC,ECSCR,HBB"
Brain - Cortex,STRING:Process,Astrocyte development,0.0449,4,"S100A8,S100A9,TREM2,C1QA"
Brain - Cortex,STRING:Component,Extracellular region,0.0048,42,"CBLN4,SRGN,HBA2,HAPLN2,CHI3L1,WIF1,HAPLN4,TNFSF12,CARTPT,ALDH1A1,LGI3,C1QB,CABP1,HBA1,LCN6,CMTM5,APOD,PRSS3,VIP,MNDA,S100A8,S100A12,S100A9,TNFRSF6B,CLCA4,TREM2,C1QC,C1QA,KLK6,LY86,FAM50B,MEPE,HLA-DRA,BCAS1,CCK,ERMN,RNASE1,CPNE6,LYPD8,KLK7,GPIHBP1,HBB"
Brain - Cortex,STRING:Component,Complement component C1 complex,0.0048,3,"C1QB,C1QC,C1QA"
Brain - Cortex,STRING:Component,Complement component C1q complex,0.0048,3,"C1QB,C1QC,C1QA"
Brain - Cortex,STRING:Component,Haptoglobin-hemoglobin complex,0.0224,3,"HBA2,HBA1,HBB"
Brain - Cortex,STRING:Component,Hemoglobin complex,0.0273,3,"HBA2,HBA1,HBB"
Brain - Cortex,Enrichr:PanglaoDB,Satellite Glial Cells,4.833228887167866e-14,14,"C1QB,HHATL,C1QA,OPALIN,CPNE6,RNASE1,TCEAL6,SLC6A7,SLCO2B1,CHI3L1,VSIG4,CBLN4,NTSR2,C1QC"
Brain - Cortex,Enrichr:PanglaoDB,Oligodendrocytes,6.16356679257378e-13,15,"HHATL,MOG,OPALIN,LGI3,CPNE6,OMG,ERMN,KLK6,HAPLN2,TCEAL6,MAG,MOBP,SOWAHA,NTSR2,BCAS1"
Brain - Cortex,Enrichr:PanglaoDB,Microglia,3.638275120969952e-11,13,"C1QB,C1QA,LY86,GIMAP4,TREM2,GIMAP5,TYROBP,SLCO2B1,HLA-DRA,MNDA,VSIG4,S100A9,S100A8"
Brain - Cortex,Enrichr:PanglaoDB,Hematopoietic Stem Cells,1.255847616805771e-10,13,"C1QB,C1QA,HBB,GIMAP4,GIMAP5,GIMAP7,RNASE1,TYROBP,ALDH1A1,ESAM,MNDA,VSIG4,C1QC"
Brain - Cortex,Enrichr:PanglaoDB,Kupffer Cells,3.2804018793860864e-08,10,"C1QB,C1QA,TYROBP,LY86,HLA-DRA,MNDA,VSIG4,S100A9,GPIHBP1,C1QC"
Brain - Cortex,Enrichr:PanglaoDB,Pulmonary Alveolar Type II Cells,4.109479738766516e-07,9,"C1QB,C1QA,SLCO2B1,ALDH1A1,TREM2,VSIG4,S100A9,RNASE1,C1QC"
Brain - Cortex,Enrichr:PanglaoDB,Schwann Cells,4.266057083226587e-07,9,"HHATL,TCEAL6,MAG,CMTM5,LGI3,APOD,NTSR2,HAPLN2,BCAS1"
Brain - Cortex,Enrichr:PanglaoDB,Dendritic Cells,7.392944140113324e-07,10,"TYROBP,LY86,HLA-DRA,GIMAP4,TREM2,MNDA,GIMAP5,VSIG4,S100A9,S100A8"
Colon - Transverse,STRING:Process,Regulation of cell migration,0.00013,21,"NGFR,CHRD,ACTA2,COL1A1,ARHGDIB,APOE,BST2,SERPINF1,ENPP2,PDGFRB,FBLN1,SYDE1,FERMT2,FN1,GLIPR2,RGCC,GPNMB,CXCL12,ADGRA2,RARRES2,AKT3"
Colon - Transverse,STRING:Process,Regulation of anatomical structure morphogenesis,0.0002,20,"HOXA11,NGFR,C3,KLF2,RAMP2,SERPINF1,ENPP2,PALMD,FBLN1,PALM,FERMT2,FN1,EPHA7,HCK,RGCC,GPNMB,CXCL12,ADGRA2,ITGA7,AKT3"
Colon - Transverse,STRING:Process,Regulation of developmental process,0.0002,34,"HOXA11,NGFR,CHRD,COL1A1,MGP,C3,KLF2,FGL2,APOE,RAMP2,SERPINF1,CAMK1,ENPP2,PALMD,EHD2,NID1,FBLN1,SYDE1,PALM,FERMT2,FN1,EPHA7,HCK,GLIPR2,RGCC,GPNMB,CXCL12,CAPN3,SMYD1,ADGRA2,RARRES2,LMO3,ITGA7,AKT3"
Colon - Transverse,STRING:Process,Response to stimulus,0.00086,65,"PDK4,HOXA11,MS4A12,NGFR,CHRD,CBX7,CHGA,AQP8,RASL12,PLAT,CD79A,ACTA2,COL1A1,IL10RA,SLC15A3,ARHGDIB,CLCA1,C3,KLF2,FGL2,CD68,ARHGEF6,APOE,BST2,RAMP2,SERPINF1,CAMK1,ENPP2,VWF,PDGFRB,GNAO1,F13A1,TIMP3,MYL9,TNS2,C7,OLFML3,FBLN1,SYDE1,PALM,FERMT2,FN1,DCLK1,PTGS1,EPHA7,GUCA2B,HCK,RGCC,MT1G,GPNMB,CXCL12,CAPN3,LCP1,LRRC32,PSD,PLCD4,PILRB,ADGRA2,RARRES2,STMN2,ITGA7,ALOX5AP,IFFO1,KCNJ8,AKT3"
Colon - Transverse,STRING:Process,Positive regulation of cell migration,0.001,14,"ACTA2,COL1A1,ENPP2,PDGFRB,FBLN1,SYDE1,FERMT2,FN1,GLIPR2,GPNMB,CXCL12,ADGRA2,RARRES2,AKT3"
Colon - Transverse,STRING:Process,Regulation of response to stimulus,0.001,42,"NGFR,CHRD,CHGA,PLAT,CD79A,ACTA2,COL1A1,IL10RA,SLC15A3,ARHGDIB,C3,KLF2,FGL2,APOE,BST2,RAMP2,SERPINF1,VWF,PDGFRB,NID1,TIMP3,TNS2,C7,FBLN1,SYDE1,PALM,FERMT2,FN1,EPHA7,HCK,GLIPR2,RGCC,GPNMB,CXCL12,CAPN3,PSD,ADGRA2,RARRES2,LMO3,WFDC1,ALOX5AP,AKT3"
Colon - Transverse,STRING:Process,Positive regulation of response to stimulus,0.001,29,"NGFR,CHGA,PLAT,CD79A,ACTA2,COL1A1,IL10RA,SLC15A3,C3,KLF2,APOE,BST2,VWF,PDGFRB,NID1,TIMP3,C7,FERMT2,FN1,HCK,GLIPR2,RGCC,GPNMB,CXCL12,ADGRA2,RARRES2,LMO3,ALOX5AP,AKT3"
Colon - Transverse,STRING:Process,Regulation of ERK1 and ERK2 cascade,0.001,11,"ACTA2,APOE,PDGFRB,TIMP3,FBLN1,FERMT2,FN1,EPHA7,GLIPR2,GPNMB,LMO3"
Colon - Transverse,STRING:Process,Positive regulation of developmental process,0.0012,22,"HOXA11,NGFR,COL1A1,C3,APOE,RAMP2,SERPINF1,CAMK1,ENPP2,EHD2,NID1,SYDE1,FERMT2,FN1,GLIPR2,RGCC,CXCL12,CAPN3,SMYD1,RARRES2,LMO3,AKT3"
Colon - Transverse,STRING:Process,Anatomical structure development,0.0059,47,"HOXA11,NGFR,CHRD,CD79A,ACTA2,COL1A1,MGP,C3,KLF2,APOE,RAMP2,SERPINF1,CAMK1,PDGFRB,CRISPLD2,NID1,POPDC2,MYL9,PMP22,SPEG,TNS2,FLNC,FBLN1,PALM,FERMT2,FN1,ELN,DCLK1,EPHA7,HCK,MT1G,CXCL12,CAPN3,LCP1,LRRC32,CHKB,PSD,SMYD1,ADGRA2,RARRES2,STMN2,RAI2,ITGA7,NRN1,TRPC4,KCNJ8,AKT3"
Colon - Transverse,STRING:Process,Developmental process,0.0066,50,"HOXA11,NGFR,CHRD,CBX7,CD79A,ACTA2,COL1A1,MGP,C3,KLF2,CD68,APOE,RAMP2,SERPINF1,CAMK1,PDGFRB,CRISPLD2,NID1,POPDC2,MYL9,PMP22,SPEG,TNS2,FLNC,FBLN1,PALM,FERMT2,FN1,ELN,CLIP3,DCLK1,EPHA7,HCK,MT1G,CXCL12,CAPN3,LCP1,LRRC32,CHKB,PSD,SMYD1,ADGRA2,RARRES2,STMN2,RAI2,ITGA7,NRN1,TRPC4,KCNJ8,AKT3"
Colon - Transverse,STRING:Process,Blood circulation,0.0077,11,"CHGA,ACTA2,KLF2,APOE,RAMP2,FERMT2,ELN,PTGS1,RENBP,CXCL12,KCNJ8"
Colon - Transverse,STRING:Process,Biological regulation,0.0087,83,"PDK4,HOXA11,MS4A12,NGFR,CHRD,CBX7,CHGA,RASL12,PLAT,CD79A,ACTA2,COL1A1,IL10RA,SLC15A3,MGP,ARHGDIB,C3,KLF2,FGL2,CD68,ARHGEF6,APOE,BST2,RAMP2,SERPINF1,CAMK1,ENPP2,VWF,PDGFRB,GNAO1,PALMD,EHD2,NID1,POPDC2,F13A1,TIMP3,MYL9,PMP22,SPEG,TNS2,C7,OLFML3,FBLN1,SYDE1,PALM,FERMT2,FN1,ELN,CLIP3,DCLK1,PTGS1,EPHA7,NCS1,GUCA2B,HCK,DPP6,GLIPR2,SCGN,RGCC,MT1G,EBF4,GPNMB,RENBP,CXCL12,NCF4,CAPN3,LCP1,LRRC32,PSD,PLCD4,PILRB,SMYD1,ADGRA2,RARRES2,STMN2,LMO3,BEST2,ITGA7,WFDC1,ALOX5AP,TRPC4,KCNJ8,AKT3"
Colon - Transverse,STRING:Process,Regulation of multicellular organismal process,0.009,31,"PDK4,HOXA11,NGFR,CHGA,PLAT,COL1A1,MGP,ARHGDIB,C3,KLF2,FGL2,APOE,BST2,RAMP2,SERPINF1,ENPP2,POPDC2,MYL9,FBLN1,SYDE1,FERMT2,FN1,EPHA7,GLIPR2,RGCC,GPNMB,CXCL12,CAPN3,LRRC32,ADGRA2,AKT3"
Colon - Transverse,STRING:Process,Regulation of cell communication,0.01,35,"NGFR,CHRD,CHGA,PLAT,ACTA2,COL1A1,IL10RA,SLC15A3,ARHGDIB,C3,KLF2,APOE,BST2,RAMP2,VWF,PDGFRB,NID1,TIMP3,TNS2,FBLN1,SYDE1,PALM,FERMT2,FN1,EPHA7,GLIPR2,SCGN,GPNMB,CXCL12,CAPN3,LRRC32,PSD,ADGRA2,LMO3,AKT3"
Colon - Transverse,STRING:Process,Regulation of signaling,0.0103,35,"NGFR,CHRD,CHGA,PLAT,ACTA2,COL1A1,IL10RA,SLC15A3,ARHGDIB,C3,KLF2,APOE,BST2,RAMP2,VWF,PDGFRB,NID1,TIMP3,TNS2,FBLN1,SYDE1,PALM,FERMT2,FN1,EPHA7,GLIPR2,SCGN,GPNMB,CXCL12,CAPN3,LRRC32,PSD,ADGRA2,LMO3,AKT3"
Colon - Transverse,STRING:Process,Regulation of signal transduction,0.0142,32,"NGFR,CHRD,CHGA,ACTA2,COL1A1,IL10RA,SLC15A3,ARHGDIB,C3,KLF2,APOE,BST2,RAMP2,VWF,PDGFRB,NID1,TIMP3,TNS2,FBLN1,SYDE1,PALM,FERMT2,FN1,EPHA7,GLIPR2,GPNMB,CXCL12,CAPN3,PSD,ADGRA2,LMO3,AKT3"
Colon - Transverse,STRING:Process,Regulation of angiogenesis,0.0142,9,"C3,KLF2,RAMP2,SERPINF1,ENPP2,RGCC,GPNMB,ADGRA2,AKT3"
Colon - Transverse,STRING:Process,Regulation of biological process,0.0149,79,"PDK4,HOXA11,MS4A12,NGFR,CHRD,CBX7,CHGA,RASL12,PLAT,CD79A,ACTA2,COL1A1,IL10RA,SLC15A3,MGP,ARHGDIB,C3,KLF2,FGL2,CD68,ARHGEF6,APOE,BST2,RAMP2,SERPINF1,CAMK1,ENPP2,VWF,PDGFRB,GNAO1,PALMD,EHD2,NID1,POPDC2,TIMP3,MYL9,PMP22,SPEG,TNS2,C7,OLFML3,FBLN1,SYDE1,PALM,FERMT2,FN1,ELN,CLIP3,DCLK1,PTGS1,EPHA7,NCS1,GUCA2B,HCK,DPP6,GLIPR2,SCGN,RGCC,MT1G,EBF4,GPNMB,RENBP,CXCL12,CAPN3,LCP1,LRRC32,PSD,PLCD4,PILRB,SMYD1,ADGRA2,RARRES2,STMN2,LMO3,ITGA7,WFDC1,ALOX5AP,KCNJ8,AKT3"
Colon - Transverse,STRING:Process,Positive regulation of signal transduction,0.0155,21,"NGFR,CHGA,ACTA2,COL1A1,IL10RA,SLC15A3,C3,KLF2,APOE,BST2,VWF,PDGFRB,NID1,TIMP3,FERMT2,FN1,GLIPR2,GPNMB,ADGRA2,LMO3,AKT3"
Colon - Transverse,STRING:Process,Negative regulation of cell motility,0.0179,9,"NGFR,CHRD,ARHGDIB,APOE,BST2,SERPINF1,FBLN1,RGCC,CXCL12"
Colon - Transverse,STRING:Process,Integrin activation,0.02,3,"FERMT2,FN1,CXCL12"
Colon - Transverse,STRING:Process,Regulation of catalytic activity,0.0222,27,"NGFR,ARHGDIB,C3,ARHGEF6,APOE,BST2,SERPINF1,CAMK1,PDGFRB,TIMP3,FBLN1,SYDE1,PALM,FERMT2,FN1,EPHA7,NCS1,GUCA2B,RGCC,RENBP,NCF4,CAPN3,PSD,PLCD4,PILRB,WFDC1,ALOX5AP"
Colon - Transverse,STRING:Process,Multicellular organism development,0.0259,39,"HOXA11,NGFR,CHRD,CD79A,ACTA2,COL1A1,MGP,C3,KLF2,APOE,RAMP2,SERPINF1,CAMK1,PDGFRB,CRISPLD2,NID1,POPDC2,PMP22,TNS2,FBLN1,PALM,FERMT2,FN1,ELN,DCLK1,EPHA7,MT1G,CXCL12,PSD,SMYD1,ADGRA2,RARRES2,STMN2,RAI2,ITGA7,NRN1,TRPC4,KCNJ8,AKT3"
Colon - Transverse,STRING:Process,Muscle structure development,0.0265,11,"RAMP2,PDGFRB,POPDC2,MYL9,SPEG,FLNC,ELN,CAPN3,CHKB,SMYD1,ITGA7"
Colon - Transverse,STRING:Process,Response to endogenous stimulus,0.0269,19,"PDK4,HOXA11,NGFR,CHRD,AQP8,PLAT,COL1A1,KLF2,CD68,RAMP2,SERPINF1,PDGFRB,GNAO1,TIMP3,FERMT2,CXCL12,LRRC32,RARRES2,STMN2"
Colon - Transverse,STRING:Process,Cellular process,0.0269,91,"PDK4,HOXA11,MS4A12,TNS1,NGFR,CHRD,CBX7,CHGA,AQP8,RASL12,PLAT,CD79A,ACTA2,COL1A1,IL10RA,SLC15A3,MGP,ARHGDIB,CLCA1,CPXM2,C3,KLF2,FGL2,CD68,ARHGEF6,APOE,BST2,RAMP2,SERPINF1,CAMK1,PRPH,ENPP2,VWF,PDGFRB,CRISPLD2,GNAO1,EHD2,PDZRN3,NID1,POPDC2,TIMP3,MYL9,PMP22,SPEG,MRPS24,TNS2,C7,OLFML3,FLNC,FBLN1,SYDE1,PALM,FERMT2,FN1,ELN,CLIP3,DCLK1,PTGS1,EPHA7,NCS1,GUCA2B,HCK,SNX15,DPP6,SCGN,RGCC,MT1G,GPNMB,RENBP,CXCL12,NCF4,CAPN3,LCP1,LRRC32,CHKB,PSD,PLCD4,PILRB,SMYD1,ADGRA2,RARRES2,STMN2,BEST2,ITGA7,WDR83OS,ALOX5AP,NRN1,IFFO1,TRPC4,KCNJ8,AKT3"
Colon - Transverse,STRING:Process,Cellular response to chemical stimulus,0.0353,28,"PDK4,NGFR,CHRD,CHGA,AQP8,PLAT,COL1A1,IL10RA,CLCA1,KLF2,CD68,APOE,RAMP2,SERPINF1,PDGFRB,GNAO1,TIMP3,FERMT2,PTGS1,HCK,RGCC,MT1G,CXCL12,CAPN3,LRRC32,RARRES2,STMN2,ALOX5AP"
Colon - Transverse,STRING:Process,Positive regulation of cellular component organization,0.0362,16,"C3,APOE,SERPINF1,CAMK1,ENPP2,PDGFRB,EHD2,PALM,FERMT2,FN1,CLIP3,HCK,RGCC,CXCL12,LCP1,STMN2"
Colon - Transverse,STRING:Process,Cellular response to stimulus,0.0362,51,"PDK4,MS4A12,NGFR,CHRD,CHGA,AQP8,RASL12,PLAT,CD79A,COL1A1,IL10RA,ARHGDIB,CLCA1,C3,KLF2,CD68,ARHGEF6,APOE,RAMP2,SERPINF1,CAMK1,PDGFRB,GNAO1,TIMP3,OLFML3,SYDE1,PALM,FERMT2,FN1,DCLK1,PTGS1,EPHA7,GUCA2B,HCK,RGCC,MT1G,GPNMB,CXCL12,CAPN3,LCP1,LRRC32,PSD,PLCD4,PILRB,ADGRA2,RARRES2,STMN2,ITGA7,ALOX5AP,IFFO1,AKT3"
Colon - Transverse,STRING:Process,Positive regulation of biological process,0.0391,50,"HOXA11,NGFR,CHRD,CBX7,CHGA,PLAT,CD79A,ACTA2,COL1A1,IL10RA,SLC15A3,C3,KLF2,APOE,BST2,RAMP2,SERPINF1,CAMK1,ENPP2,VWF,PDGFRB,EHD2,NID1,TIMP3,C7,FBLN1,SYDE1,PALM,FERMT2,FN1,CLIP3,EPHA7,NCS1,GUCA2B,HCK,GLIPR2,RGCC,GPNMB,CXCL12,CAPN3,LCP1,LRRC32,PILRB,SMYD1,ADGRA2,RARRES2,STMN2,LMO3,ALOX5AP,AKT3"
Colon - Transverse,STRING:Process,Enzyme-linked receptor protein signaling pathway,0.0417,12,"PDK4,NGFR,CHRD,PLAT,COL1A1,PDGFRB,FERMT2,EPHA7,HCK,LRRC32,PILRB,RARRES2"
Colon - Transverse,STRING:Process,Regulation of proteolysis,0.0417,13,"NGFR,PLAT,C3,APOE,BST2,SERPINF1,TIMP3,FBLN1,FN1,EPHA7,RENBP,CAPN3,WFDC1"
Colon - Transverse,STRING:Process,Regulation of cellular component organization,0.0417,26,"IL10RA,ARHGDIB,C3,APOE,BST2,SERPINF1,CAMK1,ENPP2,PDGFRB,EHD2,NID1,PMP22,SYDE1,PALM,FERMT2,FN1,ELN,CLIP3,EPHA7,NCS1,HCK,RGCC,CXCL12,LCP1,STMN2,WFDC1"
Colon - Transverse,STRING:Process,Regulation of cytoskeleton organization,0.0417,11,"ARHGDIB,BST2,PDGFRB,SYDE1,FERMT2,ELN,CLIP3,HCK,RGCC,CXCL12,STMN2"
Colon - Transverse,STRING:Process,Regulation of peptidase activity,0.0417,10,"NGFR,C3,BST2,SERPINF1,TIMP3,FBLN1,FN1,EPHA7,RENBP,WFDC1"
Colon - Transverse,STRING:Process,Negative regulation of cell migration,0.0438,8,"NGFR,CHRD,ARHGDIB,APOE,BST2,SERPINF1,RGCC,CXCL12"
Colon - Transverse,STRING:Process,Regulation of cell differentiation,0.0438,20,"HOXA11,CHRD,COL1A1,FGL2,RAMP2,SERPINF1,CAMK1,NID1,FBLN1,FERMT2,FN1,EPHA7,GLIPR2,RGCC,CXCL12,CAPN3,SMYD1,ADGRA2,RARRES2,LMO3"
Colon - Transverse,STRING:Process,Positive regulation of cell differentiation,0.0491,14,"HOXA11,COL1A1,RAMP2,SERPINF1,CAMK1,NID1,FERMT2,FN1,GLIPR2,RGCC,CXCL12,SMYD1,RARRES2,LMO3"
Colon - Transverse,STRING:Process,Kidney development,0.0494,8,"HOXA11,ACTA2,SERPINF1,PDGFRB,NID1,TNS2,EPHA7,KCNJ8"
Colon - Transverse,STRING:Component,Cell periphery,1.97e-07,62,"MS4A12,NGFR,AQP8,RASL12,CD79A,COL1A1,IL10RA,MGP,CLCA1,C3,FGL2,CD68,APOE,BST2,RAMP2,SERPINF1,PRPH,ENPP2,VWF,PDGFRB,CRISPLD2,GNAO1,EHD2,NID1,POPDC2,F13A1,TIMP3,MYL9,PMP22,TNS2,C7,FLNC,FBLN1,SYDE1,PALM,FERMT2,FN1,ELN,CLIP3,DCLK1,EPHA7,NCS1,HCK,SNX15,DPP6,GPNMB,PDZD4,CXCL12,NCF4,CAPN3,LCP1,LRRC32,PSD,PLCD4,PILRB,ADGRA2,RARRES2,BEST2,ITGA7,NRN1,TRPC4,KCNJ8"
Colon - Transverse,STRING:Component,Extracellular matrix,2.53e-05,16,"COL1A1,MGP,FGL2,APOE,SERPINF1,VWF,CRISPLD2,NID1,F13A1,TIMP3,FBLN1,FN1,ELN,CXCL12,LRRC32,RARRES2"
Colon - Transverse,STRING:Component,Vesicle,2.53e-05,44,"NGFR,CHGA,PLAT,CD79A,ACTA2,COL1A1,SLC15A3,MGP,ARHGDIB,CLCA1,C3,FGL2,CD68,APOE,BST2,SERPINF1,PRPH,VWF,PDGFRB,CRISPLD2,EHD2,NID1,F13A1,TIMP3,C7,OLFML3,FBLN1,PALM,FN1,CLIP3,PTGS1,GUCA2B,HCK,SNX15,GLIPR2,SCGN,GPNMB,RENBP,CXCL12,NCF4,LCP1,PSD,RARRES2,STMN2"
Colon - Transverse,STRING:Component,Collagen-containing extracellular matrix,2.53e-05,14,"COL1A1,MGP,FGL2,APOE,SERPINF1,VWF,NID1,F13A1,TIMP3,FBLN1,FN1,ELN,CXCL12,RARRES2"
Colon - Transverse,STRING:Component,Cytoplasmic vesicle,0.00042,31,"NGFR,CHGA,PLAT,CD79A,COL1A1,SLC15A3,ARHGDIB,CLCA1,C3,FGL2,CD68,APOE,BST2,SERPINF1,VWF,PDGFRB,CRISPLD2,EHD2,F13A1,TIMP3,PALM,FN1,CLIP3,HCK,SNX15,SCGN,GPNMB,NCF4,PSD,RARRES2,STMN2"
Colon - Transverse,STRING:Component,Extracellular space,0.0015,35,"CHRD,CHGA,PLAT,ACTA2,COL1A1,MGP,ARHGDIB,CLCA1,CPXM2,C3,FGL2,APOE,BST2,SERPINF1,PRPH,ENPP2,VWF,CRISPLD2,EHD2,NID1,F13A1,TIMP3,C7,OLFML3,FBLN1,FN1,PTGS1,GUCA2B,GLIPR2,RENBP,CXCL12,LCP1,LRRC32,RARRES2,WFDC1"
Colon - Transverse,STRING:Component,Plasma membrane,0.002,49,"MS4A12,NGFR,AQP8,RASL12,CD79A,IL10RA,CLCA1,C3,CD68,APOE,BST2,RAMP2,PRPH,ENPP2,PDGFRB,GNAO1,EHD2,NID1,POPDC2,PMP22,TNS2,C7,FLNC,SYDE1,PALM,FERMT2,FN1,CLIP3,DCLK1,EPHA7,NCS1,HCK,SNX15,DPP6,GPNMB,CXCL12,NCF4,CAPN3,LCP1,LRRC32,PSD,PLCD4,PILRB,ADGRA2,BEST2,ITGA7,NRN1,TRPC4,KCNJ8"
Colon - Transverse,STRING:Component,Extracellular region,0.0034,40,"NGFR,CHRD,CHGA,PLAT,ACTA2,COL1A1,MGP,ARHGDIB,CLCA1,CPXM2,C3,FGL2,NXPE1,APOE,BST2,SERPINF1,PRPH,ENPP2,VWF,CRISPLD2,EHD2,NID1,F13A1,TIMP3,C7,OLFML3,FBLN1,FN1,ELN,PTGS1,GUCA2B,GLIPR2,SCGN,RENBP,CXCL12,LCP1,LRRC32,RARRES2,WFDC1,NRN1"
Colon - Transverse,STRING:Component,Basement membrane,0.0247,5,"SERPINF1,NID1,TIMP3,FBLN1,FN1"
Colon - Transverse,STRING:Component,Cell surface,0.0247,14,"TNS1,NGFR,PLAT,CD79A,C3,BST2,RAMP2,PDGFRB,FERMT2,CXCL12,LRRC32,ADGRA2,ITGA7,TRPC4"
Colon - Transverse,STRING:Component,Secretory granule,0.0247,14,"CHGA,PLAT,COL1A1,CLCA1,C3,FGL2,CD68,BST2,VWF,CRISPLD2,F13A1,TIMP3,FN1,RARRES2"
Colon - Transverse,STRING:Component,Extracellular vesicle,0.0247,24,"PLAT,ACTA2,MGP,ARHGDIB,C3,FGL2,APOE,BST2,SERPINF1,PRPH,VWF,CRISPLD2,EHD2,NID1,C7,OLFML3,FBLN1,FN1,PTGS1,GUCA2B,GLIPR2,RENBP,CXCL12,LCP1"
Colon - Transverse,STRING:Component,Extracellular exosome,0.0359,23,"PLAT,ACTA2,MGP,ARHGDIB,C3,FGL2,APOE,BST2,SERPINF1,PRPH,VWF,CRISPLD2,EHD2,NID1,C7,FBLN1,FN1,PTGS1,GUCA2B,GLIPR2,RENBP,CXCL12,LCP1"
Colon - Transverse,STRING:Component,Elastic fiber,0.0425,2,"FBLN1,ELN"
Colon - Transverse,STRING:KEGG,Focal adhesion,0.003,8,"COL1A1,VWF,PDGFRB,MYL9,FLNC,FN1,ITGA7,AKT3"
Colon - Transverse,STRING:KEGG,Complement and coagulation cascades,0.0133,5,"PLAT,C3,VWF,F13A1,C7"
Colon - Transverse,Enrichr:PanglaoDB,Peritubular Myoid Cells,1.2509439095199032e-16,16,"PDGFRB,RASL12,CPXM2,RARRES2,ELN,COL1A1,ACTA2,CXCL12,C7,OLFML3,MGP,PMP22,TIMP3,MYL9,TNS2,TNS1"
Colon - Transverse,Enrichr:PanglaoDB,Juxtaglomerular Cells,2.0556038408442822e-16,15,"PDGFRB,RASL12,CPXM2,RARRES2,ELN,COL1A1,ACTA2,CXCL12,C7,OLFML3,MGP,TIMP3,MYL9,TNS2,TNS1"
Colon - Transverse,Enrichr:PanglaoDB,Airway Smooth Muscle Cells,9.552523807862378e-14,13,"PDGFRB,PLAT,NID1,COL1A1,ACTA2,SYDE1,EHD2,CXCL12,ADGRA2,PMP22,TIMP3,FLNC,MYL9"
Colon - Transverse,Enrichr:PanglaoDB,Myofibroblasts,9.552523807862378e-14,13,"PDGFRB,RASL12,ELN,FN1,COL1A1,ACTA2,CXCL12,OLFML3,TIMP3,FLNC,MYL9,TNS2,TNS1"
Colon - Transverse,Enrichr:PanglaoDB,Pericytes,1.0912141702169737e-12,14,"PDGFRB,RASL12,RAMP2,KCNJ8,RARRES2,ELN,COL1A1,ACTA2,CXCL12,ADGRA2,OLFML3,TIMP3,TNS2,TNS1"
Colon - Transverse,Enrichr:PanglaoDB,Hepatic Stellate Cells,2.533876466373207e-12,13,"PDGFRB,NGFR,RASL12,KCNJ8,FN1,COL1A1,ACTA2,CXCL12,OLFML3,TIMP3,MYL9,PDZRN3,TNS2"
Colon - Transverse,Enrichr:PanglaoDB,Smooth Muscle Cells,2.6023972071237468e-12,14,"PDGFRB,RASL12,ELN,WFDC1,COL1A1,ACTA2,EHD2,CXCL12,OLFML3,TIMP3,SPEG,MYL9,TNS2,TNS1"
Colon - Transverse,Enrichr:PanglaoDB,Endothelial Cells,2.5654396489668264e-11,15,"PDGFRB,RASL12,RAMP2,KCNJ8,VWF,WFDC1,LRRC32,CXCL12,RGCC,C7,PALMD,MGP,TIMP3,TNS2,TNS1"
Kidney - Cortex,STRING:Process,Organic acid metabolic process,8.65e-06,21,"CYP24A1,CYP4F3,AGXT2,ATP6V1B1,SLC17A1,UGT2A3,BHMT2,ALDH1L1,LDHD,SLC22A11,PCK1,ACSM2B,GSTA1,GLYAT,ACMSD,HAO2,DIO1,PTGDS,SLC17A3,FTCD,ALDOB"
Kidney - Cortex,STRING:Process,Monocarboxylic acid metabolic process,0.00012,15,"CYP24A1,CYP4F3,AGXT2,ATP6V1B1,UGT2A3,LDHD,PCK1,ACSM2B,GSTA1,GLYAT,ACMSD,HAO2,PTGDS,FTCD,ALDOB"
Kidney - Cortex,STRING:Process,Detoxification,0.00012,9,"FABP1,ALB,SLC47A2,GSTA1,AKR7A3,MT1M,SRXN1,SOD3,SLC17A3"
Kidney - Cortex,STRING:Process,Carboxylic acid metabolic process,0.00019,18,"CYP24A1,CYP4F3,AGXT2,ATP6V1B1,UGT2A3,BHMT2,ALDH1L1,LDHD,PCK1,ACSM2B,GSTA1,GLYAT,ACMSD,HAO2,DIO1,PTGDS,FTCD,ALDOB"
Kidney - Cortex,STRING:Process,Small molecule metabolic process,0.00027,25,"MIOX,CYP24A1,CYP4F3,AGXT2,ATP6V1B1,SLC17A1,UGT2A3,BHMT2,ALDH1L1,LDHD,SLC22A11,PCK1,ACSM2B,GSTA1,GLYAT,APOD,ACMSD,HAO2,DIO1,HMGCS2,PTGDS,SLC17A3,FTCD,FBP1,ALDOB"
Kidney - Cortex,STRING:Process,Response to toxic substance,0.00037,10,"FABP1,ALB,SLC47A2,GSTA1,GLYAT,AKR7A3,MT1M,SRXN1,SOD3,SLC17A3"
Kidney - Cortex,STRING:Process,Antigen processing and presentation of peptide antigen,0.0012,6,"HLA-F,AZGP1,HLA-DQA1,HLA-DRB5,HLA-DRA,HLA-DPA1"
Kidney - Cortex,STRING:Process,Adaptive immune response,0.002,11,"LIME1,C1QB,HLA-DQA1,TNFRSF14,FCGR3A,C1QC,C1QA,HLA-DRB5,HLA-DRA,LAT,HLA-DPA1"
Kidney - Cortex,STRING:Process,Antigen processing and presentation of exogenous peptide antigen,0.0025,5,"HLA-F,HLA-DQA1,HLA-DRB5,HLA-DRA,HLA-DPA1"
Kidney - Cortex,STRING:Process,Peptide antigen assembly with MHC class II protein complex,0.0025,4,"HLA-DQA1,HLA-DRB5,HLA-DRA,HLA-DPA1"
Kidney - Cortex,STRING:Process,Positive regulation of immune system process,0.0038,16,"HLA-F,TYROBP,LIME1,C1QB,PCK1,BTNL9,EVI2B,HLA-DQA1,TNFRSF14,FCGR3A,C1QC,C1QA,VSIG4,HLA-DRB5,HLA-DRA,HLA-DPA1"
Kidney - Cortex,STRING:Process,Regulation of immune system process,0.0084,20,"LTF,HLA-F,TYROBP,LIME1,C1QB,PCK1,BTNL9,EVI2B,HLA-DQA1,APOD,TNFRSF14,FCGR3A,C1QC,C1QA,VSIG4,HLA-DRB5,HLA-DRA,LAT,CD14,HLA-DPA1"
Kidney - Cortex,STRING:Process,Small molecule catabolic process,0.0087,10,"MIOX,CYP24A1,CYP4F3,AGXT2,ALDH1L1,LDHD,PCK1,ACMSD,FTCD,ALDOB"
Kidney - Cortex,STRING:Process,Antigen processing and presentation of exogenous peptide antigen via MHC class II,0.0127,4,"HLA-DQA1,HLA-DRB5,HLA-DRA,HLA-DPA1"
Kidney - Cortex,STRING:Process,Renal system process,0.0132,6,"AQP2,ATP6V1B1,SLC4A1,REN,AQP1,CLCNKA"
Kidney - Cortex,STRING:Process,Cellular response to corticosteroid stimulus,0.0132,5,"SCNN1G,AQP1,PCK1,HMGCS2,KLF9"
Kidney - Cortex,STRING:Process,Regulation of lymphocyte activation,0.0174,11,"HLA-F,TYROBP,PCK1,HLA-DQA1,TNFRSF14,FCGR3A,VSIG4,HLA-DRB5,HLA-DRA,LAT,HLA-DPA1"
Kidney - Cortex,STRING:Process,Cellular response to xenobiotic stimulus,0.0174,7,"REN,ACSM2B,GSTA1,GLYAT,SLC22A7,AOX1,FBP1"
Kidney - Cortex,STRING:Process,Immune system process,0.018,24,"LTF,HLA-F,SLC4A1,TYROBP,AZGP1,LIME1,C1QB,BTNL9,EVI2B,HLA-DQA1,SLPI,TNFRSF14,FCGR3A,PTGDS,C1QC,C1QA,VSIG4,PSMB9,HLA-DRB5,HLA-DRA,LAT,CD14,HLA-DPA1,KNG1"
Kidney - Cortex,STRING:Process,Positive regulation of lymphocyte activation,0.018,9,"HLA-F,TYROBP,PCK1,HLA-DQA1,TNFRSF14,FCGR3A,HLA-DRB5,HLA-DRA,HLA-DPA1"
Kidney - Cortex,STRING:Process,Synapse pruning,0.018,3,"C1QB,C1QC,C1QA"
Kidney - Cortex,STRING:Process,Immune response,0.0193,18,"LTF,TYROBP,LIME1,C1QB,HLA-DQA1,SLPI,TNFRSF14,FCGR3A,PTGDS,C1QC,C1QA,VSIG4,HLA-DRB5,HLA-DRA,LAT,CD14,HLA-DPA1,KNG1"
Kidney - Cortex,STRING:Process,Regulation of immune response,0.0198,14,"LTF,HLA-F,TYROBP,LIME1,C1QB,PCK1,BTNL9,TNFRSF14,FCGR3A,C1QC,C1QA,VSIG4,HLA-DRA,CD14"
Kidney - Cortex,STRING:Process,Ion transport,0.0218,17,"LTF,ATP6V1B1,RAMP3,SLC17A1,SLC4A1,ATP6V0D2,SCNN1G,SLC22A11,AQP1,CLCNKA,SLC22A7,SLC28A1,SLC5A12,SLC17A3,ATP6V1G3,RHBG,FXYD4"
Kidney - Cortex,STRING:Process,Inorganic ion transmembrane transport,0.0218,13,"ATP6V1B1,SLC17A1,SLC4A1,ATP6V0D2,SCNN1G,AQP1,CLCNKA,SLC28A1,SLC5A12,SLC17A3,ATP6V1G3,RHBG,FXYD4"
Kidney - Cortex,STRING:Process,Urate metabolic process,0.0224,3,"SLC17A1,SLC22A11,SLC17A3"
Kidney - Cortex,STRING:Process,Response to copper ion,0.0224,4,"AQP2,AQP1,MT1M,SOD3"
Kidney - Cortex,STRING:Process,Carboxylic acid catabolic process,0.04,7,"CYP4F3,AGXT2,ALDH1L1,LDHD,PCK1,ACMSD,FTCD"
Kidney - Cortex,STRING:Process,Antigen processing and presentation of endogenous peptide antigen,0.0444,3,"HLA-F,AZGP1,HLA-DRA"
Kidney - Cortex,STRING:Process,Positive regulation of immune response,0.0453,10,"HLA-F,TYROBP,LIME1,C1QB,PCK1,BTNL9,C1QC,C1QA,VSIG4,HLA-DRA"
Kidney - Cortex,STRING:Component,Extracellular space,1.27e-11,47,"AQP2,LTF,ATP6V1B1,SRGN,ACY3,BHMT2,HLA-F,SLC4A1,BBOX1,CALB1,RBP5,REN,ALDH1L1,ATP6V0D2,AZGP1,PDZK1IP1,FABP1,ALB,SCNN1G,SLC22A11,LIME1,AQP1,C1QB,PCK1,GSTA1,SLPI,APOD,AKR7A3,FCGR3A,TNFRSF6B,XPNPEP2,PTGDS,C1QC,C1QA,AOX1,PSMB9,HLA-DRB5,SOD3,HLA-DRA,SLC5A12,FTCD,CD14,FBP1,SERPINA3,KNG1,CD53,ALDOB"
Kidney - Cortex,STRING:Component,Extracellular exosome,1.27e-11,39,"AQP2,LTF,ATP6V1B1,ACY3,BHMT2,SLC4A1,BBOX1,CALB1,RBP5,ALDH1L1,ATP6V0D2,AZGP1,PDZK1IP1,FABP1,ALB,SCNN1G,SLC22A11,AQP1,PCK1,GSTA1,SLPI,APOD,AKR7A3,FCGR3A,XPNPEP2,PTGDS,AOX1,PSMB9,HLA-DRB5,SOD3,HLA-DRA,SLC5A12,FTCD,CD14,FBP1,SERPINA3,KNG1,CD53,ALDOB"
Kidney - Cortex,STRING:Component,Extracellular region,2.45e-08,48,"AQP2,LTF,ATP6V1B1,SRGN,ACY3,BHMT2,HLA-F,SLC4A1,BBOX1,CALB1,RBP5,REN,ALDH1L1,ATP6V0D2,IL17RB,AZGP1,PDZK1IP1,FABP1,ALB,SCNN1G,SLC22A11,LIME1,AQP1,C1QB,PCK1,GSTA1,SLPI,APOD,AKR7A3,FCGR3A,TNFRSF6B,XPNPEP2,PTGDS,C1QC,C1QA,AOX1,PSMB9,HLA-DRB5,SOD3,HLA-DRA,SLC5A12,FTCD,CD14,FBP1,SERPINA3,KNG1,CD53,ALDOB"
Kidney - Cortex,STRING:Component,Vesicle,5.12e-08,46,"AQP2,LTF,ATP6V1B1,SRGN,ACY3,BHMT2,HLA-F,SLC4A1,TYROBP,BBOX1,CALB1,RBP5,ALDH1L1,ATP6V0D2,AZGP1,PDZK1IP1,FABP1,ALB,SCNN1G,SLC22A11,AQP1,STAB1,PCK1,GSTA1,HLA-DQA1,SLPI,APOD,AKR7A3,FCGR3A,XPNPEP2,PTGDS,AOX1,PSMB9,HLA-DRB5,SOD3,HLA-DRA,SLC5A12,FTCD,CD14,HLA-DPA1,FBP1,RHBG,SERPINA3,KNG1,CD53,ALDOB"
Kidney - Cortex,STRING:Component,Lumenal side of membrane,5.36e-06,6,"AQP2,HLA-F,HLA-DQA1,HLA-DRB5,HLA-DRA,HLA-DPA1"
Kidney - Cortex,STRING:Component,Cell periphery,1.7e-05,53,"AQP2,PVALB,LTF,ATP6V1B1,RAMP3,SLC17A1,ACY3,HLA-F,SLC4A1,TYROBP,CALB1,REN,ATP6V0D2,IL17RB,AZGP1,FABP1,SCNN1G,SLC22A11,LIME1,AQP1,STAB1,C1QB,SLC47A2,BTNL9,CLCNKA,EVI2B,HLA-DQA1,SLPI,TNFRSF14,DIO1,FCGR3A,XPNPEP2,SLC22A7,C1QC,C1QA,HLA-DRB5,KLF9,SOD3,SLC28A1,HLA-DRA,LAT,SLC5A12,SLC17A3,FTCD,CLDN8,CD14,HLA-DPA1,ATP6V1G3,RHBG,SERPINA3,FXYD4,KNG1,CD53"
Kidney - Cortex,STRING:Component,MHC protein complex,4.33e-05,5,"HLA-F,HLA-DQA1,HLA-DRB5,HLA-DRA,HLA-DPA1"
Kidney - Cortex,STRING:Component,Integral component of lumenal side of endoplasmic reticulum membrane,5.59e-05,5,"HLA-F,HLA-DQA1,HLA-DRB5,HLA-DRA,HLA-DPA1"
Kidney - Cortex,STRING:Component,Apical part of cell,0.00016,12,"AQP2,ATP6V1B1,SLC17A1,ACY3,REN,ATP6V0D2,FABP1,SCNN1G,SLC22A11,AQP1,SLC5A12,SLC17A3"
Kidney - Cortex,STRING:Component,Side of membrane,0.00016,14,"AQP2,HLA-F,SLC4A1,AZGP1,SCNN1G,SLC22A11,BTNL9,HLA-DQA1,TNFRSF14,FCGR3A,HLA-DRB5,HLA-DRA,CD14,HLA-DPA1"
Kidney - Cortex,STRING:Component,Complement component C1q complex,0.00026,3,"C1QB,C1QC,C1QA"
Kidney - Cortex,STRING:Component,MHC class II protein complex,0.00032,4,"HLA-DQA1,HLA-DRB5,HLA-DRA,HLA-DPA1"
Kidney - Cortex,STRING:Component,Complement component C1 complex,0.00064,3,"C1QB,C1QC,C1QA"
Kidney - Cortex,STRING:Component,Intrinsic component of plasma membrane,0.00072,23,"AQP2,RAMP3,SLC17A1,SLC4A1,TYROBP,IL17RB,SCNN1G,SLC22A11,AQP1,STAB1,CLCNKA,EVI2B,HLA-DQA1,FCGR3A,SLC22A7,SLC28A1,HLA-DRA,SLC17A3,CD14,HLA-DPA1,RHBG,FXYD4,CD53"
Kidney - Cortex,STRING:Component,Integral component of plasma membrane,0.0011,22,"AQP2,RAMP3,SLC17A1,SLC4A1,TYROBP,IL17RB,SCNN1G,SLC22A11,AQP1,STAB1,CLCNKA,EVI2B,HLA-DQA1,FCGR3A,SLC22A7,SLC28A1,HLA-DRA,SLC17A3,HLA-DPA1,RHBG,FXYD4,CD53"
Kidney - Cortex,STRING:Component,ER to Golgi transport vesicle membrane,0.0011,5,"HLA-F,HLA-DQA1,HLA-DRB5,HLA-DRA,HLA-DPA1"
Kidney - Cortex,STRING:Component,Apical plasma membrane,0.0011,10,"AQP2,ATP6V1B1,SLC17A1,ACY3,ATP6V0D2,SCNN1G,SLC22A11,AQP1,SLC5A12,SLC17A3"
Kidney - Cortex,STRING:Component,Blood microparticle,0.0023,6,"SLC4A1,ALB,C1QB,C1QC,SERPINA3,KNG1"
Kidney - Cortex,STRING:Component,Endocytic vesicle membrane,0.0034,7,"HLA-F,ATP6V0D2,STAB1,HLA-DQA1,HLA-DRB5,HLA-DRA,HLA-DPA1"
Kidney - Cortex,STRING:Component,Plasma membrane,0.0043,44,"AQP2,LTF,ATP6V1B1,RAMP3,SLC17A1,ACY3,HLA-F,SLC4A1,TYROBP,REN,ATP6V0D2,IL17RB,AZGP1,SCNN1G,SLC22A11,LIME1,AQP1,STAB1,SLC47A2,BTNL9,CLCNKA,EVI2B,HLA-DQA1,TNFRSF14,DIO1,FCGR3A,XPNPEP2,SLC22A7,HLA-DRB5,KLF9,SLC28A1,HLA-DRA,LAT,SLC5A12,SLC17A3,FTCD,CLDN8,CD14,HLA-DPA1,ATP6V1G3,RHBG,FXYD4,KNG1,CD53"
Kidney - Cortex,STRING:Component,Cell surface,0.0061,14,"LTF,RAMP3,HLA-F,TYROBP,AZGP1,SCNN1G,SLC22A11,BTNL9,TNFRSF14,FCGR3A,HLA-DRA,CD14,HLA-DPA1,CD53"
Kidney - Cortex,STRING:Component,Transport vesicle membrane,0.0073,7,"AQP2,ATP6V1B1,HLA-F,HLA-DQA1,HLA-DRB5,HLA-DRA,HLA-DPA1"
Kidney - Cortex,STRING:Component,Basolateral plasma membrane,0.0078,7,"AQP2,ATP6V1B1,SLC4A1,AQP1,SLC22A7,CLDN8,RHBG"
Kidney - Cortex,STRING:Component,Vacuole,0.0108,13,"ATP6V1B1,RAMP3,SRGN,SLC17A1,HLA-F,ATP6V0D2,HLA-DQA1,HLA-DRB5,HLA-DRA,SLC17A3,HLA-DPA1,ATP6V1G3,SERPINA3"
Kidney - Cortex,STRING:Component,Intrinsic component of membrane,0.0123,44,"AQP2,CYP4F3,RAMP3,SLC17A1,UGT2A3,HLA-F,SLC4A1,TYROBP,IL17RB,PDZK1IP1,TMEM174,SCNN1G,SLC22A11,LIME1,AQP1,STAB1,SLC47A2,ACSM2B,BTNL9,CLCNKA,EVI2B,HLA-DQA1,TNFRSF14,ACMSD,DIO1,FCGR3A,XPNPEP2,SLC22A7,VSIG4,HLA-DRB5,TMEM252,SLC28A1,HLA-DRA,LAT,SLC5A12,SLC17A3,CLDN8,CD14,HEPACAM2,HLA-DPA1,RHBG,FXYD4,TMEM265,CD53"
Kidney - Cortex,STRING:Component,Integral component of membrane,0.0133,43,"AQP2,CYP4F3,RAMP3,SLC17A1,UGT2A3,HLA-F,SLC4A1,TYROBP,IL17RB,PDZK1IP1,TMEM174,SCNN1G,SLC22A11,LIME1,AQP1,STAB1,SLC47A2,ACSM2B,BTNL9,CLCNKA,EVI2B,HLA-DQA1,TNFRSF14,ACMSD,DIO1,FCGR3A,SLC22A7,VSIG4,HLA-DRB5,TMEM252,SLC28A1,HLA-DRA,LAT,SLC5A12,SLC17A3,CLDN8,CD14,HEPACAM2,HLA-DPA1,RHBG,FXYD4,TMEM265,CD53"
Kidney - Cortex,STRING:Component,Endocytic vesicle,0.0133,8,"LTF,HLA-F,ATP6V0D2,STAB1,HLA-DQA1,HLA-DRB5,HLA-DRA,HLA-DPA1"
Kidney - Cortex,STRING:Component,Vacuolar proton-transporting V-type ATPase complex,0.0176,3,"ATP6V1B1,ATP6V0D2,ATP6V1G3"
Kidney - Cortex,STRING:Component,Platelet alpha granule lumen,0.018,4,"SRGN,ALB,SERPINA3,KNG1"
Kidney - Cortex,STRING:Component,Clathrin-coated endocytic vesicle membrane,0.0217,4,"HLA-DQA1,HLA-DRB5,HLA-DRA,HLA-DPA1"
Kidney - Cortex,STRING:Component,Plasma membrane protein complex,0.0244,10,"RAMP3,HLA-F,ATP6V0D2,LIME1,HLA-DQA1,FCGR3A,HLA-DRB5,HLA-DRA,HLA-DPA1,FXYD4"
Kidney - Cortex,STRING:Component,External side of plasma membrane,0.0264,8,"HLA-F,AZGP1,SCNN1G,SLC22A11,BTNL9,TNFRSF14,FCGR3A,CD14"
Kidney - Cortex,STRING:Component,Membrane protein complex,0.0267,15,"ATP6V1B1,RAMP3,HLA-F,ATP6V0D2,SCNN1G,LIME1,CLCNKA,HLA-DQA1,FCGR3A,HLA-DRB5,HLA-DRA,CD14,HLA-DPA1,ATP6V1G3,FXYD4"
Kidney - Cortex,STRING:Component,Plasma membrane region,0.0306,15,"AQP2,ATP6V1B1,SLC17A1,ACY3,SLC4A1,ATP6V0D2,SCNN1G,SLC22A11,AQP1,SLC22A7,SLC28A1,SLC5A12,SLC17A3,CLDN8,RHBG"
Kidney - Cortex,STRING:Component,Collagen-containing extracellular matrix,0.0333,8,"AZGP1,C1QB,SLPI,C1QC,C1QA,SOD3,SERPINA3,KNG1"
Kidney - Cortex,STRING:Component,Lysosome,0.0356,11,"RAMP3,SRGN,SLC17A1,HLA-F,ATP6V0D2,HLA-DQA1,HLA-DRB5,HLA-DRA,SLC17A3,HLA-DPA1,SERPINA3"
Kidney - Cortex,STRING:Component,Cuticular plate,0.0477,2,"PVALB,CALB1"
Kidney - Cortex,STRING:Component,Cluster of actin-based cell projections,0.0477,5,"PVALB,CALB1,AQP1,SLC28A1,SLC17A3"
Kidney - Cortex,STRING:Component,Cellular anatomical entity,0.0477,92,"AQP2,MIOX,PVALB,CYP24A1,CYP4F3,AGXT2,LTF,ATP6V1B1,RAMP3,SRGN,SLC17A1,UGT2A3,ACY3,BHMT2,EMX1,HLA-F,SLC4A1,TYROBP,BBOX1,CALB1,RBP5,REN,ALDH1L1,ATP6V0D2,IL17RB,AZGP1,PDZK1IP1,FABP1,ALB,TMEM174,LDHD,SCNN1G,SLC22A11,LIME1,AQP1,STAB1,C1QB,PCK1,SLC47A2,ACSM2B,BTNL9,CLCNKA,EVI2B,GSTA1,HLA-DQA1,GLYAT,SLPI,APOD,TNFRSF14,ACMSD,HAO2,DIO1,AKR7A3,FCGR3A,HMGCS2,TNFRSF6B,XPNPEP2,PTGDS,SLC22A7,C1QC,C1QA,AOX1,VSIG4,PSMB9,HLA-DRB5,MCCD1,KLF9,TMEM252,MT1M,SRXN1,SOD3,SLC28A1,HLA-DRA,LAT,SLC5A12,SLC17A3,FTCD,CLDN8,CD14,HEPACAM2,HLA-DPA1,FBP1,ATP6V1G3,HSF4,RHBG,SERPINA3,FXYD4,TMEM265,SAP25,KNG1,CD53,ALDOB"
Kidney - Cortex,STRING:KEGG,Phagosome,4.31e-06,9,"ATP6V1B1,HLA-F,ATP6V0D2,HLA-DQA1,FCGR3A,HLA-DRB5,HLA-DRA,CD14,HLA-DPA1"
Kidney - Cortex,STRING:KEGG,Staphylococcus aureus infection,4.31e-06,8,"C1QB,HLA-DQA1,FCGR3A,C1QC,C1QA,HLA-DRB5,HLA-DRA,HLA-DPA1"
Kidney - Cortex,STRING:KEGG,Systemic lupus erythematosus,4.31e-06,8,"C1QB,HLA-DQA1,FCGR3A,C1QC,C1QA,HLA-DRB5,HLA-DRA,HLA-DPA1"
Kidney - Cortex,STRING:KEGG,Metabolic pathways,5.26e-05,22,"MIOX,CYP24A1,CYP4F3,AGXT2,ATP6V1B1,UGT2A3,BHMT2,BBOX1,ATP6V0D2,LDHD,PCK1,ACSM2B,GSTA1,GLYAT,ACMSD,HAO2,HMGCS2,PTGDS,AOX1,FTCD,FBP1,ALDOB"
Kidney - Cortex,STRING:KEGG,Allograft rejection,6.64e-05,5,"HLA-F,HLA-DQA1,HLA-DRB5,HLA-DRA,HLA-DPA1"
Kidney - Cortex,STRING:KEGG,Graft-versus-host disease,7.15e-05,5,"HLA-F,HLA-DQA1,HLA-DRB5,HLA-DRA,HLA-DPA1"
Kidney - Cortex,STRING:KEGG,Type I diabetes mellitus,7.82e-05,5,"HLA-F,HLA-DQA1,HLA-DRB5,HLA-DRA,HLA-DPA1"
Kidney - Cortex,STRING:KEGG,Rheumatoid arthritis,0.00015,6,"ATP6V1B1,ATP6V0D2,HLA-DQA1,HLA-DRB5,HLA-DRA,HLA-DPA1"
Kidney - Cortex,STRING:KEGG,Autoimmune thyroid disease,0.00017,5,"HLA-F,HLA-DQA1,HLA-DRB5,HLA-DRA,HLA-DPA1"
Kidney - Cortex,STRING:KEGG,Viral myocarditis,0.00029,5,"HLA-F,HLA-DQA1,HLA-DRB5,HLA-DRA,HLA-DPA1"
Kidney - Cortex,STRING:KEGG,Asthma,0.00038,4,"HLA-DQA1,HLA-DRB5,HLA-DRA,HLA-DPA1"
Kidney - Cortex,STRING:KEGG,Tuberculosis,0.00044,7,"ATP6V0D2,HLA-DQA1,FCGR3A,HLA-DRB5,HLA-DRA,CD14,HLA-DPA1"
Kidney - Cortex,STRING:KEGG,Antigen processing and presentation,0.00045,5,"HLA-F,HLA-DQA1,HLA-DRB5,HLA-DRA,HLA-DPA1"
Kidney - Cortex,STRING:KEGG,Leishmaniasis,0.00058,5,"HLA-DQA1,FCGR3A,HLA-DRB5,HLA-DRA,HLA-DPA1"
Kidney - Cortex,STRING:KEGG,Cell adhesion molecules,0.0012,6,"HLA-F,HLA-DQA1,HLA-DRB5,HLA-DRA,CLDN8,HLA-DPA1"
Kidney - Cortex,STRING:KEGG,Complement and coagulation cascades,0.0012,5,"C1QB,C1QC,C1QA,VSIG4,KNG1"
Kidney - Cortex,STRING:KEGG,Intestinal immune network for IgA production,0.0013,4,"HLA-DQA1,HLA-DRB5,HLA-DRA,HLA-DPA1"
Kidney - Cortex,STRING:KEGG,Hematopoietic cell lineage,0.0015,5,"HLA-DQA1,HLA-DRB5,HLA-DRA,CD14,HLA-DPA1"
Kidney - Cortex,STRING:KEGG,Inflammatory bowel disease,0.0037,4,"HLA-DQA1,HLA-DRB5,HLA-DRA,HLA-DPA1"
Kidney - Cortex,STRING:KEGG,Collecting duct acid secretion,0.0044,3,"ATP6V1B1,SLC4A1,ATP6V0D2"
Kidney - Cortex,STRING:KEGG,Pertussis,0.0073,4,"C1QB,C1QC,C1QA,CD14"
Kidney - Cortex,STRING:KEGG,Th1 and Th2 cell differentiation,0.0121,4,"HLA-DQA1,HLA-DRB5,HLA-DRA,HLA-DPA1"
Kidney - Cortex,STRING:KEGG,Chagas disease,0.0185,4,"C1QB,C1QC,C1QA,KNG1"
Kidney - Cortex,STRING:KEGG,Th17 cell differentiation,0.0191,4,"HLA-DQA1,HLA-DRB5,HLA-DRA,HLA-DPA1"
Kidney - Cortex,STRING:KEGG,"Valine, leucine and isoleucine degradation",0.0206,3,"AGXT2,HMGCS2,AOX1"
Kidney - Cortex,STRING:KEGG,Toxoplasmosis,0.0206,4,"HLA-DQA1,HLA-DRB5,HLA-DRA,HLA-DPA1"
Kidney - Cortex,STRING:KEGG,Epstein-Barr virus infection,0.0282,5,"HLA-F,HLA-DQA1,HLA-DRB5,HLA-DRA,HLA-DPA1"
Kidney - Cortex,STRING:KEGG,Human T-cell leukemia virus 1 infection,0.0397,5,"HLA-F,HLA-DQA1,HLA-DRB5,HLA-DRA,HLA-DPA1"
Kidney - Cortex,STRING:KEGG,Glycolysis / Gluconeogenesis,0.0435,3,"PCK1,FBP1,ALDOB"
Kidney - Cortex,STRING:KEGG,Drug metabolism - cytochrome P450,0.0435,3,"UGT2A3,GSTA1,AOX1"
Kidney - Cortex,STRING:KEGG,One carbon pool by folate,0.0498,2,"ALDH1L1,FTCD"
Kidney - Cortex,STRING:KEGG,Metabolism of xenobiotics by cytochrome P450,0.0498,3,"UGT2A3,GSTA1,AKR7A3"
Kidney - Cortex,Enrichr:PanglaoDB,Proximal Tubule Cells,5.7002799637679255e-22,21,"MIOX,AGXT2,SLC5A12,GLYAT,GBA3,SOD3,KNG1,AQP1,FABP1,GSTA1,ALB,UGT2A3,HMGCS2,ALDOB,PCK1,SLC17A1,SLC22A7,FBP1,HAO2,SLC28A1,SLC17A3"
Kidney - Cortex,Enrichr:PanglaoDB,Follicular Cells,1.2144081587897895e-17,16,"AGXT2,DIO1,CYP4F3,ACSM2B,KNG1,GSTA1,ALB,UGT2A3,HMGCS2,ALDOB,PCK1,SLC17A1,SLC22A7,HAO2,SLC28A1,SLC17A3"
Kidney - Cortex,Enrichr:PanglaoDB,Hepatocytes,1.1959779467208756e-11,15,"AGXT2,KNG1,FABP1,AZGP1,SLPI,GSTA1,ALB,UGT2A3,HMGCS2,ALDOB,PCK1,SLC17A1,SLC22A7,HAO2,SLC28A1"
Kidney - Cortex,Enrichr:PanglaoDB,Intercalated Cells,1.9956862226427263e-11,12,"SCNN1G,ALDH1L1,CLDN8,BBOX1,CLCNKA,SLC4A1,AQP2,ATP6V1G3,RHBG,TMEM174,ATP6V0D2,ATP6V1B1"
Kidney - Cortex,Enrichr:PanglaoDB,Langerhans Cells,1.3571063322468325e-08,10,"CD53,HLA-DRB6,C1QA,HLA-DRB5,FCGR3A,TYROBP,HLA-DRA,HLA-F,HLA-DQA1,HLA-DPA1"
Kidney - Cortex,Enrichr:PanglaoDB,Distal Tubule Cells,3.263665135103504e-08,10,"SCNN1G,EMX1,ALDH1L1,CALB1,CLDN8,BBOX1,AQP2,PCK1,TMEM174,PVALB"
Kidney - Cortex,Enrichr:PanglaoDB,Noradrenergic Neurons,4.1983519219549255e-08,9,"FABP1,AGXT2,ALB,UGT2A3,ALDOB,SLC17A1,SLC22A7,HAO2,FTCD"
Kidney - Cortex,Enrichr:PanglaoDB,Microglia,9.783796445966478e-08,10,"CD53,C1QB,C1QA,FCGR3A,TYROBP,HLA-DRA,CD14,VSIG4,PTGDS,EVI2B"
Liver,STRING:Process,Organic acid metabolic process,4.59e-12,29,"OTC,CYP4F2,SULT2A1,AGXT2,SLC17A1,G6PC,BHMT2,SLC27A5,PON3,BCKDHA,BHMT,HPD,CYP2A6,AGXT,ACOT12,CYP4A11,CYP8B1,UPB1,ACSM2B,TAT,CYP4A22,OGDHL,NUDT8,ECHDC3,UROC1,GPT,ACSM2A,GHR,CYP2D6"
Liver,STRING:Process,Small molecule metabolic process,9.54e-11,36,"OTC,MOGAT2,CYP4F2,SULT2A1,AGXT2,SLC17A1,G6PC,BHMT2,SLC27A5,PON3,BCKDHA,BHMT,DPYS,HPD,CYP2A6,AGXT,ACOT12,CYP4A11,CYP8B1,UPB1,ACSM2B,TAT,CYP4A22,OGDHL,NUDT8,ECHDC3,UROC1,ASPDH,DBH,GPT,RDH16,APOF,APOA5,ACSM2A,GHR,CYP2D6"
Liver,STRING:Process,Carboxylic acid metabolic process,2.33e-10,26,"OTC,CYP4F2,SULT2A1,AGXT2,BHMT2,SLC27A5,PON3,BCKDHA,BHMT,HPD,CYP2A6,AGXT,ACOT12,CYP4A11,CYP8B1,UPB1,ACSM2B,TAT,CYP4A22,OGDHL,NUDT8,ECHDC3,UROC1,GPT,ACSM2A,CYP2D6"
Liver,STRING:Process,Monocarboxylic acid metabolic process,2.92e-07,18,"CYP4F2,SULT2A1,AGXT2,SLC27A5,PON3,CYP2A6,AGXT,ACOT12,CYP4A11,CYP8B1,ACSM2B,CYP4A22,OGDHL,NUDT8,ECHDC3,UROC1,ACSM2A,CYP2D6"
Liver,STRING:Process,Carboxylic acid catabolic process,5.11e-07,13,"OTC,CYP4F2,SULT2A1,AGXT2,PON3,BCKDHA,HPD,AGXT,CYP4A11,TAT,NUDT8,UROC1,GPT"
Liver,STRING:Process,Small molecule biosynthetic process,2.24e-06,16,"OTC,AGXT2,G6PC,BHMT2,SLC27A5,BHMT,AGXT,CYP4A11,CYP8B1,UPB1,ACSM2B,CYP4A22,DBH,APOA5,ACSM2A,CYP2D6"
Liver,STRING:Process,Carboxylic acid biosynthetic process,2.73e-06,13,"OTC,AGXT2,BHMT2,SLC27A5,BHMT,AGXT,CYP4A11,CYP8B1,UPB1,ACSM2B,CYP4A22,ACSM2A,CYP2D6"
Liver,STRING:Process,Small molecule catabolic process,9.91e-06,14,"OTC,CYP4F2,SULT2A1,AGXT2,PON3,BCKDHA,HPD,AGXT,CYP4A11,UPB1,TAT,NUDT8,UROC1,GPT"
Liver,STRING:Process,Acute inflammatory response,1.77e-05,8,"LBP,EPO,ORM1,ITIH4,MBL2,NUPR1,TFR2,HPR"
Liver,STRING:Process,Cellular catabolic process,0.00011,26,"OTC,CYP4F2,SULT2A1,AGXT2,G6PC,DMGDH,PON3,BCKDHA,BHMT,DPYS,HPD,CYP2A6,AGXT,SEC16B,CYP4A11,NEU4,UPB1,TAT,CPN1,NUDT8,UROC1,DBH,GPT,EMC6,APOA5,CYP2D6"
Liver,STRING:Process,Acute-phase response,0.00016,6,"LBP,EPO,ORM1,ITIH4,MBL2,TFR2"
Liver,STRING:Process,Cellular amino acid catabolic process,0.00018,8,"OTC,AGXT2,BCKDHA,HPD,AGXT,TAT,UROC1,GPT"
Liver,STRING:Process,Organic substance catabolic process,0.00019,26,"OTC,CYP4F2,SULT2A1,AGXT2,G6PC,DMGDH,PON3,BCKDHA,BHMT,DPYS,HPD,CYP2A6,AGXT,CYP4A11,NEU4,UPB1,TAT,CPN1,OGDHL,NUDT8,UROC1,DBH,GPT,APOA5,APOC2,CYP2D6"
Liver,STRING:Process,Cellular amino acid metabolic process,0.0003,11,"OTC,AGXT2,BHMT2,BCKDHA,BHMT,HPD,AGXT,UPB1,TAT,UROC1,GPT"
Liver,STRING:Process,Catabolic process,0.0003,28,"OTC,CYP4F2,SULT2A1,AGXT2,G6PC,DMGDH,PON3,BCKDHA,BHMT,DPYS,HPD,CYP2A6,AGXT,SEC16B,CYP4A11,NEU4,UPB1,TAT,CPN1,OGDHL,NUDT8,UROC1,DBH,GPT,EMC6,APOA5,APOC2,CYP2D6"
Liver,STRING:Process,Lipid metabolic process,0.00047,21,"MOGAT2,CYP4F2,SULT2A1,G6PC,SLC27A5,CYP2A6,ACOT12,CYP4A11,CYP8B1,NEU4,ACSM2B,CYP4A22,NUDT8,ECHDC3,TM6SF2,RDH16,APOF,APOA5,ACSM2A,APOC2,CYP2D6"
Liver,STRING:Process,Regulation of intestinal cholesterol absorption,0.00047,4,"ABCG8,CYP8B1,ABCG5,APOA5"
Liver,STRING:Process,Fatty acid metabolic process,0.00068,11,"CYP4F2,SLC27A5,CYP2A6,ACOT12,CYP4A11,ACSM2B,CYP4A22,NUDT8,ECHDC3,ACSM2A,CYP2D6"
Liver,STRING:Process,Alpha-amino acid metabolic process,0.00077,9,"OTC,AGXT2,BHMT2,BHMT,HPD,AGXT,TAT,UROC1,GPT"
Liver,STRING:Process,Metabolic process,0.00078,64,"CD4,OTC,MOGAT2,CYP4F2,SULT2A1,AGXT2,SLC17A1,EPO,G6PC,DMGDH,BHMT2,GTF2H4,GCHFR,SLC27A5,PON3,ITIH4,BCKDHA,BHMT,DPYS,HPD,AZGP1,CYP2A6,AGXT,ACOT12,SEC16B,CYP4A11,ARL6IP4,CYP8B1,NEU4,TRIM55,UPB1,BGN,ACSM2B,SLC25A18,TAT,CPN1,CYP4A22,SLC22A7,MBL2,OGDHL,NUDT8,SLC17A2,ECHDC3,UROC1,ASPDH,TM6SF2,DBH,GPT,NUPR1,EMC6,RDH16,APOF,UBE2QL1,GCGR,MASP2,F11,CDK3,HGFAC,HPR,APOA5,ACSM2A,APOC2,GHR,CYP2D6"
Liver,STRING:Process,Monocarboxylic acid catabolic process,0.001,7,"CYP4F2,SULT2A1,AGXT2,PON3,AGXT,CYP4A11,NUDT8"
Liver,STRING:Process,Xenobiotic metabolic process,0.0014,7,"CYP4F2,SULT2A1,PON3,CYP2A6,ACSM2B,SLC22A7,CYP2D6"
Liver,STRING:Process,Triglyceride homeostasis,0.0014,5,"ABCG8,ABCG5,APOA5,ACSM2A,APOC2"
Liver,STRING:Process,Regulation of lipid localization,0.0014,8,"CYP4F2,ABCG8,CYP4A11,CYP8B1,PLIN5,ABCG5,APOA5,APOC2"
Liver,STRING:Process,"Complement activation, classical pathway",0.0015,5,"C4BPB,C6,C8B,MBL2,MASP2"
Liver,STRING:Process,Cellular amino acid biosynthetic process,0.0018,6,"OTC,AGXT2,BHMT2,BHMT,AGXT,UPB1"
Liver,STRING:Process,L-alanine catabolic process,0.002,3,"AGXT2,AGXT,GPT"
Liver,STRING:Process,Steroid metabolic process,0.003,9,"SULT2A1,G6PC,SLC27A5,CYP2A6,CYP8B1,RDH16,APOF,APOA5,CYP2D6"
Liver,STRING:Process,Regulation of lipid transport,0.0033,7,"CYP4F2,ABCG8,CYP4A11,CYP8B1,ABCG5,APOA5,APOC2"
Liver,STRING:Process,Sulfur compound metabolic process,0.0034,10,"SULT2A1,BHMT2,BHMT,AGXT,ACOT12,BGN,ACSM2B,NUDT8,ACSM2A,GHR"
Liver,STRING:Process,Immunoglobulin mediated immune response,0.0042,6,"C4BPB,C6,FCER1G,C8B,MBL2,MASP2"
Liver,STRING:Process,Alpha-amino acid catabolic process,0.0042,6,"OTC,AGXT2,HPD,AGXT,TAT,GPT"
Liver,STRING:Process,Arachidonic acid metabolic process,0.0043,5,"CYP4F2,CYP2A6,CYP4A11,CYP4A22,CYP2D6"
Liver,STRING:Process,Cellular lipid metabolic process,0.005,16,"MOGAT2,CYP4F2,G6PC,SLC27A5,CYP2A6,ACOT12,CYP4A11,NEU4,ACSM2B,CYP4A22,NUDT8,ECHDC3,RDH16,APOA5,ACSM2A,CYP2D6"
Liver,STRING:Process,Cholesterol efflux,0.0055,4,"ABCG8,ABCG5,APOA5,APOC2"
Liver,STRING:Process,Defense response,0.006,20,"CD4,LBP,HRG,C4BPB,EPO,CLEC10A,ORM1,C6,ITIH4,FCER1G,TRIM55,C8B,MBL2,AIF1,NUPR1,MASP2,CD14,TFR2,HPR,KCNJ8"
Liver,STRING:Process,Coumarin metabolic process,0.006,3,"PON3,CYP2A6,CYP2D6"
Liver,STRING:Process,Long-chain fatty acid metabolic process,0.0064,6,"CYP4F2,SLC27A5,CYP2A6,CYP4A11,CYP4A22,CYP2D6"
Liver,STRING:Process,Lipid homeostasis,0.0064,7,"G6PC,ABCG8,TM6SF2,ABCG5,APOA5,ACSM2A,APOC2"
Liver,STRING:Process,Negative regulation of lipid transport,0.0069,4,"CYP4F2,ABCG8,ABCG5,APOC2"
Liver,STRING:Process,Regulation of cholesterol transport,0.0069,5,"ABCG8,CYP8B1,ABCG5,APOA5,APOC2"
Liver,STRING:Process,Organic hydroxy compound metabolic process,0.009,11,"MOGAT2,CYP4F2,SULT2A1,SLC27A5,CYP4A11,CYP8B1,DBH,RDH16,APOF,APOA5,CYP2D6"
Liver,STRING:Process,Alpha-amino acid biosynthetic process,0.0098,5,"OTC,AGXT2,BHMT2,BHMT,AGXT"
Liver,STRING:Process,Bile acid signaling pathway,0.0109,3,"ABCG8,CYP8B1,ABCG5"
Liver,STRING:Process,Organonitrogen compound catabolic process,0.0109,17,"OTC,AGXT2,DMGDH,BCKDHA,BHMT,DPYS,HPD,AGXT,NEU4,UPB1,TAT,CPN1,NUDT8,UROC1,DBH,GPT,CYP2D6"
Liver,STRING:Process,Fatty acid derivative metabolic process,0.0118,5,"CYP4F2,SLC27A5,CYP4A11,NUDT8,ACSM2A"
Liver,STRING:Process,Response to xenobiotic stimulus,0.0149,10,"OTC,CYP4F2,SULT2A1,PON3,ABCG8,CYP2A6,ACSM2B,SLC22A7,ABCG5,CYP2D6"
Liver,STRING:Process,Cellular metabolic process,0.0164,52,"CD4,OTC,MOGAT2,CYP4F2,SULT2A1,AGXT2,SLC17A1,EPO,G6PC,DMGDH,BHMT2,GTF2H4,GCHFR,SLC27A5,PON3,BCKDHA,BHMT,DPYS,HPD,AZGP1,CYP2A6,AGXT,ACOT12,SEC16B,CYP4A11,ARL6IP4,CYP8B1,NEU4,UPB1,BGN,ACSM2B,SLC25A18,TAT,CPN1,CYP4A22,SLC22A7,OGDHL,NUDT8,SLC17A2,ECHDC3,UROC1,ASPDH,DBH,GPT,EMC6,RDH16,GCGR,CDK3,APOA5,ACSM2A,GHR,CYP2D6"
Liver,STRING:Process,Organic substance metabolic process,0.0178,57,"CD4,OTC,MOGAT2,CYP4F2,SULT2A1,AGXT2,SLC17A1,EPO,G6PC,DMGDH,BHMT2,GTF2H4,SLC27A5,PON3,ITIH4,BCKDHA,BHMT,DPYS,HPD,AZGP1,CYP2A6,AGXT,ACOT12,CYP4A11,ARL6IP4,CYP8B1,NEU4,TRIM55,UPB1,BGN,ACSM2B,TAT,CPN1,CYP4A22,MBL2,OGDHL,NUDT8,ECHDC3,UROC1,ASPDH,TM6SF2,DBH,GPT,NUPR1,RDH16,APOF,UBE2QL1,MASP2,F11,CDK3,HGFAC,HPR,APOA5,ACSM2A,APOC2,GHR,CYP2D6"
Liver,STRING:Process,Regulation of triglyceride catabolic process,0.0183,3,"PLIN5,APOA5,APOC2"
Liver,STRING:Process,Negative regulation of cholesterol transport,0.0183,3,"ABCG8,ABCG5,APOC2"
Liver,STRING:Process,Inflammatory response,0.0207,11,"LBP,EPO,ORM1,ITIH4,TRIM55,MBL2,AIF1,NUPR1,CD14,TFR2,HPR"
Liver,STRING:Process,Adaptive immune response,0.0208,9,"CD4,C4BPB,CLEC10A,C6,FCER1G,LIME1,C8B,MBL2,MASP2"
Liver,STRING:Process,Cholesterol homeostasis,0.0231,5,"G6PC,ABCG8,ABCG5,APOA5,APOC2"
Liver,STRING:Process,Olefinic compound metabolic process,0.0231,6,"CYP4F2,CYP2A6,CYP4A11,CYP4A22,RDH16,CYP2D6"
Liver,STRING:Process,Leukocyte mediated immunity,0.0235,7,"C4BPB,C6,FCER1G,C8B,MBL2,DBH,MASP2"
Liver,STRING:Process,Positive regulation of very-low-density lipoprotein particle remodeling,0.0297,2,"APOA5,APOC2"
Liver,STRING:Process,Negative regulation of intestinal phytosterol absorption,0.0297,2,"ABCG8,ABCG5"
Liver,STRING:Process,"Glycine biosynthetic process, by transamination of glyoxylate",0.0297,2,"AGXT2,AGXT"
Liver,STRING:Process,Epoxygenase P450 pathway,0.0297,3,"CYP4F2,CYP2A6,CYP4A11"
Liver,STRING:Process,Negative regulation of intestinal cholesterol absorption,0.0297,2,"ABCG8,ABCG5"
Liver,STRING:Process,Coumarin catabolic process,0.0297,2,"PON3,CYP2A6"
Liver,STRING:Process,Fatty acid derivative catabolic process,0.0297,3,"CYP4F2,CYP4A11,NUDT8"
Liver,STRING:Process,Regulation of opsonization,0.0297,3,"C4BPB,MBL2,MASP2"
Liver,STRING:Process,Chemical homeostasis,0.0324,14,"OTC,CYP4F2,G6PC,ABCG8,CYP4A11,ATP2B2,TM6SF2,DBH,GCGR,ABCG5,TFR2,APOA5,ACSM2A,APOC2"
Liver,STRING:Process,Pressure natriuresis,0.042,2,"CYP4F2,CYP4A11"
Liver,STRING:Process,Amino-acid betaine catabolic process,0.042,2,"DMGDH,BHMT"
Liver,STRING:Process,Glyoxylate catabolic process,0.042,2,"AGXT2,AGXT"
Liver,STRING:Process,Lauric acid metabolic process,0.042,2,"CYP4A11,CYP4A22"
Liver,STRING:Process,Positive regulation of immune response,0.042,10,"CD4,LBP,HRG,C4BPB,C6,FCER1G,LIME1,C8B,MBL2,MASP2"
Liver,STRING:Process,Organic anion transport,0.0454,8,"SLC17A1,SLC27A5,AGXT,SLC22A10,SLC25A18,SLC6A13,SLC22A7,SLC17A2"
Liver,STRING:Process,Positive regulation of triglyceride metabolic process,0.046,3,"PLIN5,APOA5,APOC2"
Liver,STRING:Component,Extracellular space,0.00034,38,"DDTL,LBP,HRG,C4BPB,EPO,BHMT2,ORM1,C6,PON3,ITIH4,INHBE,BHMT,DPYS,HPD,AZGP1,INHBC,LIME1,CPN2,UPB1,BGN,SERPINA7,SLC6A13,ATP2B2,CPN1,C8B,CYP4A22,MBL2,DBH,GPT,APOF,MASP2,F11,CD14,HGFAC,HPR,APOA5,APOC2,GHR"
Liver,STRING:Component,Extracellular region,0.0127,40,"DDTL,LBP,HRG,C4BPB,EPO,BHMT2,ORM1,C6,PON3,ITIH4,INHBE,BHMT,DPYS,HPD,AZGP1,ACOT12,INHBC,LIME1,CPN2,UPB1,BGN,SERPINA7,SLC6A13,ATP2B2,CPN1,C8B,CYP4A22,MBL2,DBH,GPT,NUPR1,APOF,MASP2,F11,CD14,HGFAC,HPR,APOA5,APOC2,GHR"
Liver,STRING:Component,High-density lipoprotein particle,0.0147,4,"APOF,HPR,APOA5,APOC2"
Liver,STRING:Component,Endoplasmic reticulum membrane,0.0291,17,"CD4,CREB3L3,MOGAT2,CYP4F2,G6PC,SLC27A5,HPD,CYP2A6,SEC16B,CYP4A11,CYP8B1,NEU4,CYP4A22,TM6SF2,EMC6,RDH16,CYP2D6"
Liver,STRING:Component,External side of plasma membrane,0.0291,9,"CD4,CLEC10A,FCER1G,AZGP1,MBL2,MASP2,CD14,TFR2,GHR"
Liver,STRING:Component,Extracellular exosome,0.0291,24,"DDTL,LBP,HRG,BHMT2,ORM1,C6,PON3,ITIH4,BHMT,DPYS,HPD,AZGP1,CPN2,UPB1,BGN,SERPINA7,SLC6A13,ATP2B2,C8B,GPT,MASP2,F11,CD14,HPR"
Liver,STRING:Component,Blood microparticle,0.0495,5,"HRG,ORM1,ITIH4,CPN2,HPR"
Liver,STRING:Component,ATPase dependent transmembrane transport complex,0.0495,3,"ABCG8,ABCG5,KCNJ8"
Liver,STRING:Component,Serine-type endopeptidase complex,0.0495,3,"MBL2,MASP2,F11"
Liver,STRING:KEGG,Metabolic pathways,5.7e-07,27,"OTC,CYP4F2,AGXT2,G6PC,DMGDH,BHMT2,SLC27A5,BCKDHA,BHMT,DPYS,HPD,CYP2A6,AGXT,ACOT12,CYP4A11,CYP8B1,NEU4,UPB1,ACSM2B,TAT,CYP4A22,OGDHL,ASPDH,DBH,GPT,RDH16,ACSM2A"
Liver,STRING:KEGG,PPAR signaling pathway,2.96e-05,7,"SLC27A5,CYP4A11,CYP8B1,CYP4A22,PLIN5,APOA5,PLIN4"
Liver,STRING:KEGG,Complement and coagulation cascades,0.00058,6,"C4BPB,C6,C8B,MBL2,MASP2,F11"
Liver,STRING:KEGG,"Glycine, serine and threonine metabolism",0.0048,4,"AGXT2,DMGDH,BHMT,AGXT"
Liver,STRING:KEGG,Cysteine and methionine metabolism,0.007,4,"AGXT2,BHMT2,BHMT,TAT"
Liver,STRING:KEGG,Bile secretion,0.007,5,"SULT2A1,SLC27A5,ABCG8,SLC22A7,ABCG5"
Liver,STRING:KEGG,Retinol metabolism,0.019,4,"CYP2A6,CYP4A11,CYP4A22,RDH16"
Liver,STRING:KEGG,"Alanine, aspartate and glutamate metabolism",0.0378,3,"AGXT2,AGXT,GPT"
Liver,STRING:KEGG,Tyrosine metabolism,0.0378,3,"HPD,TAT,DBH"
Liver,STRING:KEGG,Fat digestion and absorption,0.0465,3,"MOGAT2,ABCG8,ABCG5"
Liver,Enrichr:PanglaoDB,Hepatocytes,1.7223443938769415e-31,29,"PON3,ORM1,MOGAT2,TAT,NR1I3,HPR,C8B,SERPINA7,CPN1,GHR,C6,CYP2D6,LBP,SLC17A1,SLC17A2,SLC25A47,MBL2,ABCG8,SEC16B,AGXT2,F11,APOA5,TMEM82,AZGP1,CYP2A6,TFR2,MASP2,SLC22A7,OTC"
Liver,Enrichr:PanglaoDB,Follicular Cells,8.172366409603363e-30,23,"ABCG8,PON3,ABCG5,AGXT2,TAT,F11,CYP4A11,CYP4A22,ACSM2A,C4BPB,C8B,UPB1,SERPINA7,CYP8B1,ACSM2B,CPN2,BHMT,C6,SLC17A1,AGXT,SLC22A7,SLC17A2,SULT2A1"
Liver,Enrichr:PanglaoDB,Noradrenergic Neurons,9.371439745591358e-29,22,"ABCG8,AGXT2,MOGAT2,GCGR,F11,ACOT12,DBH,C8B,INHBC,APOA5,SERPINA7,TMEM82,TM6SF2,CREB3L3,UROC1,SLC17A1,SLC22A7,SLC17A2,SLC25A47,HGFAC,OTC,MBL2"
Liver,Enrichr:PanglaoDB,Proximal Tubule Cells,1.7571238855475444e-27,24,"ABCG8,AGXT2,MOGAT2,CYP4F2,GCGR,DPYS,F11,CYP4A11,C8B,UPB1,APOA5,SERPINA7,TMEM82,GHR,BHMT,C6,LBP,SLC17A1,AGXT,SLC22A7,SLC17A2,SLC25A47,OTC,MBL2"
Liver,Enrichr:PanglaoDB,Epsilon Cells,8.974390856095667e-11,12,"ABCG8,PON3,SEC16B,BHMT,C6,AGXT2,MOGAT2,F11,SERPINA7,TMEM82,OTC,TM6SF2"
Liver,Enrichr:PanglaoDB,Enterocytes,1.367695618112367e-05,9,"ABCG8,ABCG5,CREB3L3,MOGAT2,CYP4F2,NR1I3,TMEM82,OTC,TM6SF2"
Liver,Enrichr:PanglaoDB,Serotonergic Neurons,0.0024004016472491765,5,"ABCG5,MOGAT2,F11,ACSM2A,OTC"
Liver,Enrichr:PanglaoDB,Adrenergic Neurons,0.0024004016472491765,5,"OGDHL,DBH,HGFAC,GADD45G,TM6SF2"
Lung,STRING:Process,Positive regulation of response to stimulus,1.54e-06,34,"CD4,SLC15A3,KLF2,APOE,GADD45G,BST2,NID1,SHC2,ITGA1,ACE,FGFR4,TNFSF12,FERMT2,APOL3,FN1,C5AR1,MFNG,HLA-DRB1,S100A12,ENG,AGER,SRPX,EMILIN1,GPC3,HLA-DRA,C1S,CD14,HLA-DMB,HLA-H,RARRES2,SLIT2,PTP4A3,C1R,CFD"
Lung,STRING:Process,Regulation of cell population proliferation,2.08e-05,28,"MMP2,APOE,BST2,TBX3,ITGA1,ABI3BP,ACE,FGFR4,TNFSF12,EFEMP2,VIPR1,IFITM1,FERMT2,APOD,FN1,C5AR1,HLA-DRB1,NES,EGFL7,ENG,ALOX5,AGER,KLF9,SRPX,EMILIN1,CALCRL,GPC3,HLA-DMB"
Lung,STRING:Process,Regulation of cell adhesion,3.12e-05,19,"CD4,MMP2,NID1,FERMT3,ABI3BP,EFEMP2,FERMT2,APOD,FN1,HLA-DRB1,ENG,ALOX5,HLA-DMA,NOTCH4,AGER,EMILIN1,HLA-DRA,HLA-DMB,HLA-H"
Lung,STRING:Process,Tube development,3.12e-05,20,"MMP2,KLF2,APOE,TBX3,CRISPLD2,ACE,TNFSF12,ABCA3,EFEMP2,APOD,FN1,EGFL7,HEYL,ENG,NOTCH4,COL4A1,CALCRL,GPC3,RARRES2,SLIT2"
Lung,STRING:Process,Response to stimulus,3.12e-05,65,"PDK4,CD4,MMP2,SLC15A3,SELPLG,KLF2,APOE,BST2,GFPT2,TBX3,LYZ,SHC2,MYL9,FERMT3,ITGA1,NRGN,ACE,FGFR4,TNFSF12,GEM,ABCA3,FIBIN,VIPR1,IFITM1,FERMT2,APOL3,APOD,ANXA6,FN1,C5AR1,MFNG,HLA-DRB1,COL6A1,S100A12,MPP1,ARHGAP4,HEYL,ENG,ALOX5,ALPL,HLA-DMA,NOTCH4,AGER,COL4A1,KLF9,SRPX,CALCRL,GPC3,HLA-DRA,RNASE1,SELENOM,C1S,CD14,RRAD,HLA-DMB,HLA-H,RARRES2,SLIT2,SFTA3,PTP4A3,RGS5,C1R,RNASE4,CFD,IFITM2"
Lung,STRING:Process,Regulation of response to stimulus,4.38e-05,43,"CD4,SLC15A3,KLF2,APOE,GADD45G,BST2,NID1,SHC2,ITGA1,ACE,FGFR4,TNFSF12,FERMT2,APOL3,FBLN5,APOD,FN1,C5AR1,MFNG,HLA-DRB1,S100A12,MPP1,ARHGAP4,EGFL7,HEYL,ENG,ALOX5,AGER,SRPX,EMILIN1,CALCRL,GPC3,HLA-DRA,C1S,CD14,HLA-DMB,HLA-H,RARRES2,SLIT2,PTP4A3,RGS5,C1R,CFD"
Lung,STRING:Process,Blood vessel development,4.96e-05,15,"MMP2,APOE,TBX3,ACE,TNFSF12,EFEMP2,APOD,FN1,EGFL7,ENG,NOTCH4,COL4A1,CALCRL,GPC3,SLIT2"
Lung,STRING:Process,Positive regulation of signal transduction,7.41e-05,25,"CD4,SLC15A3,KLF2,APOE,GADD45G,BST2,NID1,SHC2,ITGA1,FGFR4,TNFSF12,FERMT2,APOL3,FN1,C5AR1,MFNG,HLA-DRB1,S100A12,ENG,AGER,SRPX,GPC3,CD14,HLA-H,PTP4A3"
Lung,STRING:Process,Cell surface receptor signaling pathway,7.81e-05,29,"PDK4,CD4,MMP2,SHC2,FERMT3,ITGA1,FGFR4,TNFSF12,GEM,VIPR1,IFITM1,FERMT2,FN1,C5AR1,HLA-DRB1,HEYL,ENG,NOTCH4,AGER,COL4A1,CALCRL,GPC3,CD14,HLA-H,RARRES2,SLIT2,PTP4A3,CFD,IFITM2"
Lung,STRING:Process,Positive regulation of cell communication,9.75e-05,26,"CD4,SLC15A3,KLF2,APOE,GADD45G,BST2,NID1,SHC2,ITGA1,NRGN,FGFR4,TNFSF12,FERMT2,APOL3,FN1,C5AR1,MFNG,HLA-DRB1,S100A12,ENG,AGER,SRPX,GPC3,CD14,HLA-H,PTP4A3"
Lung,STRING:Process,Positive regulation of signaling,9.75e-05,26,"CD4,SLC15A3,KLF2,APOE,GADD45G,BST2,NID1,SHC2,ITGA1,NRGN,FGFR4,TNFSF12,FERMT2,APOL3,FN1,C5AR1,MFNG,HLA-DRB1,S100A12,ENG,AGER,SRPX,GPC3,CD14,HLA-H,PTP4A3"
Lung,STRING:Process,Anatomical structure morphogenesis,0.00011,30,"MMP2,KLF2,APOE,TBX3,CRISPLD2,MYL9,FERMT3,ITGA1,ACE,TNFSF12,SDC2,EFEMP2,FERMT2,APOD,ANXA6,FN1,MFNG,COL6A1,NES,EGFL7,HEYL,ENG,ALPL,NOTCH4,COL4A1,EMILIN1,CALCRL,GPC3,SLIT2,FHL1"
Lung,STRING:Process,Blood vessel morphogenesis,0.00014,13,"MMP2,APOE,ACE,TNFSF12,EFEMP2,APOD,FN1,EGFL7,ENG,NOTCH4,COL4A1,CALCRL,SLIT2"
Lung,STRING:Process,Positive regulation of biological process,0.00021,54,"CD4,MMP2,PCOLCE,SLC15A3,KLF2,APOE,GADD45G,BST2,TBX3,NID1,SHC2,FERMT3,ITGA1,NRGN,ABI3BP,ACE,FGFR4,TNFSF12,ABCA3,EFEMP2,VIPR1,IFITM1,FERMT2,APOL3,FN1,C5AR1,MFNG,HLA-DRB1,NES,S100A12,EGFL7,HEYL,ENG,ALOX5,ALPL,HLA-DMA,NOTCH4,AGER,SRPX,EMILIN1,CALCRL,GPC3,HLA-DRA,C1S,CD14,HLA-DMB,HLA-H,RARRES2,SLIT2,PTP4A3,C1R,APOC1,CFD,FHL1"
Lung,STRING:Process,Cell migration,0.00028,18,"TNS1,MMP2,SELPLG,ITGA1,FGFR4,TNFSF12,SDC2,FMNL1,ANXA6,FN1,C5AR1,S100A12,ENG,ALOX5,EMILIN1,GPC3,SLIT2,PTP4A3"
Lung,STRING:Process,Immune system process,0.00039,28,"CD4,SLC15A3,SELPLG,KLF2,BST2,LYZ,ITGA1,ACE,TNFSF12,GEM,IFITM1,C5AR1,MFNG,HLA-DRB1,S100A12,ALOX5,HLA-DMA,NOTCH4,AGER,GPC3,HLA-DRA,C1S,CD14,HLA-DMB,RARRES2,C1R,CFD,IFITM2"
Lung,STRING:Process,Cell-matrix adhesion,0.00039,8,"EPDR1,NID1,FERMT3,ITGA1,FERMT2,FBLN5,FN1,EMILIN1"
Lung,STRING:Process,Angiogenesis,0.00047,11,"MMP2,ACE,TNFSF12,APOD,FN1,EGFL7,ENG,NOTCH4,COL4A1,CALCRL,SLIT2"
Lung,STRING:Process,Positive regulation of cell adhesion,0.00051,13,"CD4,NID1,ABI3BP,EFEMP2,FERMT2,FN1,HLA-DRB1,ALOX5,HLA-DMA,AGER,EMILIN1,HLA-DRA,HLA-DMB"
Lung,STRING:Process,Tube morphogenesis,0.00057,15,"MMP2,APOE,TBX3,ACE,TNFSF12,EFEMP2,APOD,FN1,EGFL7,ENG,NOTCH4,COL4A1,CALCRL,GPC3,SLIT2"
Lung,STRING:Process,Regulation of multicellular organismal process,0.00057,32,"PDK4,CD4,MMP2,KLF2,APOE,GADD45G,BST2,TBX3,MYL9,ABI3BP,ACE,TNFSF12,FERMT2,APOD,ANXA6,FN1,C5AR1,HLA-DRB1,ARHGAP4,HEYL,ENG,ALOX5,ALPL,NOTCH4,AGER,EMILIN1,CALCRL,HLA-DRA,CD14,HLA-H,SLIT2,APOC1"
Lung,STRING:Process,Immune response,0.00067,21,"CD4,SLC15A3,BST2,LYZ,TNFSF12,GEM,IFITM1,C5AR1,MFNG,HLA-DRB1,S100A12,ALOX5,HLA-DMA,HLA-DRA,C1S,CD14,HLA-DMB,RARRES2,C1R,CFD,IFITM2"
Lung,STRING:Process,Positive regulation of intracellular signal transduction,0.00075,18,"CD4,SLC15A3,APOE,GADD45G,BST2,SHC2,ITGA1,FGFR4,FERMT2,APOL3,FN1,C5AR1,HLA-DRB1,S100A12,ENG,AGER,CD14,PTP4A3"
Lung,STRING:Process,Circulatory system development,0.00084,17,"MMP2,APOE,TBX3,ACE,TNFSF12,EFEMP2,APOD,FN1,EGFL7,HEYL,ENG,NOTCH4,COL4A1,EMILIN1,CALCRL,GPC3,SLIT2"
Lung,STRING:Process,Peptide antigen assembly with MHC class II protein complex,0.001,4,"HLA-DRB1,HLA-DMA,HLA-DRA,HLA-DMB"
Lung,STRING:Process,Biological process involved in interspecies interaction between organisms,0.001,22,"CD4,SLC15A3,SELPLG,APOE,BST2,LYZ,ACE,IFITM1,FN1,C5AR1,HLA-DRB1,S100A12,ALPL,GPC3,RNASE1,C1S,CD14,RARRES2,C1R,RNASE4,CFD,IFITM2"
Lung,STRING:Process,Regulation of cell migration,0.0011,17,"MMP2,APOE,BST2,FERMT3,ACE,IFITM1,FERMT2,APOD,FN1,C5AR1,MPP1,ARHGAP4,ENG,AGER,EMILIN1,RARRES2,SLIT2"
Lung,STRING:Process,Response to stress,0.0013,35,"PDK4,CD4,MMP2,SLC15A3,KLF2,APOE,BST2,TBX3,LYZ,MYL9,FERMT3,ACE,IFITM1,APOL3,APOD,ANXA6,FN1,C5AR1,HLA-DRB1,S100A12,ENG,ALOX5,NOTCH4,AGER,SRPX,RNASE1,C1S,CD14,HLA-H,RARRES2,SFTA3,C1R,RNASE4,CFD,IFITM2"
Lung,STRING:Process,Regulation of cell communication,0.0013,35,"CD4,SLC15A3,KLF2,APOE,GADD45G,BST2,NID1,SHC2,ITGA1,NRGN,ACE,FGFR4,TNFSF12,FERMT2,APOL3,APOD,FN1,C5AR1,MFNG,HLA-DRB1,S100A12,ARHGAP4,EGFL7,HEYL,ENG,ALOX5,AGER,SRPX,EMILIN1,GPC3,CD14,HLA-H,SLIT2,PTP4A3,RGS5"
Lung,STRING:Process,Regulation of signaling,0.0013,35,"CD4,SLC15A3,KLF2,APOE,GADD45G,BST2,NID1,SHC2,ITGA1,NRGN,ACE,FGFR4,TNFSF12,FERMT2,APOL3,APOD,FN1,C5AR1,MFNG,HLA-DRB1,S100A12,ARHGAP4,EGFL7,HEYL,ENG,ALOX5,AGER,SRPX,EMILIN1,GPC3,CD14,HLA-H,SLIT2,PTP4A3,RGS5"
Lung,STRING:Process,Positive regulation of cellular process,0.0014,48,"CD4,MMP2,SLC15A3,KLF2,APOE,GADD45G,BST2,TBX3,NID1,SHC2,FERMT3,ITGA1,NRGN,ABI3BP,ACE,FGFR4,TNFSF12,ABCA3,EFEMP2,VIPR1,IFITM1,FERMT2,APOL3,FN1,C5AR1,MFNG,HLA-DRB1,NES,S100A12,EGFL7,HEYL,ENG,ALOX5,HLA-DMA,NOTCH4,AGER,SRPX,EMILIN1,CALCRL,GPC3,HLA-DRA,CD14,HLA-DMB,HLA-H,RARRES2,SLIT2,PTP4A3,APOC1"
Lung,STRING:Process,Regulation of immune system process,0.0017,21,"CD4,SLC15A3,APOE,BST2,APOD,FN1,C5AR1,HLA-DRB1,MPP1,HLA-DMA,AGER,EMILIN1,HLA-DRA,C1S,CD14,HLA-DMB,HLA-H,RARRES2,SLIT2,C1R,CFD"
Lung,STRING:Process,Regulation of signal transduction,0.0018,32,"CD4,SLC15A3,KLF2,APOE,GADD45G,BST2,NID1,SHC2,ITGA1,FGFR4,TNFSF12,FERMT2,APOL3,APOD,FN1,C5AR1,MFNG,HLA-DRB1,S100A12,ARHGAP4,EGFL7,HEYL,ENG,AGER,SRPX,EMILIN1,GPC3,CD14,HLA-H,SLIT2,PTP4A3,RGS5"
Lung,STRING:Process,Positive regulation of developmental process,0.0018,20,"CD4,APOE,NID1,ABI3BP,ACE,TNFSF12,EFEMP2,IFITM1,FERMT2,FN1,C5AR1,HLA-DRB1,HEYL,ENG,ALOX5,AGER,EMILIN1,HLA-DRA,RARRES2,SLIT2"
Lung,STRING:Process,Vascular process in circulatory system,0.0021,9,"MMP2,KLF2,APOE,ITGA1,ACE,FERMT2,AGER,SLIT2,PTP4A3"
Lung,STRING:Process,Response to biotic stimulus,0.0026,20,"CD4,SLC15A3,BST2,LYZ,ACE,IFITM1,C5AR1,HLA-DRB1,S100A12,ALPL,SRPX,GPC3,RNASE1,C1S,CD14,RARRES2,C1R,RNASE4,CFD,IFITM2"
Lung,STRING:Process,Negative regulation of multicellular organismal process,0.0028,17,"MMP2,KLF2,APOE,BST2,ABI3BP,ACE,APOD,FN1,HLA-DRB1,ARHGAP4,ALOX5,AGER,EMILIN1,CALCRL,HLA-H,SLIT2,APOC1"
Lung,STRING:Process,Cellular response to chemical stimulus,0.0028,29,"PDK4,CD4,MMP2,SELPLG,KLF2,APOE,GFPT2,ITGA1,ACE,FGFR4,IFITM1,FERMT2,C5AR1,COL6A1,S100A12,HEYL,ENG,ALOX5,ALPL,AGER,COL4A1,KLF9,CALCRL,CD14,HLA-H,RARRES2,SLIT2,PTP4A3,IFITM2"
Lung,STRING:Process,Defense response,0.0029,20,"CD4,SLC15A3,BST2,LYZ,IFITM1,APOL3,FN1,C5AR1,HLA-DRB1,S100A12,ALOX5,AGER,RNASE1,C1S,CD14,RARRES2,C1R,RNASE4,CFD,IFITM2"
Lung,STRING:Process,Extracellular matrix organization,0.003,9,"MMP2,CRISPLD2,NID1,ABI3BP,EFEMP2,FBLN5,ENG,COL4A1,EMILIN1"
Lung,STRING:Process,Anatomical structure formation involved in morphogenesis,0.0031,16,"MMP2,TBX3,MYL9,ACE,TNFSF12,APOD,FN1,MFNG,COL6A1,EGFL7,HEYL,ENG,NOTCH4,COL4A1,CALCRL,SLIT2"
Lung,STRING:Process,Response to external stimulus,0.0032,27,"PDK4,CD4,MMP2,SLC15A3,APOE,BST2,LYZ,ITGA1,ACE,IFITM1,C5AR1,HLA-DRB1,S100A12,ENG,ALOX5,ALPL,GPC3,RNASE1,C1S,CD14,HLA-H,RARRES2,SLIT2,C1R,RNASE4,CFD,IFITM2"
Lung,STRING:Process,Antigen processing and presentation of peptide antigen,0.0042,5,"ACE,HLA-DRB1,HLA-DMA,HLA-DRA,HLA-DMB"
Lung,STRING:Process,Response to other organism,0.0045,19,"CD4,SLC15A3,BST2,LYZ,ACE,IFITM1,C5AR1,HLA-DRB1,S100A12,ALPL,GPC3,RNASE1,C1S,CD14,RARRES2,C1R,RNASE4,CFD,IFITM2"
Lung,STRING:Process,Regulation of ERK1 and ERK2 cascade,0.0045,9,"CD4,APOE,FGFR4,FERMT2,FN1,C5AR1,HLA-DRB1,AGER,EMILIN1"
Lung,STRING:Process,Antigen processing and presentation of exogenous peptide antigen via MHC class II,0.0048,4,"HLA-DRB1,HLA-DMA,HLA-DRA,HLA-DMB"
Lung,STRING:Process,Response to bacterium,0.0049,13,"CD4,LYZ,ACE,C5AR1,HLA-DRB1,S100A12,ALPL,GPC3,RNASE1,CD14,RARRES2,RNASE4,CFD"
Lung,STRING:Process,Positive regulation of cell differentiation,0.005,15,"CD4,NID1,ABI3BP,ACE,EFEMP2,IFITM1,FERMT2,FN1,HLA-DRB1,HEYL,ENG,AGER,HLA-DRA,RARRES2,SLIT2"
Lung,STRING:Process,Response to corticosteroid,0.0051,7,"ACE,ABCA3,FIBIN,ENG,ALPL,KLF9,SLIT2"
Lung,STRING:Process,Regulation of MAPK cascade,0.0051,13,"CD4,APOE,GADD45G,SHC2,ITGA1,FGFR4,FERMT2,FN1,C5AR1,HLA-DRB1,S100A12,AGER,EMILIN1"
Lung,STRING:Process,Cellular response to organic substance,0.0053,24,"PDK4,CD4,MMP2,SELPLG,KLF2,GFPT2,ACE,FGFR4,IFITM1,FERMT2,COL6A1,HEYL,ENG,ALPL,AGER,COL4A1,KLF9,CALCRL,CD14,HLA-H,RARRES2,SLIT2,PTP4A3,IFITM2"
Lung,STRING:Process,Positive regulation of MAPK cascade,0.0054,11,"CD4,APOE,GADD45G,SHC2,ITGA1,FGFR4,FERMT2,C5AR1,HLA-DRB1,S100A12,AGER"
Lung,STRING:Process,Cellular developmental process,0.0054,34,"CD4,MMP2,KLF2,APOE,GADD45G,TBX3,MYL9,FERMT3,ITGA1,ACE,TNFSF12,SDC2,EFEMP2,FERMT2,APOD,ANXA6,FN1,C5AR1,MFNG,HLA-DRB1,COL6A1,NES,EGFL7,HEYL,ENG,ALPL,NOTCH4,AGER,COL4A1,TAGLN,GPC3,RARRES2,SLIT2,FHL1"
Lung,STRING:Process,Circulatory system process,0.0063,11,"MMP2,KLF2,APOE,ITGA1,ACE,FERMT2,ENG,AGER,EMILIN1,SLIT2,PTP4A3"
Lung,STRING:Process,Blood circulation,0.0063,10,"MMP2,KLF2,APOE,ITGA1,ACE,FERMT2,ENG,EMILIN1,SLIT2,PTP4A3"
Lung,STRING:Process,Integrin activation,0.0065,3,"FERMT3,FERMT2,FN1"
Lung,STRING:Process,Regulation of developmental process,0.0065,27,"CD4,KLF2,APOE,TBX3,NID1,ABI3BP,ACE,TNFSF12,SDC2,EFEMP2,FMNL1,IFITM1,FERMT2,FN1,C5AR1,HLA-DRB1,ARHGAP4,HEYL,ENG,ALOX5,NOTCH4,AGER,EMILIN1,GPC3,HLA-DRA,RARRES2,SLIT2"
Lung,STRING:Process,Regulation of phosphate metabolic process,0.0075,19,"PDK4,CD4,APOE,ITGA1,ACE,FGFR4,ABCA3,FERMT2,FN1,C5AR1,HLA-DRB1,S100A12,ENG,AGER,EMILIN1,HLA-H,RARRES2,SLIT2,APOC1"
Lung,STRING:Process,Negative regulation of cell population proliferation,0.0082,13,"APOE,TBX3,ITGA1,ABI3BP,EFEMP2,IFITM1,APOD,HLA-DRB1,ENG,ALOX5,KLF9,SRPX,GPC3"
Lung,STRING:Process,Response to organic substance,0.0087,28,"PDK4,CD4,MMP2,SELPLG,KLF2,BST2,GFPT2,ACE,FGFR4,ABCA3,FIBIN,IFITM1,FERMT2,C5AR1,COL6A1,HEYL,ENG,ALPL,AGER,COL4A1,KLF9,CALCRL,CD14,HLA-H,RARRES2,SLIT2,PTP4A3,IFITM2"
Lung,STRING:Process,Positive regulation of cell-substrate adhesion,0.009,6,"NID1,ABI3BP,EFEMP2,FERMT2,FN1,EMILIN1"
Lung,STRING:Process,Elastic fiber assembly,0.0093,3,"EFEMP2,FBLN5,EMILIN1"
Lung,STRING:Process,Humoral immune response,0.01,8,"LYZ,HLA-DRB1,S100A12,ALOX5,C1S,RARRES2,C1R,CFD"
Lung,STRING:Process,Cell differentiation,0.01,33,"CD4,MMP2,KLF2,APOE,GADD45G,TBX3,MYL9,FERMT3,ITGA1,ACE,TNFSF12,SDC2,EFEMP2,FERMT2,APOD,ANXA6,FN1,C5AR1,MFNG,HLA-DRB1,COL6A1,EGFL7,HEYL,ENG,ALPL,NOTCH4,AGER,COL4A1,TAGLN,GPC3,RARRES2,SLIT2,FHL1"
Lung,STRING:Process,Regulation of biological process,0.01,74,"PDK4,CD4,MMP2,PCOLCE,SLC15A3,KLF2,APOE,GADD45G,BST2,TBX3,NID1,SHC2,MYL9,FERMT3,ITGA1,NRGN,ABI3BP,ACE,FGFR4,TNFSF12,GEM,ABCA3,SDC2,EIF4EBP3,AGR3,EFEMP2,FIBIN,VIPR1,FMNL1,IFITM1,FERMT2,APOL3,FBLN5,APOD,ANXA6,FN1,C5AR1,MFNG,SUSD2,HLA-DRB1,NES,S100A12,MPP1,ARHGAP4,EGFL7,HEYL,ENG,ALOX5,ALPL,HLA-DMA,NOTCH4,AGER,COL4A1,KLF9,SRPX,EMILIN1,CALCRL,GPC3,HLA-DRA,C1S,CD14,RRAD,HLA-DMB,HLA-H,RARRES2,SLIT2,PTP4A3,RGS5,C1R,APOC1,CFD,SAP25,IFITM2,FHL1"
Lung,STRING:Process,Biological regulation,0.01,77,"PDK4,CD4,MMP2,PCOLCE,SLC15A3,KLF2,APOE,GADD45G,BST2,NAPSA,TBX3,LYZ,NID1,SHC2,MYL9,FERMT3,ITGA1,NRGN,ABI3BP,ACE,FGFR4,TNFSF12,GEM,ABCA3,SDC2,EIF4EBP3,AGR3,EFEMP2,FIBIN,VIPR1,FMNL1,IFITM1,FERMT2,APOL3,FBLN5,APOD,ANXA6,FN1,C5AR1,MFNG,SUSD2,HLA-DRB1,NES,S100A12,MPP1,ARHGAP4,EGFL7,HEYL,ENG,ALOX5,ALPL,HLA-DMA,NOTCH4,AGER,COL4A1,KLF9,SRPX,EMILIN1,CALCRL,GPC3,HLA-DRA,SELENOM,C1S,CD14,RRAD,HLA-DMB,HLA-H,RARRES2,SLIT2,PTP4A3,RGS5,C1R,APOC1,CFD,SAP25,IFITM2,FHL1"
Lung,STRING:Process,Ameboidal-type cell migration,0.0102,7,"TNS1,TNFSF12,ANXA6,FN1,GPC3,SLIT2,PTP4A3"
Lung,STRING:Process,Cell adhesion,0.0104,15,"CD4,EPDR1,SELPLG,NID1,MYL9,FERMT3,ITGA1,FERMT2,FBLN5,FN1,COL6A1,EGFL7,ENG,SRPX,EMILIN1"
Lung,STRING:Process,Branching morphogenesis of an epithelial tube,0.0104,6,"TBX3,ENG,NOTCH4,COL4A1,GPC3,SLIT2"
Lung,STRING:Process,Cellular response to stimulus,0.0104,49,"PDK4,CD4,MMP2,SELPLG,KLF2,APOE,GFPT2,TBX3,SHC2,FERMT3,ITGA1,NRGN,ACE,FGFR4,TNFSF12,GEM,FIBIN,VIPR1,IFITM1,FERMT2,APOD,ANXA6,FN1,C5AR1,HLA-DRB1,COL6A1,S100A12,MPP1,ARHGAP4,HEYL,ENG,ALOX5,ALPL,NOTCH4,AGER,COL4A1,KLF9,SRPX,CALCRL,GPC3,CD14,RRAD,HLA-H,RARRES2,SLIT2,PTP4A3,RGS5,CFD,IFITM2"
Lung,STRING:Process,Regulation of intracellular signal transduction,0.0104,21,"CD4,SLC15A3,APOE,GADD45G,BST2,SHC2,ITGA1,FGFR4,FERMT2,APOL3,FN1,C5AR1,HLA-DRB1,S100A12,ARHGAP4,ENG,AGER,EMILIN1,CD14,SLIT2,PTP4A3"
Lung,STRING:Process,Multicellular organism development,0.0106,37,"CD4,MMP2,SELPLG,KLF2,APOE,TBX3,CRISPLD2,NID1,ITGA1,NRGN,ACE,TNFSF12,ABCA3,SDC2,EFEMP2,FERMT2,APOD,ANXA6,FN1,C5AR1,MFNG,HLA-DRB1,COL6A1,NES,ARHGAP4,EGFL7,HEYL,ENG,ALPL,NOTCH4,AGER,COL4A1,EMILIN1,CALCRL,GPC3,RARRES2,SLIT2"
Lung,STRING:Process,Response to wounding,0.0106,10,"MMP2,MYL9,FERMT3,APOD,ANXA6,FN1,ENG,NOTCH4,AGER,SFTA3"
Lung,STRING:Process,System development,0.0106,35,"CD4,MMP2,SELPLG,KLF2,APOE,TBX3,CRISPLD2,NID1,ITGA1,NRGN,ACE,TNFSF12,ABCA3,SDC2,EFEMP2,APOD,ANXA6,FN1,C5AR1,MFNG,HLA-DRB1,NES,ARHGAP4,EGFL7,HEYL,ENG,ALPL,NOTCH4,AGER,COL4A1,EMILIN1,CALCRL,GPC3,RARRES2,SLIT2"
Lung,STRING:Process,Anatomical structure development,0.0124,42,"CD4,MMP2,SELPLG,KLF2,APOE,TBX3,CRISPLD2,NID1,MYL9,FERMT3,ITGA1,NRGN,ACE,TNFSF12,ABCA3,SDC2,EFEMP2,FERMT2,APOD,ANXA6,FN1,C5AR1,MFNG,HLA-DRB1,COL6A1,NES,ARHGAP4,EGFL7,HEYL,ENG,ALPL,NOTCH4,AGER,COL4A1,EMILIN1,CALCRL,TAGLN,GPC3,SELENOM,RARRES2,SLIT2,FHL1"
Lung,STRING:Process,Defense response to other organism,0.0127,15,"CD4,SLC15A3,BST2,LYZ,IFITM1,C5AR1,S100A12,RNASE1,C1S,CD14,RARRES2,C1R,RNASE4,CFD,IFITM2"
Lung,STRING:Process,Response to endogenous stimulus,0.013,18,"PDK4,MMP2,KLF2,ACE,FGFR4,ABCA3,FIBIN,FERMT2,COL6A1,HEYL,ENG,ALPL,AGER,COL4A1,KLF9,HLA-H,RARRES2,SLIT2"
Lung,STRING:Process,Response to glucocorticoid,0.0136,6,"ACE,ABCA3,FIBIN,ALPL,KLF9,SLIT2"
Lung,STRING:Process,Negative regulation of cell migration,0.0139,8,"APOE,BST2,IFITM1,APOD,ARHGAP4,ENG,EMILIN1,SLIT2"
Lung,STRING:Process,Regulation of viral entry into host cell,0.0142,4,"CD4,IFITM1,HLA-DRB1,IFITM2"
Lung,STRING:Process,Positive regulation of ERK1 and ERK2 cascade,0.0142,7,"CD4,APOE,FGFR4,FERMT2,C5AR1,HLA-DRB1,AGER"
Lung,STRING:Process,Regulation of cell-substrate adhesion,0.0156,7,"NID1,ABI3BP,EFEMP2,FERMT2,APOD,FN1,EMILIN1"
Lung,STRING:Process,Regulation of vascular permeability,0.0172,4,"APOE,FERMT2,SLIT2,PTP4A3"
Lung,STRING:Process,Regulation of cell-cell adhesion,0.0173,10,"CD4,FERMT3,HLA-DRB1,ALOX5,HLA-DMA,NOTCH4,AGER,HLA-DRA,HLA-DMB,HLA-H"
Lung,STRING:Process,Myeloid dendritic cell antigen processing and presentation,0.0203,2,"HLA-DRB1,HLA-DRA"
Lung,STRING:Process,Antigen processing and presentation of endogenous peptide antigen via MHC class II,0.0203,2,"HLA-DRB1,HLA-DRA"
Lung,STRING:Process,Regulation of leukocyte migration,0.0209,7,"APOD,C5AR1,MPP1,AGER,EMILIN1,RARRES2,SLIT2"
Lung,STRING:Process,Regulation of granulocyte chemotaxis,0.0215,4,"C5AR1,MPP1,RARRES2,SLIT2"
Lung,STRING:Process,Negative regulation of vascular permeability,0.0217,3,"APOE,FERMT2,SLIT2"
Lung,STRING:Process,Regulation of cell differentiation,0.0231,19,"CD4,TBX3,NID1,ABI3BP,ACE,EFEMP2,IFITM1,FERMT2,FN1,HLA-DRB1,ARHGAP4,HEYL,ENG,ALOX5,NOTCH4,AGER,HLA-DRA,RARRES2,SLIT2"
Lung,STRING:Process,Positive regulation of cell population proliferation,0.0236,14,"MMP2,BST2,TBX3,FGFR4,TNFSF12,VIPR1,FERMT2,FN1,C5AR1,NES,EGFL7,AGER,CALCRL,HLA-DMB"
Lung,STRING:Process,Animal organ development,0.0248,30,"CD4,MMP2,SELPLG,KLF2,TBX3,CRISPLD2,NID1,NRGN,ACE,ABCA3,EFEMP2,APOD,ANXA6,FN1,MFNG,HLA-DRB1,NES,HEYL,ENG,ALPL,NOTCH4,COL4A1,EMILIN1,CALCRL,TAGLN,GPC3,SELENOM,RARRES2,SLIT2,FHL1"
Lung,STRING:Process,Regulation of extracellular matrix organization,0.0263,4,"NID1,FGFR4,EFEMP2,EMILIN1"
Lung,STRING:Process,Mesenchymal cell differentiation,0.0266,6,"TBX3,ANXA6,FN1,HEYL,ENG,NOTCH4"
Lung,STRING:Process,Regulation of immune response,0.0272,13,"CD4,SLC15A3,APOE,C5AR1,HLA-DRB1,AGER,HLA-DRA,C1S,CD14,HLA-DMB,HLA-H,C1R,CFD"
Lung,STRING:Process,Multicellular organismal process,0.0296,48,"CD4,MMP2,SELPLG,KLF2,APOE,NAPSA,TBX3,LYZ,CRISPLD2,NID1,MYL9,FERMT3,ITGA1,NRGN,ACE,TNFSF12,ABCA3,SDC2,EFEMP2,IFITM1,FERMT2,APOD,ANXA6,FN1,C5AR1,MFNG,HLA-DRB1,COL6A1,NES,ARHGAP4,EGFL7,HEYL,ENG,ALOX5,ALPL,NOTCH4,AGER,COL4A1,EMILIN1,CALCRL,GPC3,HLA-DRA,SELENOM,HLA-H,RARRES2,SLIT2,PTP4A3,APOC1"
Lung,STRING:Process,Very-low-density lipoprotein particle clearance,0.0296,2,"APOE,APOC1"
Lung,STRING:Process,Response to interferon-alpha,0.0296,3,"BST2,IFITM1,IFITM2"
Lung,STRING:Process,Cellular response to endogenous stimulus,0.0312,15,"PDK4,MMP2,KLF2,ACE,FGFR4,FERMT2,COL6A1,HEYL,ENG,AGER,COL4A1,KLF9,HLA-H,RARRES2,SLIT2"
Lung,STRING:Process,Endocardial cushion formation,0.0318,3,"TBX3,HEYL,ENG"
Lung,STRING:Process,Positive regulation of multicellular organismal process,0.0327,18,"CD4,APOE,GADD45G,ABI3BP,ACE,TNFSF12,FERMT2,FN1,C5AR1,HLA-DRB1,ENG,ALOX5,ALPL,AGER,EMILIN1,HLA-DRA,CD14,SLIT2"
Lung,STRING:Process,Inflammatory response,0.0341,10,"LYZ,APOL3,FN1,C5AR1,HLA-DRB1,S100A12,ALOX5,AGER,CD14,RARRES2"
Lung,STRING:Process,Response to chemical,0.0363,34,"PDK4,CD4,MMP2,SELPLG,KLF2,APOE,BST2,GFPT2,ITGA1,ACE,FGFR4,ABCA3,FIBIN,IFITM1,FERMT2,APOD,C5AR1,COL6A1,S100A12,HEYL,ENG,ALOX5,ALPL,AGER,COL4A1,KLF9,CALCRL,SELENOM,CD14,HLA-H,RARRES2,SLIT2,PTP4A3,IFITM2"
Lung,STRING:Process,Regulation of multicellular organismal development,0.0373,17,"CD4,KLF2,TBX3,ACE,TNFSF12,FN1,C5AR1,HLA-DRB1,ARHGAP4,HEYL,ENG,ALOX5,NOTCH4,AGER,EMILIN1,HLA-DRA,SLIT2"
Lung,STRING:Process,Heart development,0.0385,10,"MMP2,TBX3,ACE,FN1,HEYL,ENG,EMILIN1,CALCRL,GPC3,SLIT2"
Lung,STRING:Process,Positive regulation of phospholipid efflux,0.0399,2,"APOE,ABCA3"
Lung,STRING:Process,Atrioventricular canal morphogenesis,0.0399,2,"TBX3,ENG"
Lung,STRING:Process,Regulation of smooth muscle cell-matrix adhesion,0.0399,2,"EFEMP2,APOD"
Lung,STRING:Process,Developmental process,0.0409,43,"CD4,MMP2,SELPLG,KLF2,APOE,GADD45G,TBX3,CRISPLD2,NID1,MYL9,FERMT3,ITGA1,NRGN,ACE,TNFSF12,ABCA3,SDC2,EFEMP2,FERMT2,APOD,ANXA6,FN1,C5AR1,MFNG,HLA-DRB1,COL6A1,NES,ARHGAP4,EGFL7,HEYL,ENG,ALPL,NOTCH4,AGER,COL4A1,EMILIN1,CALCRL,TAGLN,GPC3,SELENOM,RARRES2,SLIT2,FHL1"
Lung,STRING:Process,Negative regulation of gene expression,0.0427,13,"KLF2,APOE,BST2,ACE,EIF4EBP3,APOD,FN1,HLA-DRB1,HEYL,ENG,AGER,EMILIN1,HLA-H"
Lung,STRING:Process,Cardiac epithelial to mesenchymal transition,0.0443,3,"TBX3,HEYL,ENG"
Lung,STRING:Process,Regulation of mononuclear cell migration,0.0443,5,"APOD,C5AR1,AGER,RARRES2,SLIT2"
Lung,STRING:Process,Positive regulation of leukocyte cell-cell adhesion,0.0443,7,"CD4,HLA-DRB1,ALOX5,HLA-DMA,AGER,HLA-DRA,HLA-DMB"
Lung,STRING:Process,Negative regulation of viral life cycle,0.0443,3,"BST2,IFITM1,IFITM2"
Lung,STRING:Process,Regulation of epithelial cell proliferation,0.0457,8,"APOE,TNFSF12,C5AR1,EGFL7,ENG,ALOX5,KLF9,GPC3"
Lung,STRING:Process,Cardiac septum morphogenesis,0.047,4,"TBX3,HEYL,ENG,SLIT2"
Lung,STRING:Process,Regulation of leukocyte cell-cell adhesion,0.047,8,"CD4,HLA-DRB1,ALOX5,HLA-DMA,AGER,HLA-DRA,HLA-DMB,HLA-H"
Lung,STRING:Component,Extracellular region,5.47e-09,51,"EPDR1,MMP2,PCOLCE,APOE,BST2,NAPSA,LYZ,CRISPLD2,NID1,FERMT3,ITGA1,ABI3BP,ACE,FGFR4,TNFSF12,ABCA3,EFEMP2,FIBIN,C16orf89,FMNL1,APOL3,FBLN5,APOD,ANXA6,FN1,MFNG,SUSD2,HLA-DRB1,COL6A1,S100A12,EGFL7,ENG,ALOX5,ALPL,NOTCH4,AGER,COL4A1,MAMDC2,EMILIN1,HLA-DRA,RNASE1,C1S,CD14,HLA-H,RARRES2,SLIT2,SFTA3,C1R,RNASE4,APOC1,CFD"
Lung,STRING:Component,Extracellular space,8.92e-09,44,"MMP2,PCOLCE,APOE,BST2,NAPSA,LYZ,CRISPLD2,NID1,FERMT3,ITGA1,ABI3BP,ACE,TNFSF12,ABCA3,EFEMP2,C16orf89,FMNL1,FBLN5,APOD,ANXA6,FN1,MFNG,SUSD2,HLA-DRB1,COL6A1,S100A12,EGFL7,ENG,ALOX5,ALPL,COL4A1,EMILIN1,HLA-DRA,RNASE1,C1S,CD14,HLA-H,RARRES2,SLIT2,SFTA3,C1R,RNASE4,APOC1,CFD"
Lung,STRING:Component,Extracellular matrix,9.75e-08,18,"MMP2,APOE,CRISPLD2,NID1,ABI3BP,SDC2,EFEMP2,FBLN5,ANXA6,FN1,COL6A1,EGFL7,ALPL,COL4A1,SRPX,EMILIN1,GPC3,RARRES2"
Lung,STRING:Component,Collagen-containing extracellular matrix,9.75e-08,16,"MMP2,APOE,NID1,ABI3BP,SDC2,EFEMP2,FBLN5,ANXA6,FN1,COL6A1,EGFL7,COL4A1,SRPX,EMILIN1,GPC3,RARRES2"
Lung,STRING:Component,Vesicle,2.02e-06,44,"CD4,PCOLCE,SLC15A3,APOE,BST2,NAPSA,LYZ,CRISPLD2,NID1,FERMT3,ITGA1,NRGN,ACE,FGFR4,ABCA3,EFEMP2,C16orf89,FMNL1,FBLN5,APOD,ANXA6,FN1,C5AR1,SUSD2,HLA-DRB1,COL6A1,S100A12,ALOX5,ALPL,HLA-DMA,EMILIN1,CALCRL,HLA-DRA,RNASE1,CD14,HLA-DMB,HLA-H,RARRES2,SLIT2,SFTA3,PTP4A3,C1R,CFD,IFITM2"
Lung,STRING:Component,Cell periphery,2.02e-06,56,"CD4,MMP2,SELPLG,APOE,BST2,CRISPLD2,NID1,SHC2,MYL9,ITGA1,NRGN,ABI3BP,ACE,FGFR4,TNFSF12,GEM,ABCA3,SDC2,EFEMP2,VIPR1,FMNL1,IFITM1,FERMT2,FBLN5,ANXA6,FN1,C5AR1,SUSD2,HLA-DRB1,COL6A1,S100A12,MPP1,EGFL7,ENG,ALPL,HLA-DMA,NOTCH4,AGER,COL4A1,KLF9,SRPX,EMILIN1,CALCRL,GPC3,HLA-DRA,CD14,RRAD,HLA-DMB,HLA-H,RARRES2,PTP4A3,RGS5,EMP3,IFITM2,MYO1F,FHL1"
Lung,STRING:Component,Lysosome,4.35e-06,18,"EPDR1,SLC15A3,BST2,NAPSA,LYZ,ACE,ABCA3,SDC2,IFITM1,ANXA6,HLA-DRB1,COL6A1,HLA-DMA,CALCRL,GPC3,HLA-DRA,HLA-DMB,IFITM2"
Lung,STRING:Component,Vacuole,4.35e-06,19,"EPDR1,SLC15A3,BST2,NAPSA,LYZ,ACE,ABCA3,SDC2,IFITM1,ANXA6,HLA-DRB1,COL6A1,HLA-DMA,SRPX,CALCRL,GPC3,HLA-DRA,HLA-DMB,IFITM2"
Lung,STRING:Component,Cell surface,8.66e-06,19,"CD4,TNS1,BST2,ITGA1,ACE,SDC2,FERMT2,HLA-DRB1,EGFL7,ENG,HLA-DMA,NOTCH4,AGER,SRPX,GPC3,HLA-DRA,CD14,HLA-H,SLIT2"
Lung,STRING:Component,Cytoplasmic vesicle,4.61e-05,31,"CD4,SLC15A3,APOE,BST2,NAPSA,LYZ,CRISPLD2,FERMT3,ITGA1,NRGN,ACE,FGFR4,ABCA3,FMNL1,ANXA6,FN1,C5AR1,HLA-DRB1,S100A12,ALOX5,HLA-DMA,CALCRL,HLA-DRA,CD14,HLA-DMB,HLA-H,RARRES2,SFTA3,PTP4A3,CFD,IFITM2"
Lung,STRING:Component,Extracellular exosome,4.85e-05,28,"PCOLCE,APOE,BST2,NAPSA,LYZ,CRISPLD2,NID1,FERMT3,ITGA1,ACE,EFEMP2,C16orf89,FMNL1,FBLN5,APOD,ANXA6,FN1,SUSD2,HLA-DRB1,COL6A1,ALPL,EMILIN1,HLA-DRA,RNASE1,CD14,SLIT2,C1R,CFD"
Lung,STRING:Component,Endomembrane system,0.00014,44,"CD4,SLC15A3,APOE,BST2,NAPSA,LYZ,CRISPLD2,FERMT3,ITGA1,NRGN,ACE,FGFR4,ABCA3,SDC2,AGR3,FIBIN,APOD,ANXA6,FN1,C5AR1,MFNG,HLA-DRB1,COL6A1,S100A12,ARHGAP4,ALOX5,HLA-DMA,NOTCH4,COL4A1,MAMDC2,SRPX,CALCRL,GPC3,HLA-DRA,SELENOM,CD14,HLA-DMB,HLA-H,RARRES2,SFTA3,PTP4A3,APOC1,CFD,IFITM2"
Lung,STRING:Component,Endosome,0.0002,18,"CD4,SLC15A3,APOE,BST2,NAPSA,ACE,FGFR4,ABCA3,ANXA6,HLA-DRB1,HLA-DMA,CALCRL,HLA-DRA,CD14,HLA-DMB,HLA-H,PTP4A3,IFITM2"
Lung,STRING:Component,MHC class II protein complex,0.00027,4,"HLA-DRB1,HLA-DMA,HLA-DRA,HLA-DMB"
Lung,STRING:Component,Lysosomal membrane,0.00057,11,"SLC15A3,BST2,ABCA3,IFITM1,ANXA6,HLA-DRB1,COL6A1,HLA-DMA,HLA-DRA,HLA-DMB,IFITM2"
Lung,STRING:Component,Late endosome,0.001,9,"BST2,NAPSA,ABCA3,ANXA6,HLA-DRB1,HLA-DMA,HLA-DRA,HLA-DMB,IFITM2"
Lung,STRING:Component,Late endosome membrane,0.0011,7,"ABCA3,ANXA6,HLA-DRB1,HLA-DMA,HLA-DRA,HLA-DMB,IFITM2"
Lung,STRING:Component,Plasma membrane,0.0013,46,"CD4,MMP2,SELPLG,APOE,BST2,NID1,SHC2,ITGA1,NRGN,ACE,FGFR4,TNFSF12,GEM,ABCA3,SDC2,VIPR1,FMNL1,IFITM1,FERMT2,FN1,C5AR1,SUSD2,HLA-DRB1,COL6A1,S100A12,MPP1,ENG,ALPL,HLA-DMA,NOTCH4,AGER,KLF9,EMILIN1,CALCRL,GPC3,HLA-DRA,CD14,RRAD,HLA-DMB,HLA-H,PTP4A3,RGS5,EMP3,IFITM2,MYO1F,FHL1"
Lung,STRING:Component,Secretory granule,0.0013,15,"BST2,NAPSA,LYZ,CRISPLD2,FERMT3,ITGA1,ABCA3,FN1,C5AR1,S100A12,ALOX5,CD14,RARRES2,SFTA3,CFD"
Lung,STRING:Component,Clathrin-coated endocytic vesicle,0.0052,5,"CD4,APOE,HLA-DRB1,HLA-DRA,SFTA3"
Lung,STRING:Component,Lamellar body,0.0076,3,"NAPSA,ABCA3,SFTA3"
Lung,STRING:Component,Endoplasmic reticulum lumen,0.0091,8,"CD4,APOE,SDC2,FN1,COL6A1,COL4A1,GPC3,SELENOM"
Lung,STRING:Component,Secretory granule lumen,0.0107,8,"LYZ,CRISPLD2,FERMT3,FN1,S100A12,ALOX5,RARRES2,CFD"
Lung,STRING:Component,Receptor complex,0.0112,9,"CD4,ITGA1,FGFR4,VIPR1,ENG,EMILIN1,CALCRL,CD14,HLA-H"
Lung,STRING:Component,Cytoplasm,0.0128,74,"PDK4,CD4,TNS1,EPDR1,MMP2,SLC15A3,APOE,GADD45G,BST2,NAPSA,GFPT2,CYP27A1,LYZ,CRISPLD2,SHC2,MYL9,FERMT3,ITGA1,NRGN,ACE,FGFR4,TNFSF12,ABCA3,SDC2,EIF4EBP3,AGR3,FIBIN,C16orf89,FMNL1,IFITM1,FERMT2,APOL3,APOD,ANXA6,FN1,C5AR1,MFNG,HLA-DRB1,COL6A1,NES,S100A12,MPP1,ARHGAP4,HEYL,ALOX5,ALPL,HLA-DMA,NOTCH4,COL4A1,KLF9,MAMDC2,SRPX,CALCRL,TAGLN,GPC3,HLA-DRA,SELENOM,CD14,PGGHG,RRAD,HLA-DMB,HLA-H,RARRES2,SLIT2,SFTA3,PTP4A3,RGS5,APOC1,CFD,SAP25,IFITM2,MYO1F,MYO15B,FHL1"
Lung,STRING:Component,Blood microparticle,0.0162,5,"APOE,FN1,ENG,C1S,C1R"
Lung,STRING:Component,Clathrin-coated endocytic vesicle membrane,0.0223,4,"CD4,APOE,HLA-DRB1,HLA-DRA"
Lung,STRING:Component,Complement component C1 complex,0.0236,2,"C1S,C1R"
Lung,STRING:Component,Clathrin-coated vesicle membrane,0.0236,5,"CD4,APOE,NRGN,HLA-DRB1,HLA-DRA"
Lung,STRING:Component,Clathrin-coated vesicle,0.0288,6,"CD4,APOE,NRGN,HLA-DRB1,HLA-DRA,SFTA3"
Lung,STRING:Component,Side of membrane,0.0347,10,"CD4,ITGA1,ACE,GEM,FERMT2,HLA-DRB1,ENG,HLA-DRA,CD14,HLA-H"
Lung,STRING:Component,Alveolar lamellar body,0.0366,2,"NAPSA,ABCA3"
Lung,STRING:Component,Cellular anatomical entity,0.0439,94,"PDK4,CD4,TNS1,EPDR1,MMP2,PCOLCE,SLC15A3,SELPLG,KLF2,APOE,GADD45G,BST2,NAPSA,GFPT2,TBX3,CYP27A1,LYZ,CRISPLD2,NID1,SHC2,MYL9,FERMT3,ITGA1,NRGN,ABI3BP,ACE,FGFR4,TNFSF12,GEM,ABCA3,SDC2,EIF4EBP3,AGR3,EFEMP2,FIBIN,C16orf89,VIPR1,FMNL1,IFITM1,FERMT2,APOL3,FBLN5,APOD,ANXA6,FN1,C5AR1,MFNG,SUSD2,HLA-DRB1,COL6A1,NES,S100A12,MPP1,ARHGAP4,EGFL7,HEYL,ENG,ALOX5,ALPL,HLA-DMA,NOTCH4,AGER,COL4A1,KLF9,MAMDC2,SRPX,EMILIN1,CALCRL,TAGLN,GPC3,HLA-DRA,RNASE1,SELENOM,C1S,CD14,PGGHG,RRAD,HLA-DMB,HLA-H,RARRES2,SLIT2,SFTA3,PTP4A3,RGS5,C1R,RNASE4,APOC1,CFD,EMP3,SAP25,IFITM2,MYO1F,MYO15B,FHL1"
Lung,STRING:KEGG,Staphylococcus aureus infection,5.12e-06,8,"SELPLG,C5AR1,HLA-DMA,HLA-DRA,C1S,HLA-DMB,C1R,CFD"
Lung,STRING:KEGG,Hematopoietic cell lineage,0.0011,6,"CD4,ITGA1,HLA-DMA,HLA-DRA,CD14,HLA-DMB"
Lung,STRING:KEGG,Cell adhesion molecules,0.0072,6,"CD4,SELPLG,SDC2,HLA-DMA,HLA-DRA,HLA-DMB"
Lung,STRING:KEGG,Systemic lupus erythematosus,0.0092,5,"HLA-DMA,HLA-DRA,C1S,HLA-DMB,C1R"
Lung,STRING:KEGG,Antigen processing and presentation,0.0207,4,"CD4,HLA-DMA,HLA-DRA,HLA-DMB"
Lung,STRING:KEGG,Focal adhesion,0.0215,6,"SHC2,MYL9,ITGA1,FN1,COL6A1,COL4A1"
Lung,STRING:KEGG,Asthma,0.0215,3,"HLA-DMA,HLA-DRA,HLA-DMB"
Lung,STRING:KEGG,Phagosome,0.0278,5,"HLA-DMA,HLA-DRA,CD14,HLA-DMB,C1R"
Lung,STRING:KEGG,ECM-receptor interaction,0.0278,4,"ITGA1,FN1,COL6A1,COL4A1"
Lung,STRING:KEGG,Complement and coagulation cascades,0.0278,4,"C5AR1,C1S,C1R,CFD"
Lung,STRING:KEGG,Th1 and Th2 cell differentiation,0.0278,4,"CD4,HLA-DMA,HLA-DRA,HLA-DMB"
Lung,STRING:KEGG,Th17 cell differentiation,0.0278,4,"CD4,HLA-DMA,HLA-DRA,HLA-DMB"
Lung,STRING:KEGG,Intestinal immune network for IgA production,0.0278,3,"HLA-DMA,HLA-DRA,HLA-DMB"
Lung,STRING:KEGG,AGE-RAGE signaling pathway in diabetic complications,0.0278,4,"MMP2,FN1,AGER,COL4A1"
Lung,STRING:KEGG,Type I diabetes mellitus,0.0278,3,"HLA-DMA,HLA-DRA,HLA-DMB"
Lung,STRING:KEGG,Human papillomavirus infection,0.0278,7,"ITGA1,FN1,MFNG,COL6A1,HEYL,NOTCH4,COL4A1"
Lung,STRING:KEGG,Allograft rejection,0.0278,3,"HLA-DMA,HLA-DRA,HLA-DMB"
Lung,STRING:KEGG,Graft-versus-host disease,0.0278,3,"HLA-DMA,HLA-DRA,HLA-DMB"
Lung,STRING:KEGG,Toxoplasmosis,0.03,4,"ALOX5,HLA-DMA,HLA-DRA,HLA-DMB"
Lung,STRING:KEGG,Cholesterol metabolism,0.0308,3,"APOE,CYP27A1,APOC1"
Lung,STRING:KEGG,Autoimmune thyroid disease,0.0308,3,"HLA-DMA,HLA-DRA,HLA-DMB"
Lung,STRING:KEGG,Notch signaling pathway,0.0348,3,"MFNG,HEYL,NOTCH4"
Lung,STRING:KEGG,Viral myocarditis,0.0387,3,"HLA-DMA,HLA-DRA,HLA-DMB"
Lung,STRING:KEGG,Inflammatory bowel disease,0.0448,3,"HLA-DMA,HLA-DRA,HLA-DMB"
Lung,Enrichr:PanglaoDB,Pancreatic Stellate Cells,1.212967767900515e-15,15,"SRPX,TAGLN,C1S,C1R,MMP2,FN1,PCOLCE,GEM,RGS5,EFEMP2,COL4A1,COL6A1,FIBIN,EMILIN1,MYL9"
Lung,Enrichr:PanglaoDB,Fibroblasts,1.263761395626676e-13,17,"TAGLN,C1S,C1R,RARRES2,MMP2,FN1,FBLN5,KLF2,EFEMP2,COL4A1,ABI3BP,COL6A1,KLF9,FIBIN,EMILIN1,MYL9,TNS1"
Lung,Enrichr:PanglaoDB,Pericytes,1.5298496048912585e-12,14,"IFITM1,TAGLN,C1S,C1R,RARRES2,MMP2,RGS5,HEYL,EFEMP2,COL4A1,COL6A1,FIBIN,ALPL,TNS1"
Lung,Enrichr:PanglaoDB,Stromal Cells,1.5298496048912585e-12,13,"TAGLN,C1S,C1R,MMP2,FBLN5,EFEMP2,COL4A1,ABI3BP,COL6A1,FIBIN,EMILIN1,MYL9,TNS1"
Lung,Enrichr:PanglaoDB,Airway Smooth Muscle Cells,2.06082323318478e-12,12,"SRPX,EFEMP2,TAGLN,COL4A1,MMP2,COL6A1,FIBIN,PCOLCE,EMILIN1,NID1,MYL9,FBLN5"
Lung,Enrichr:PanglaoDB,Hepatic Stellate Cells,2.3182274054052747e-12,13,"SRPX,TAGLN,C1S,C1R,MMP2,FN1,RGS5,EFEMP2,COL4A1,COL6A1,FIBIN,EMILIN1,MYL9"
Lung,Enrichr:PanglaoDB,Mesangial Cells,8.819741543919055e-12,13,"TAGLN,C1S,C1R,MMP2,FN1,EFEMP2,COL4A1,ABI3BP,COL6A1,FIBIN,EMILIN1,MYL9,TNS1"
Lung,Enrichr:PanglaoDB,Pulmonary Vascular Smooth Muscle Cells,3.192871389637061e-11,11,"EFEMP2,TAGLN,C1S,COL4A1,C1R,MMP2,FIBIN,PCOLCE,EMILIN1,MYL9,TNS1"
