tool,kind,where_used,counts_for_gate,note
NumPy,library,src/vorganoid; src/geo_fidelity.py; paper/build_paper.py,True,
SciPy,library,src/geo_fidelity.py (spearmanr); paper/build_paper.py,True,
pandas,library,src/geo_fidelity.py; paper/build_paper.py,True,
scikit-image,library,src/vorganoid (instance post-processing; watershed/labels),True,
PyTorch,library,train_seg.py; tune_seg.py (U-Net CNN),True,
Pillow,library,train_seg.py image loading,False,infrastructure (excluded per program convention 25 Sep 01:18)
python-docx,library,paper/paperkit.py,False,infrastructure (excluded per program convention 25 Sep 01:18)
pytest,test framework,tests/ (hermetic suite),False,infrastructure (excluded per program convention 25 Sep 01:18)
LibreOffice (soffice headless),application,paper docx -> pdf render,False,infrastructure (excluded per program convention 25 Sep 01:18)
poppler pdfinfo,application,page count of rendered paper,False,infrastructure (excluded per program convention 25 Sep 01:18)
Git + GitHub,service,repo hosting and pushes,False,infrastructure (excluded per program convention 25 Sep 01:18)
NCBI E-utilities (esearch/esummary),web API,src/geo_candidates.py,True,
NCBI GEO FTP/HTTPS supplementary files,data service,src/geo_fidelity.py,True,
GTEx v8 gene median TPM (GTEx portal bucket),reference data service,data/ref/gtex_v8_median_tpm.gct.gz; src/geo_fidelity.py,True,
MSigDB Hallmark gene sets v2023.2 (Broad GSEA-MSigDB),gene-set resource,data/ref/h.all.v2023.2.Hs.symbols.gmt; src/geo_fidelity_methods.py (culture-confound test),True,
matplotlib,library,"src/fig_geo_fidelity.py; paper figures (fig_size_attenuation.png, fig_geo_fidelity.png)",True,
Human Protein Atlas single-cell type API,database/web API,data/ref/hpa_single_cell_type_v_api.tsv.gz; src/geo_fidelity_methods.py (purity gene sets),True,
statsmodels,library,src/geo_mcnemar.py (exact McNemar tests),True,
"g:Profiler g:GOSt API (GO, Reactome, KEGG)",web API/database,src/geo_attractor_genes.py (enrichment of attractor-driving genes),True,
HGNC complete set (locus groups),database,data/ref/hgnc_locus_groups.csv.gz; src/geo_fidelity_methods.py (protein-coding robustness),True,
GEOparse,library,src/geo_sample_meta.py,True,GSM-level metadata audit of 114 series
Enrichr (Hallmark/CellMarker/PanglaoDB libraries),service,src/attractor_enrichr_reactome.py,True,cell identity and hallmark annotation of attractor genes
Reactome AnalysisService,service,src/attractor_enrichr_reactome.py,True,pathway over-representation of attractor genes
STRING functional enrichment API (string-db.org),service,src/strict_organ_deficits.py,True,GO/KEGG enrichment of organoid deficit genes
UniProt REST (UniProtKB reviewed human),database,src/strict_deficit_uniprot.py,True,signal peptide / secreted annotation of deficit genes
EBI BioStudies / ArrayExpress API + FTP,database,src/ae_scan.py; src/ae_replication.py,True,out-of-sample organoid expression datasets for pre-registered test
GSEApy prerank (v1.3.1),library,src/strict_gsea.py,True,Hallmark GSEA of organoid deficit rankings
Open Targets Platform GraphQL API (v26.9),database/service,src/deficit_opentargets.py,True,top-500 disease-associated targets for 5 MONDO organ disorders; pre-registered test a73bd26
decoupler 2.1.4 (ulm),library,src/deficit_decoupler.py,True,TF and pathway activity inference on deficit vectors; pre-registered a72ccc4
OmniPath (CollecTRI TF regulons + PROGENy pathway footprints),database/service,src/deficit_decoupler.py,True,regulon/footprint resources fetched via decoupler.op
EBI Expression Atlas (baseline experiments FTP),database/service,src/deficit_bodymap.py,True,E-MTAB-513 Illumina Body Map TPMs as independent tissue reference; pre-registered 3d898d6
ClinPGx / PharmGKB gene download (release 2026-09-05),database/service,src/deficit_clinpgx.py,True,"CPIC-guideline pharmacogenes; pre-registered afcb277 (VIP flag defective, deviation documented)"
gnomAD v2.1.1 gene-level pLoF constraint,reference database,src/deficit_gnomad.py; results/deficit_gnomad.json,True,LOEUF comparison of organoid deficits; pre-registered 58a422c
Ensembl REST lookup/id,web API,src/deficit_ensembl_biotype.py; results/deficit_ensembl_biotype.json,True,biotype composition of top-100 organoid deficits; pre-registered 8ea5c50
EBI Ontology Lookup Service 4 (OLS4),ontology web API,src/ols_anatomy_audit.py; results/ols_anatomy.json,True,pre-registered anatomy and cell-type label audit fecf4f7; annotation not molecular evidence
